This is XeTeX, Version 3.141592653-2.6-0.999997 (TeX Live 2025) (preloaded format=xelatex 2025.3.8)  6 JUN 2026 15:25
entering extended mode
 restricted \write18 enabled.
 %&-line parsing enabled.
**temp/student_manual.tex
(./temp/student_manual.tex
LaTeX2e <2024-11-01> patch level 2
L3 programming layer <2025-01-18>
(/usr/local/texlive/2025/texmf-dist/tex/latex/base/article.cls
Document Class: article 2024/06/29 v1.4n Standard LaTeX document class
(/usr/local/texlive/2025/texmf-dist/tex/latex/base/size11.clo
File: size11.clo 2024/06/29 v1.4n Standard LaTeX file (size option)
)
\c@part=\count192
\c@section=\count193
\c@subsection=\count194
\c@subsubsection=\count195
\c@paragraph=\count196
\c@subparagraph=\count197
\c@figure=\count198
\c@table=\count199
\abovecaptionskip=\skip49
\belowcaptionskip=\skip50
\bibindent=\dimen141
)
(/usr/local/texlive/2025/texmf-dist/tex/latex/geometry/geometry.sty
Package: geometry 2020/01/02 v5.9 Page Geometry

(/usr/local/texlive/2025/texmf-dist/tex/latex/graphics/keyval.sty
Package: keyval 2022/05/29 v1.15 key=value parser (DPC)
\KV@toks@=\toks17
)
(/usr/local/texlive/2025/texmf-dist/tex/generic/iftex/ifvtex.sty
Package: ifvtex 2019/10/25 v1.7 ifvtex legacy package. Use iftex instead.

(/usr/local/texlive/2025/texmf-dist/tex/generic/iftex/iftex.sty
Package: iftex 2024/12/12 v1.0g TeX engine tests
))
\Gm@cnth=\count266
\Gm@cntv=\count267
\c@Gm@tempcnt=\count268
\Gm@bindingoffset=\dimen142
\Gm@wd@mp=\dimen143
\Gm@odd@mp=\dimen144
\Gm@even@mp=\dimen145
\Gm@layoutwidth=\dimen146
\Gm@layoutheight=\dimen147
\Gm@layouthoffset=\dimen148
\Gm@layoutvoffset=\dimen149
\Gm@dimlist=\toks18
)
(/usr/local/texlive/2025/texmf-dist/tex/latex/fontspec/fontspec.sty
(/usr/local/texlive/2025/texmf-dist/tex/latex/l3packages/xparse/xparse.sty
(/usr/local/texlive/2025/texmf-dist/tex/latex/l3kernel/expl3.sty
Package: expl3 2025-01-18 L3 programming layer (loader) 

(/usr/local/texlive/2025/texmf-dist/tex/latex/l3backend/l3backend-xetex.def
File: l3backend-xetex.def 2024-05-08 L3 backend support: XeTeX
\g__graphics_track_int=\count269
\l__pdf_internal_box=\box52
\g__pdf_backend_annotation_int=\count270
\g__pdf_backend_link_int=\count271
))
Package: xparse 2024-08-16 L3 Experimental document command parser
)
Package: fontspec 2024/05/11 v2.9e Font selection for XeLaTeX and LuaLaTeX

(/usr/local/texlive/2025/texmf-dist/tex/latex/fontspec/fontspec-xetex.sty
Package: fontspec-xetex 2024/05/11 v2.9e Font selection for XeLaTeX and LuaLaTe
X
\l__fontspec_script_int=\count272
\l__fontspec_language_int=\count273
\l__fontspec_strnum_int=\count274
\l__fontspec_tmp_int=\count275
\l__fontspec_tmpa_int=\count276
\l__fontspec_tmpb_int=\count277
\l__fontspec_tmpc_int=\count278
\l__fontspec_em_int=\count279
\l__fontspec_emdef_int=\count280
\l__fontspec_strong_int=\count281
\l__fontspec_strongdef_int=\count282
\l__fontspec_tmpa_dim=\dimen150
\l__fontspec_tmpb_dim=\dimen151
\l__fontspec_tmpc_dim=\dimen152

(/usr/local/texlive/2025/texmf-dist/tex/latex/base/fontenc.sty
Package: fontenc 2021/04/29 v2.0v Standard LaTeX package
)
(/usr/local/texlive/2025/texmf-dist/tex/latex/fontspec/fontspec.cfg)))
(./manual_template.tex
(/usr/local/texlive/2025/texmf-dist/tex/latex/tcolorbox/tcolorbox.sty
Package: tcolorbox 2024/10/22 version 6.4.1 text color boxes

(/usr/local/texlive/2025/texmf-dist/tex/latex/pgf/frontendlayer/tikz.sty
(/usr/local/texlive/2025/texmf-dist/tex/latex/pgf/basiclayer/pgf.sty
(/usr/local/texlive/2025/texmf-dist/tex/latex/pgf/utilities/pgfrcs.sty
(/usr/local/texlive/2025/texmf-dist/tex/generic/pgf/utilities/pgfutil-common.te
x
\pgfutil@everybye=\toks19
\pgfutil@tempdima=\dimen153
\pgfutil@tempdimb=\dimen154
)
(/usr/local/texlive/2025/texmf-dist/tex/generic/pgf/utilities/pgfutil-latex.def
\pgfutil@abb=\box53
) (/usr/local/texlive/2025/texmf-dist/tex/generic/pgf/utilities/pgfrcs.code.tex
(/usr/local/texlive/2025/texmf-dist/tex/generic/pgf/pgf.revision.tex)
Package: pgfrcs 2023-01-15 v3.1.10 (3.1.10)
))
Package: pgf 2023-01-15 v3.1.10 (3.1.10)

(/usr/local/texlive/2025/texmf-dist/tex/latex/pgf/basiclayer/pgfcore.sty
(/usr/local/texlive/2025/texmf-dist/tex/latex/graphics/graphicx.sty
Package: graphicx 2021/09/16 v1.2d Enhanced LaTeX Graphics (DPC,SPQR)

(/usr/local/texlive/2025/texmf-dist/tex/latex/graphics/graphics.sty
Package: graphics 2024/08/06 v1.4g Standard LaTeX Graphics (DPC,SPQR)

(/usr/local/texlive/2025/texmf-dist/tex/latex/graphics/trig.sty
Package: trig 2023/12/02 v1.11 sin cos tan (DPC)
)
(/usr/local/texlive/2025/texmf-dist/tex/latex/graphics-cfg/graphics.cfg
File: graphics.cfg 2016/06/04 v1.11 sample graphics configuration
)
Package graphics Info: Driver file: xetex.def on input line 106.

(/usr/local/texlive/2025/texmf-dist/tex/latex/graphics-def/xetex.def
File: xetex.def 2022/09/22 v5.0n Graphics/color driver for xetex
))
\Gin@req@height=\dimen155
\Gin@req@width=\dimen156
)
(/usr/local/texlive/2025/texmf-dist/tex/latex/pgf/systemlayer/pgfsys.sty
(/usr/local/texlive/2025/texmf-dist/tex/generic/pgf/systemlayer/pgfsys.code.tex
Package: pgfsys 2023-01-15 v3.1.10 (3.1.10)
(/usr/local/texlive/2025/texmf-dist/tex/generic/pgf/utilities/pgfkeys.code.tex
\pgfkeys@pathtoks=\toks20
\pgfkeys@temptoks=\toks21

(/usr/local/texlive/2025/texmf-dist/tex/generic/pgf/utilities/pgfkeyslibraryfil
tered.code.tex
\pgfkeys@tmptoks=\toks22
))
\pgf@x=\dimen157
\pgf@y=\dimen158
\pgf@xa=\dimen159
\pgf@ya=\dimen160
\pgf@xb=\dimen161
\pgf@yb=\dimen162
\pgf@xc=\dimen163
\pgf@yc=\dimen164
\pgf@xd=\dimen165
\pgf@yd=\dimen166
\w@pgf@writea=\write3
\r@pgf@reada=\read2
\c@pgf@counta=\count283
\c@pgf@countb=\count284
\c@pgf@countc=\count285
\c@pgf@countd=\count286
\t@pgf@toka=\toks23
\t@pgf@tokb=\toks24
\t@pgf@tokc=\toks25
\pgf@sys@id@count=\count287

(/usr/local/texlive/2025/texmf-dist/tex/generic/pgf/systemlayer/pgf.cfg
File: pgf.cfg 2023-01-15 v3.1.10 (3.1.10)
)
Driver file for pgf: pgfsys-xetex.def

(/usr/local/texlive/2025/texmf-dist/tex/generic/pgf/systemlayer/pgfsys-xetex.de
f
File: pgfsys-xetex.def 2023-01-15 v3.1.10 (3.1.10)

(/usr/local/texlive/2025/texmf-dist/tex/generic/pgf/systemlayer/pgfsys-dvipdfmx
.def
File: pgfsys-dvipdfmx.def 2023-01-15 v3.1.10 (3.1.10)

(/usr/local/texlive/2025/texmf-dist/tex/generic/pgf/systemlayer/pgfsys-common-p
df.def
File: pgfsys-common-pdf.def 2023-01-15 v3.1.10 (3.1.10)
)
\pgfsys@objnum=\count288
)))
(/usr/local/texlive/2025/texmf-dist/tex/generic/pgf/systemlayer/pgfsyssoftpath.
code.tex
File: pgfsyssoftpath.code.tex 2023-01-15 v3.1.10 (3.1.10)
\pgfsyssoftpath@smallbuffer@items=\count289
\pgfsyssoftpath@bigbuffer@items=\count290
)
(/usr/local/texlive/2025/texmf-dist/tex/generic/pgf/systemlayer/pgfsysprotocol.
code.tex
File: pgfsysprotocol.code.tex 2023-01-15 v3.1.10 (3.1.10)
)) (/usr/local/texlive/2025/texmf-dist/tex/latex/xcolor/xcolor.sty
Package: xcolor 2024/09/29 v3.02 LaTeX color extensions (UK)

(/usr/local/texlive/2025/texmf-dist/tex/latex/graphics-cfg/color.cfg
File: color.cfg 2016/01/02 v1.6 sample color configuration
)
Package xcolor Info: Driver file: xetex.def on input line 274.

(/usr/local/texlive/2025/texmf-dist/tex/latex/graphics/mathcolor.ltx)
Package xcolor Info: Model `cmy' substituted by `cmy0' on input line 1349.
Package xcolor Info: Model `RGB' extended on input line 1365.
Package xcolor Info: Model `HTML' substituted by `rgb' on input line 1367.
Package xcolor Info: Model `Hsb' substituted by `hsb' on input line 1368.
Package xcolor Info: Model `tHsb' substituted by `hsb' on input line 1369.
Package xcolor Info: Model `HSB' substituted by `hsb' on input line 1370.
Package xcolor Info: Model `Gray' substituted by `gray' on input line 1371.
Package xcolor Info: Model `wave' substituted by `hsb' on input line 1372.
)
(/usr/local/texlive/2025/texmf-dist/tex/generic/pgf/basiclayer/pgfcore.code.tex
Package: pgfcore 2023-01-15 v3.1.10 (3.1.10)
(/usr/local/texlive/2025/texmf-dist/tex/generic/pgf/math/pgfmath.code.tex
(/usr/local/texlive/2025/texmf-dist/tex/generic/pgf/math/pgfmathutil.code.tex)
(/usr/local/texlive/2025/texmf-dist/tex/generic/pgf/math/pgfmathparser.code.tex
\pgfmath@dimen=\dimen167
\pgfmath@count=\count291
\pgfmath@box=\box54
\pgfmath@toks=\toks26
\pgfmath@stack@operand=\toks27
\pgfmath@stack@operation=\toks28
)
(/usr/local/texlive/2025/texmf-dist/tex/generic/pgf/math/pgfmathfunctions.code.
tex)
(/usr/local/texlive/2025/texmf-dist/tex/generic/pgf/math/pgfmathfunctions.basic
.code.tex)
(/usr/local/texlive/2025/texmf-dist/tex/generic/pgf/math/pgfmathfunctions.trigo
nometric.code.tex)
(/usr/local/texlive/2025/texmf-dist/tex/generic/pgf/math/pgfmathfunctions.rando
m.code.tex)
(/usr/local/texlive/2025/texmf-dist/tex/generic/pgf/math/pgfmathfunctions.compa
rison.code.tex)
(/usr/local/texlive/2025/texmf-dist/tex/generic/pgf/math/pgfmathfunctions.base.
code.tex)
(/usr/local/texlive/2025/texmf-dist/tex/generic/pgf/math/pgfmathfunctions.round
.code.tex)
(/usr/local/texlive/2025/texmf-dist/tex/generic/pgf/math/pgfmathfunctions.misc.
code.tex)
(/usr/local/texlive/2025/texmf-dist/tex/generic/pgf/math/pgfmathfunctions.integ
erarithmetics.code.tex)
(/usr/local/texlive/2025/texmf-dist/tex/generic/pgf/math/pgfmathcalc.code.tex)
(/usr/local/texlive/2025/texmf-dist/tex/generic/pgf/math/pgfmathfloat.code.tex
\c@pgfmathroundto@lastzeros=\count292
)) (/usr/local/texlive/2025/texmf-dist/tex/generic/pgf/math/pgfint.code.tex)
(/usr/local/texlive/2025/texmf-dist/tex/generic/pgf/basiclayer/pgfcorepoints.co
de.tex
File: pgfcorepoints.code.tex 2023-01-15 v3.1.10 (3.1.10)
\pgf@picminx=\dimen168
\pgf@picmaxx=\dimen169
\pgf@picminy=\dimen170
\pgf@picmaxy=\dimen171
\pgf@pathminx=\dimen172
\pgf@pathmaxx=\dimen173
\pgf@pathminy=\dimen174
\pgf@pathmaxy=\dimen175
\pgf@xx=\dimen176
\pgf@xy=\dimen177
\pgf@yx=\dimen178
\pgf@yy=\dimen179
\pgf@zx=\dimen180
\pgf@zy=\dimen181
)
(/usr/local/texlive/2025/texmf-dist/tex/generic/pgf/basiclayer/pgfcorepathconst
ruct.code.tex
File: pgfcorepathconstruct.code.tex 2023-01-15 v3.1.10 (3.1.10)
\pgf@path@lastx=\dimen182
\pgf@path@lasty=\dimen183
)
(/usr/local/texlive/2025/texmf-dist/tex/generic/pgf/basiclayer/pgfcorepathusage
.code.tex
File: pgfcorepathusage.code.tex 2023-01-15 v3.1.10 (3.1.10)
\pgf@shorten@end@additional=\dimen184
\pgf@shorten@start@additional=\dimen185
)
(/usr/local/texlive/2025/texmf-dist/tex/generic/pgf/basiclayer/pgfcorescopes.co
de.tex
File: pgfcorescopes.code.tex 2023-01-15 v3.1.10 (3.1.10)
\pgfpic=\box55
\pgf@hbox=\box56
\pgf@layerbox@main=\box57
\pgf@picture@serial@count=\count293
)
(/usr/local/texlive/2025/texmf-dist/tex/generic/pgf/basiclayer/pgfcoregraphicst
ate.code.tex
File: pgfcoregraphicstate.code.tex 2023-01-15 v3.1.10 (3.1.10)
\pgflinewidth=\dimen186
)
(/usr/local/texlive/2025/texmf-dist/tex/generic/pgf/basiclayer/pgfcoretransform
ations.code.tex
File: pgfcoretransformations.code.tex 2023-01-15 v3.1.10 (3.1.10)
\pgf@pt@x=\dimen187
\pgf@pt@y=\dimen188
\pgf@pt@temp=\dimen189
)
(/usr/local/texlive/2025/texmf-dist/tex/generic/pgf/basiclayer/pgfcorequick.cod
e.tex
File: pgfcorequick.code.tex 2023-01-15 v3.1.10 (3.1.10)
)
(/usr/local/texlive/2025/texmf-dist/tex/generic/pgf/basiclayer/pgfcoreobjects.c
ode.tex
File: pgfcoreobjects.code.tex 2023-01-15 v3.1.10 (3.1.10)
)
(/usr/local/texlive/2025/texmf-dist/tex/generic/pgf/basiclayer/pgfcorepathproce
ssing.code.tex
File: pgfcorepathprocessing.code.tex 2023-01-15 v3.1.10 (3.1.10)
)
(/usr/local/texlive/2025/texmf-dist/tex/generic/pgf/basiclayer/pgfcorearrows.co
de.tex
File: pgfcorearrows.code.tex 2023-01-15 v3.1.10 (3.1.10)
\pgfarrowsep=\dimen190
)
(/usr/local/texlive/2025/texmf-dist/tex/generic/pgf/basiclayer/pgfcoreshade.cod
e.tex
File: pgfcoreshade.code.tex 2023-01-15 v3.1.10 (3.1.10)
\pgf@max=\dimen191
\pgf@sys@shading@range@num=\count294
\pgf@shadingcount=\count295
)
(/usr/local/texlive/2025/texmf-dist/tex/generic/pgf/basiclayer/pgfcoreimage.cod
e.tex
File: pgfcoreimage.code.tex 2023-01-15 v3.1.10 (3.1.10)
)
(/usr/local/texlive/2025/texmf-dist/tex/generic/pgf/basiclayer/pgfcoreexternal.
code.tex
File: pgfcoreexternal.code.tex 2023-01-15 v3.1.10 (3.1.10)
\pgfexternal@startupbox=\box58
)
(/usr/local/texlive/2025/texmf-dist/tex/generic/pgf/basiclayer/pgfcorelayers.co
de.tex
File: pgfcorelayers.code.tex 2023-01-15 v3.1.10 (3.1.10)
)
(/usr/local/texlive/2025/texmf-dist/tex/generic/pgf/basiclayer/pgfcoretranspare
ncy.code.tex
File: pgfcoretransparency.code.tex 2023-01-15 v3.1.10 (3.1.10)
)
(/usr/local/texlive/2025/texmf-dist/tex/generic/pgf/basiclayer/pgfcorepatterns.
code.tex
File: pgfcorepatterns.code.tex 2023-01-15 v3.1.10 (3.1.10)
)
(/usr/local/texlive/2025/texmf-dist/tex/generic/pgf/basiclayer/pgfcorerdf.code.
tex
File: pgfcorerdf.code.tex 2023-01-15 v3.1.10 (3.1.10)
)))
(/usr/local/texlive/2025/texmf-dist/tex/generic/pgf/modules/pgfmoduleshapes.cod
e.tex
File: pgfmoduleshapes.code.tex 2023-01-15 v3.1.10 (3.1.10)
\pgfnodeparttextbox=\box59
)
(/usr/local/texlive/2025/texmf-dist/tex/generic/pgf/modules/pgfmoduleplot.code.
tex
File: pgfmoduleplot.code.tex 2023-01-15 v3.1.10 (3.1.10)
)
(/usr/local/texlive/2025/texmf-dist/tex/latex/pgf/compatibility/pgfcomp-version
-0-65.sty
Package: pgfcomp-version-0-65 2023-01-15 v3.1.10 (3.1.10)
\pgf@nodesepstart=\dimen192
\pgf@nodesepend=\dimen193
)
(/usr/local/texlive/2025/texmf-dist/tex/latex/pgf/compatibility/pgfcomp-version
-1-18.sty
Package: pgfcomp-version-1-18 2023-01-15 v3.1.10 (3.1.10)
))
(/usr/local/texlive/2025/texmf-dist/tex/latex/pgf/utilities/pgffor.sty
(/usr/local/texlive/2025/texmf-dist/tex/latex/pgf/utilities/pgfkeys.sty
(/usr/local/texlive/2025/texmf-dist/tex/generic/pgf/utilities/pgfkeys.code.tex)
) (/usr/local/texlive/2025/texmf-dist/tex/latex/pgf/math/pgfmath.sty
(/usr/local/texlive/2025/texmf-dist/tex/generic/pgf/math/pgfmath.code.tex))
(/usr/local/texlive/2025/texmf-dist/tex/generic/pgf/utilities/pgffor.code.tex
Package: pgffor 2023-01-15 v3.1.10 (3.1.10)
\pgffor@iter=\dimen194
\pgffor@skip=\dimen195
\pgffor@stack=\toks29
\pgffor@toks=\toks30
))
(/usr/local/texlive/2025/texmf-dist/tex/generic/pgf/frontendlayer/tikz/tikz.cod
e.tex
Package: tikz 2023-01-15 v3.1.10 (3.1.10)

(/usr/local/texlive/2025/texmf-dist/tex/generic/pgf/libraries/pgflibraryplothan
dlers.code.tex
File: pgflibraryplothandlers.code.tex 2023-01-15 v3.1.10 (3.1.10)
\pgf@plot@mark@count=\count296
\pgfplotmarksize=\dimen196
)
\tikz@lastx=\dimen197
\tikz@lasty=\dimen198
\tikz@lastxsaved=\dimen199
\tikz@lastysaved=\dimen256
\tikz@lastmovetox=\dimen257
\tikz@lastmovetoy=\dimen258
\tikzleveldistance=\dimen259
\tikzsiblingdistance=\dimen260
\tikz@figbox=\box60
\tikz@figbox@bg=\box61
\tikz@tempbox=\box62
\tikz@tempbox@bg=\box63
\tikztreelevel=\count297
\tikznumberofchildren=\count298
\tikznumberofcurrentchild=\count299
\tikz@fig@count=\count300

(/usr/local/texlive/2025/texmf-dist/tex/generic/pgf/modules/pgfmodulematrix.cod
e.tex
File: pgfmodulematrix.code.tex 2023-01-15 v3.1.10 (3.1.10)
\pgfmatrixcurrentrow=\count301
\pgfmatrixcurrentcolumn=\count302
\pgf@matrix@numberofcolumns=\count303
)
\tikz@expandcount=\count304

(/usr/local/texlive/2025/texmf-dist/tex/generic/pgf/frontendlayer/tikz/librarie
s/tikzlibrarytopaths.code.tex
File: tikzlibrarytopaths.code.tex 2023-01-15 v3.1.10 (3.1.10)
)))
(/usr/local/texlive/2025/texmf-dist/tex/latex/tools/verbatim.sty
Package: verbatim 2024-01-22 v1.5x LaTeX2e package for verbatim enhancements
\every@verbatim=\toks31
\verbatim@line=\toks32
\verbatim@in@stream=\read3
)
(/usr/local/texlive/2025/texmf-dist/tex/latex/environ/environ.sty
Package: environ 2014/05/04 v0.3 A new way to define environments

(/usr/local/texlive/2025/texmf-dist/tex/latex/trimspaces/trimspaces.sty
Package: trimspaces 2009/09/17 v1.1 Trim spaces around a token list
)
\@envbody=\toks33
)
(/usr/local/texlive/2025/texmf-dist/tex/latex/etoolbox/etoolbox.sty
Package: etoolbox 2025/02/11 v2.5l e-TeX tools for LaTeX (JAW)
\etb@tempcnta=\count305
)
\tcb@titlebox=\box64
\tcb@upperbox=\box65
\tcb@lowerbox=\box66
\tcb@phantombox=\box67
\c@tcbbreakpart=\count306
\c@tcblayer=\count307
\c@tcolorbox@number=\count308
\l__tcobox_tmpa_box=\box68
\l__tcobox_tmpa_dim=\dimen261
\tcb@temp=\box69
\tcb@temp=\box70
\tcb@temp=\box71
\tcb@temp=\box72

(/usr/local/texlive/2025/texmf-dist/tex/latex/tcolorbox/tcbraster.code.tex
Library (tcolorbox): 'tcbraster.code.tex' version '6.4.1'
\c@tcbrastercolumn=\count309
\c@tcbrasterrow=\count310
\c@tcbrasternum=\count311
\c@tcbraster=\count312
) (/usr/local/texlive/2025/texmf-dist/tex/latex/tcolorbox/tcbskins.code.tex
Library (tcolorbox): 'tcbskins.code.tex' version '6.4.1'
(/usr/local/texlive/2025/texmf-dist/tex/latex/tikzfill/tikzfill.image.sty
Package: tikzfill.image 2023/08/08 v1.0.1 Image filling library for TikZ

(/usr/local/texlive/2025/texmf-dist/tex/latex/tikzfill/tikzfill-common.sty
Package: tikzfill-common 2023/08/08 v1.0.1 Auxiliary code for tikzfill
)
(/usr/local/texlive/2025/texmf-dist/tex/latex/tikzfill/tikzlibraryfill.image.co
de.tex
File: tikzlibraryfill.image.code.tex 2023/08/08 v1.0.1 Image filling library
\l__tikzfill_img_box=\box73
))
(/usr/local/texlive/2025/texmf-dist/tex/latex/tcolorbox/tcbskinsjigsaw.code.tex
Library (tcolorbox): 'tcbskinsjigsaw.code.tex' version '6.4.1'
))
(/usr/local/texlive/2025/texmf-dist/tex/latex/tcolorbox/tcbbreakable.code.tex
Library (tcolorbox): 'tcbbreakable.code.tex' version '6.4.1'
(/usr/local/texlive/2025/texmf-dist/tex/latex/pdfcol/pdfcol.sty
Package: pdfcol 2022-09-21 v1.7 Handle new color stacks for pdfTeX (HO)

(/usr/local/texlive/2025/texmf-dist/tex/generic/ltxcmds/ltxcmds.sty
Package: ltxcmds 2023-12-04 v1.26 LaTeX kernel commands for general use (HO)
)
(/usr/local/texlive/2025/texmf-dist/tex/generic/infwarerr/infwarerr.sty
Package: infwarerr 2019/12/03 v1.5 Providing info/warning/error messages (HO)
)
Package pdfcol Info: Interface disabled because of missing PDF mode of pdfTeX.
)
Package pdfcol Info: pdfTeX's color stacks are not available.
\tcb@testbox=\box74
\tcb@totalupperbox=\box75
\tcb@totallowerbox=\box76
)
(/usr/local/texlive/2025/texmf-dist/tex/latex/tcolorbox/tcbhooks.code.tex
Library (tcolorbox): 'tcbhooks.code.tex' version '6.4.1'
) (/usr/local/texlive/2025/texmf-dist/tex/latex/tcolorbox/tcbtheorems.code.tex
Library (tcolorbox): 'tcbtheorems.code.tex' version '6.4.1'
(/usr/local/texlive/2025/texmf-dist/tex/latex/amsmath/amsmath.sty
Package: amsmath 2024/11/05 v2.17t AMS math features
\@mathmargin=\skip51

For additional information on amsmath, use the `?' option.
(/usr/local/texlive/2025/texmf-dist/tex/latex/amsmath/amstext.sty
Package: amstext 2021/08/26 v2.01 AMS text

(/usr/local/texlive/2025/texmf-dist/tex/latex/amsmath/amsgen.sty
File: amsgen.sty 1999/11/30 v2.0 generic functions
\@emptytoks=\toks34
\ex@=\dimen262
))
(/usr/local/texlive/2025/texmf-dist/tex/latex/amsmath/amsbsy.sty
Package: amsbsy 1999/11/29 v1.2d Bold Symbols
\pmbraise@=\dimen263
)
(/usr/local/texlive/2025/texmf-dist/tex/latex/amsmath/amsopn.sty
Package: amsopn 2022/04/08 v2.04 operator names
)
\inf@bad=\count313
LaTeX Info: Redefining \frac on input line 233.
\uproot@=\count314
\leftroot@=\count315
LaTeX Info: Redefining \overline on input line 398.
LaTeX Info: Redefining \colon on input line 409.
\classnum@=\count316
\DOTSCASE@=\count317
LaTeX Info: Redefining \ldots on input line 495.
LaTeX Info: Redefining \dots on input line 498.
LaTeX Info: Redefining \cdots on input line 619.
\Mathstrutbox@=\box77
\strutbox@=\box78
LaTeX Info: Redefining \big on input line 721.
LaTeX Info: Redefining \Big on input line 722.
LaTeX Info: Redefining \bigg on input line 723.
LaTeX Info: Redefining \Bigg on input line 724.
\big@size=\dimen264
LaTeX Font Info:    Redeclaring font encoding OML on input line 742.
LaTeX Font Info:    Redeclaring font encoding OMS on input line 743.
\macc@depth=\count318
LaTeX Info: Redefining \bmod on input line 904.
LaTeX Info: Redefining \pmod on input line 909.
LaTeX Info: Redefining \smash on input line 939.
LaTeX Info: Redefining \relbar on input line 969.
LaTeX Info: Redefining \Relbar on input line 970.
\c@MaxMatrixCols=\count319
\dotsspace@=\muskip17
\c@parentequation=\count320
\dspbrk@lvl=\count321
\tag@help=\toks35
\row@=\count322
\column@=\count323
\maxfields@=\count324
\andhelp@=\toks36
\eqnshift@=\dimen265
\alignsep@=\dimen266
\tagshift@=\dimen267
\tagwidth@=\dimen268
\totwidth@=\dimen269
\lineht@=\dimen270
\@envbody=\toks37
\multlinegap=\skip52
\multlinetaggap=\skip53
\mathdisplay@stack=\toks38
LaTeX Info: Redefining \[ on input line 2953.
LaTeX Info: Redefining \] on input line 2954.
))
(/usr/local/texlive/2025/texmf-dist/tex/latex/tcolorbox/tcbfitting.code.tex
Library (tcolorbox): 'tcbfitting.code.tex' version '6.4.1'
\tcbfitdim=\dimen271
\tcb@lowerfitdim=\dimen272
\tcb@upperfitdim=\dimen273
\tcb@cur@hbadness=\count325
)
(/usr/local/texlive/2025/texmf-dist/tex/latex/tcolorbox/tcblistingsutf8.code.te
x
Library (tcolorbox): 'tcblistingsutf8.code.tex' version '6.4.1'
(/usr/local/texlive/2025/texmf-dist/tex/latex/tcolorbox/tcblistings.code.tex
Library (tcolorbox): 'tcblistings.code.tex' version '6.4.1'
(/usr/local/texlive/2025/texmf-dist/tex/latex/listings/listings.sty
\lst@mode=\count326
\lst@gtempboxa=\box79
\lst@token=\toks39
\lst@length=\count327
\lst@currlwidth=\dimen274
\lst@column=\count328
\lst@pos=\count329
\lst@lostspace=\dimen275
\lst@width=\dimen276
\lst@newlines=\count330
\lst@lineno=\count331
\lst@maxwidth=\dimen277

(/usr/local/texlive/2025/texmf-dist/tex/latex/listings/lstpatch.sty
File: lstpatch.sty 2024/09/23 1.10c (Carsten Heinz)
)
(/usr/local/texlive/2025/texmf-dist/tex/latex/listings/lstmisc.sty
File: lstmisc.sty 2024/09/23 1.10c (Carsten Heinz)
\c@lstnumber=\count332
\lst@skipnumbers=\count333
\lst@framebox=\box80
)
(/usr/local/texlive/2025/texmf-dist/tex/latex/listings/listings.cfg
File: listings.cfg 2024/09/23 1.10c listings configuration
))
Package: listings 2024/09/23 1.10c (Carsten Heinz)

(/usr/local/texlive/2025/texmf-dist/tex/latex/tcolorbox/tcblistingscore.code.te
x
Library (tcolorbox): 'tcblistingscore.code.tex' version '6.4.1'
(/usr/local/texlive/2025/texmf-dist/tex/latex/tcolorbox/tcbprocessing.code.tex
Library (tcolorbox): 'tcbprocessing.code.tex' version '6.4.1'
)
\c@tcblisting=\count334
))
Package tcolorbox Info: Library `listingsutf8' is compatible with pdftex only. 
Library `listings` is loaded instead. on input line 29.
)
(/usr/local/texlive/2025/texmf-dist/tex/latex/tcolorbox/tcbexternal.code.tex
Library (tcolorbox): 'tcbexternal.code.tex' version '6.4.1'
) (/usr/local/texlive/2025/texmf-dist/tex/latex/tcolorbox/tcbmagazine.code.tex
Library (tcolorbox): 'tcbmagazine.code.tex' version '6.4.1'
) (/usr/local/texlive/2025/texmf-dist/tex/latex/tcolorbox/tcbvignette.code.tex
Library (tcolorbox): 'tcbvignette.code.tex' version '6.4.1'

(/usr/local/texlive/2025/texmf-dist/tex/generic/pgf/frontendlayer/tikz/librarie
s/tikzlibraryfadings.code.tex
File: tikzlibraryfadings.code.tex 2023-01-15 v3.1.10 (3.1.10)

(/usr/local/texlive/2025/texmf-dist/tex/generic/pgf/libraries/pgflibraryfadings
.code.tex
File: pgflibraryfadings.code.tex 2023-01-15 v3.1.10 (3.1.10)
)))
(/usr/local/texlive/2025/texmf-dist/tex/latex/tcolorbox/tcbposter.code.tex
Library (tcolorbox): 'tcbposter.code.tex' version '6.4.1'
)) (/usr/local/texlive/2025/texmf-dist/tex/latex/changepage/changepage.sty
Package: changepage 2009/10/20 v1.0c check page and change page layout
\c@cp@cntr=\count335
\cp@tempcnt=\count336
)
(/usr/local/texlive/2025/texmf-dist/tex/latex/titlesec/titlesec.sty
Package: titlesec 2025/01/04 v2.17 Sectioning titles
\ttl@box=\box81
\beforetitleunit=\skip54
\aftertitleunit=\skip55
\ttl@plus=\dimen278
\ttl@minus=\dimen279
\ttl@toksa=\toks40
\titlewidth=\dimen280
\titlewidthlast=\dimen281
\titlewidthfirst=\dimen282
)
(/usr/local/texlive/2025/texmf-dist/tex/generic/ulem/ulem.sty
\UL@box=\box82
\UL@hyphenbox=\box83
\UL@skip=\skip56
\UL@hook=\toks41
\UL@height=\dimen283
\UL@pe=\count337
\UL@pixel=\dimen284
\ULC@box=\box84
Package: ulem 2019/11/18
\ULdepth=\dimen285
)
(/usr/local/texlive/2025/texmf-dist/tex/latex/tools/longtable.sty
Package: longtable 2024-10-27 v4.22 Multi-page Table package (DPC)
\LTleft=\skip57
\LTright=\skip58
\LTpre=\skip59
\LTpost=\skip60
\LTchunksize=\count338
\LTcapwidth=\dimen286
\LT@head=\box85
\LT@firsthead=\box86
\LT@foot=\box87
\LT@lastfoot=\box88
\LT@gbox=\box89
\LT@cols=\count339
\LT@rows=\count340
\c@LT@tables=\count341
\c@LT@chunks=\count342
\LT@p@ftn=\toks42
)
(/usr/local/texlive/2025/texmf-dist/tex/latex/fontawesome5/fontawesome5.sty
Package: fontawesome5 2022/05/02 v5.15.4 Font Awesome 5

(/usr/local/texlive/2025/texmf-dist/tex/latex/l3packages/l3keys2e/l3keys2e.sty
Package: l3keys2e 2024-08-16 LaTeX2e option processing using LaTeX3 keys
)
(/usr/local/texlive/2025/texmf-dist/tex/latex/fontawesome5/fontawesome5-utex-he
lper.sty
Package: fontawesome5-utex-helper 2022/05/02 v5.15.4 uTeX helper for fontawesom
e5
LaTeX Font Info:    Trying to load font information for TU+fontawesomefree on i
nput line 69.

(/usr/local/texlive/2025/texmf-dist/tex/latex/fontawesome5/tufontawesomefree.fd
)
LaTeX Font Info:    Trying to load font information for TU+fontawesomebrands on
 input line 70.

(/usr/local/texlive/2025/texmf-dist/tex/latex/fontawesome5/tufontawesomebrands.
fd))) (/usr/local/texlive/2025/texmf-dist/tex/latex/grffile/grffile.sty
Package: grffile 2019/11/11 v2.1 Extended file name support for graphics (legac
y)
Package grffile Info: This package is an empty stub for compatibility on input 
line 40.
)
(/usr/local/texlive/2025/texmf-dist/tex/xelatex/ucharclasses/ucharclasses.sty
Package: ucharclasses 2022/10/20 v2.6.0 Unicode block character classes for XeL
aTeX

(/usr/local/texlive/2025/texmf-dist/tex/generic/iftex/ifxetex.sty
Package: ifxetex 2019/10/25 v0.7 ifxetex legacy package. Use iftex instead.
)
\AegeanNumbersClass=\XeTeXcharclass1
\AlphabeticPresentationFormsClass=\XeTeXcharclass2
\AncientGreekMusicalNotationClass=\XeTeXcharclass3
\AncientGreekNumbersClass=\XeTeXcharclass4
\AncientSymbolsClass=\XeTeXcharclass5
\ArabicClass=\XeTeXcharclass6
\ArabicPresentationFormsAClass=\XeTeXcharclass7
\ArabicPresentationFormsBClass=\XeTeXcharclass8
\ArabicSupplementClass=\XeTeXcharclass9
\ArmenianClass=\XeTeXcharclass10
\ArrowsClass=\XeTeXcharclass11
\BalineseClass=\XeTeXcharclass12
\BasicLatinClass=\XeTeXcharclass13
\BengaliClass=\XeTeXcharclass14
\BlockElementsClass=\XeTeXcharclass15
\BopomofoClass=\XeTeXcharclass16
\BopomofoExtendedClass=\XeTeXcharclass17
\BoxDrawingClass=\XeTeXcharclass18
\BraillePatternsClass=\XeTeXcharclass19
\BugineseClass=\XeTeXcharclass20
\BuhidClass=\XeTeXcharclass21
\ByzantineMusicalSymbolsClass=\XeTeXcharclass22
\ChamClass=\XeTeXcharclass23
\CherokeeClass=\XeTeXcharclass24
\CJKCompatibilityClass=\XeTeXcharclass25
\CJKCompatibilityFormsClass=\XeTeXcharclass26
\CJKCompatibilityIdeographsClass=\XeTeXcharclass27
\CJKCompatibilityIdeographsSupplementClass=\XeTeXcharclass28
\CJKRadicalsSupplementClass=\XeTeXcharclass29
\CJKStrokesClass=\XeTeXcharclass30
\CJKSymbolsAndPunctuationClass=\XeTeXcharclass31
\CJKUnifiedIdeographsClass=\XeTeXcharclass32
\CJKUnifiedIdeographsExtensionAClass=\XeTeXcharclass33
\CJKUnifiedIdeographsExtensionBClass=\XeTeXcharclass34
\CombiningDiacriticalMarksClass=\XeTeXcharclass35
\CombiningDiacriticalMarksForSymbolsClass=\XeTeXcharclass36
\CombiningDiacriticalMarksSupplementClass=\XeTeXcharclass37
\CombiningHalfMarksClass=\XeTeXcharclass38
\ControlPicturesClass=\XeTeXcharclass39
\CopticClass=\XeTeXcharclass40
\CountingRodNumeralsClass=\XeTeXcharclass41
\CuneiformClass=\XeTeXcharclass42
\CuneiformNumbersAndPunctuationClass=\XeTeXcharclass43
\CurrencySymbolsClass=\XeTeXcharclass44
\CypriotSyllabaryClass=\XeTeXcharclass45
\CyrillicClass=\XeTeXcharclass46
\CyrillicExtendedAClass=\XeTeXcharclass47
\CyrillicExtendedBClass=\XeTeXcharclass48
\CyrillicSupplementClass=\XeTeXcharclass49
\DeseretClass=\XeTeXcharclass50
\DevanagariDanDaClass=\XeTeXcharclass51
\DevanagariMarksClass=\XeTeXcharclass52
\DevanagariPostDanDaClass=\XeTeXcharclass53
\DevanagariPostMarksClass=\XeTeXcharclass54
\DevanagariPreMarksClass=\XeTeXcharclass55
\DingbatsClass=\XeTeXcharclass56
\DominoTilesClass=\XeTeXcharclass57
\EnclosedAlphanumericsClass=\XeTeXcharclass58
\EnclosedCJKLettersAndMonthsClass=\XeTeXcharclass59
\EthiopicClass=\XeTeXcharclass60
\EthiopicExtendedClass=\XeTeXcharclass61
\EthiopicSupplementClass=\XeTeXcharclass62
\GeneralPunctuationClass=\XeTeXcharclass63
\GeometricShapesClass=\XeTeXcharclass64
\GeorgianClass=\XeTeXcharclass65
\GeorgianSupplementClass=\XeTeXcharclass66
\GlagoliticClass=\XeTeXcharclass67
\GreekAndCopticClass=\XeTeXcharclass68
\GreekExtendedClass=\XeTeXcharclass69
\GujaratiClass=\XeTeXcharclass70
\GurmukhiClass=\XeTeXcharclass71
\HalfwidthAndFullwidthFormsClass=\XeTeXcharclass72
\HangulCompatibilityJamoClass=\XeTeXcharclass73
\HangulJamoClass=\XeTeXcharclass74
\HangulSyllablesClass=\XeTeXcharclass75
\HanunooClass=\XeTeXcharclass76
\HebrewClass=\XeTeXcharclass77
\HiraganaClass=\XeTeXcharclass78
\IdeographicDescriptionCharactersClass=\XeTeXcharclass79
\IPAExtensionsClass=\XeTeXcharclass80
\KanbunClass=\XeTeXcharclass81
\KangxiRadicalsClass=\XeTeXcharclass82
\KannadaClass=\XeTeXcharclass83
\KatakanaClass=\XeTeXcharclass84
\KatakanaPhoneticExtensionsClass=\XeTeXcharclass85
\KayahLiClass=\XeTeXcharclass86
\KhmerClass=\XeTeXcharclass87
\KhmerSymbolsClass=\XeTeXcharclass88
\LaoClass=\XeTeXcharclass89
\LatinExtendedAdditionalClass=\XeTeXcharclass90
\LatinExtendedAClass=\XeTeXcharclass91
\LatinExtendedBClass=\XeTeXcharclass92
\LatinExtendedCClass=\XeTeXcharclass93
\LatinExtendedDClass=\XeTeXcharclass94
\LatinSupplementClass=\XeTeXcharclass95
\LepchaClass=\XeTeXcharclass96
\LetterlikeSymbolsClass=\XeTeXcharclass97
\LimbuClass=\XeTeXcharclass98
\LinearBIdeogramsClass=\XeTeXcharclass99
\LinearBSyllabaryClass=\XeTeXcharclass100
\MahjongTilesClass=\XeTeXcharclass101
\MalayalamClass=\XeTeXcharclass102
\MathematicalAlphanumericSymbolsClass=\XeTeXcharclass103
\MathematicalOperatorsClass=\XeTeXcharclass104
\MiscellaneousMathematicalSymbolsAClass=\XeTeXcharclass105
\MiscellaneousMathematicalSymbolsBClass=\XeTeXcharclass106
\MiscellaneousSymbolsClass=\XeTeXcharclass107
\MiscellaneousSymbolsAndArrowsClass=\XeTeXcharclass108
\MiscellaneousTechnicalClass=\XeTeXcharclass109
\ModifierToneLettersClass=\XeTeXcharclass110
\MongolianClass=\XeTeXcharclass111
\MusicalSymbolsClass=\XeTeXcharclass112
\MyanmarClass=\XeTeXcharclass113
\NewTaiLueClass=\XeTeXcharclass114
\NKoClass=\XeTeXcharclass115
\NumberFormsClass=\XeTeXcharclass116
\OghamClass=\XeTeXcharclass117
\OlChikiClass=\XeTeXcharclass118
\OldPersianClass=\XeTeXcharclass119
\OpticalCharacterRecognitionClass=\XeTeXcharclass120
\OriyaClass=\XeTeXcharclass121
\OsmanyaClass=\XeTeXcharclass122
\PhagsPaClass=\XeTeXcharclass123
\PhoenicianClass=\XeTeXcharclass124
\PhoneticExtensionsClass=\XeTeXcharclass125
\PhoneticExtensionsSupplementClass=\XeTeXcharclass126
\PrivateUseAreaClass=\XeTeXcharclass127
\RejangClass=\XeTeXcharclass128
\RunicClass=\XeTeXcharclass129
\SaurashtraClass=\XeTeXcharclass130
\ShavianClass=\XeTeXcharclass131
\SinhalaClass=\XeTeXcharclass132
\SmallFormVariantsClass=\XeTeXcharclass133
\SpacingModifierLettersClass=\XeTeXcharclass134
\SundaneseClass=\XeTeXcharclass135
\SuperscriptsAndSubscriptsClass=\XeTeXcharclass136
\SupplementalArrowsAClass=\XeTeXcharclass137
\SupplementalArrowsBClass=\XeTeXcharclass138
\SupplementalMathematicalOperatorsClass=\XeTeXcharclass139
\SupplementalPunctuationClass=\XeTeXcharclass140
\SylotiNagriClass=\XeTeXcharclass141
\SyriacClass=\XeTeXcharclass142
\TagalogClass=\XeTeXcharclass143
\TagbanwaClass=\XeTeXcharclass144
\TagsClass=\XeTeXcharclass145
\TaiLeClass=\XeTeXcharclass146
\TaiXuanJingSymbolsClass=\XeTeXcharclass147
\TamilClass=\XeTeXcharclass148
\TeluguClass=\XeTeXcharclass149
\ThaanaClass=\XeTeXcharclass150
\ThaiClass=\XeTeXcharclass151
\TibetanClass=\XeTeXcharclass152
\TifinaghClass=\XeTeXcharclass153
\UgariticClass=\XeTeXcharclass154
\UnifiedCanadianAboriginalSyllabicsClass=\XeTeXcharclass155
\VaiClass=\XeTeXcharclass156
\VerticalFormsClass=\XeTeXcharclass157
\YiRadicalsClass=\XeTeXcharclass158
\YiSyllablesClass=\XeTeXcharclass159
\YijingHexagramSymbolsClass=\XeTeXcharclass160
\AvestanClass=\XeTeXcharclass161
\BamumClass=\XeTeXcharclass162
\CJKUnifiedIdeographsExtensionCClass=\XeTeXcharclass163
\CommonIndicNumberFormsClass=\XeTeXcharclass164
\DevanagariExtendedClass=\XeTeXcharclass165
\EgyptianHieroglyphsClass=\XeTeXcharclass166
\EnclosedAlphanumericSupplementClass=\XeTeXcharclass167
\EnclosedIdeographicSupplementClass=\XeTeXcharclass168
\HangulJamoExtendedAClass=\XeTeXcharclass169
\HangulJamoExtendedBClass=\XeTeXcharclass170
\ImperialAramaicClass=\XeTeXcharclass171
\InscriptionalPahlaviClass=\XeTeXcharclass172
\InscriptionalParthianClass=\XeTeXcharclass173
\JavaneseClass=\XeTeXcharclass174
\KaithiClass=\XeTeXcharclass175
\LisuClass=\XeTeXcharclass176
\MeeteiMayekClass=\XeTeXcharclass177
\MyanmarExtendedAClass=\XeTeXcharclass178
\RumiNumeralSymbolsClass=\XeTeXcharclass179
\SamaritanClass=\XeTeXcharclass180
\TaiThamClass=\XeTeXcharclass181
\TaiVietClass=\XeTeXcharclass182
\UnifiedCanadianAboriginalSyllabicsExtendedClass=\XeTeXcharclass183
\VedicExtensionsClass=\XeTeXcharclass184
\AlchemicalSymbolsClass=\XeTeXcharclass185
\BamumSupplementClass=\XeTeXcharclass186
\BatakClass=\XeTeXcharclass187
\BrahmiClass=\XeTeXcharclass188
\CJKUnifiedIdeographsExtensionDClass=\XeTeXcharclass189
\EmoticonsClass=\XeTeXcharclass190
\EthiopicExtendedAClass=\XeTeXcharclass191
\KanaSupplementClass=\XeTeXcharclass192
\MandaicClass=\XeTeXcharclass193
\MiscellaneousSymbolsAndPictographsClass=\XeTeXcharclass194
\PlayingCardsClass=\XeTeXcharclass195
\TransportAndMapSymbolsClass=\XeTeXcharclass196
\ArabicExtendedAClass=\XeTeXcharclass197
\ArabicMathematicalAlphabeticSymbolsClass=\XeTeXcharclass198
\ChakmaClass=\XeTeXcharclass199
\MeeteiMayekExtensionsClass=\XeTeXcharclass200
\MeroiticCursiveClass=\XeTeXcharclass201
\MeroiticHieroglyphsClass=\XeTeXcharclass202
\MiaoClass=\XeTeXcharclass203
\SharadaClass=\XeTeXcharclass204
\SoraSompengClass=\XeTeXcharclass205
\SundaneseSupplementClass=\XeTeXcharclass206
\TakriClass=\XeTeXcharclass207
\BassaVahClass=\XeTeXcharclass208
\CaucasianAlbanianClass=\XeTeXcharclass209
\CombiningDiacriticalMarksExtendedClass=\XeTeXcharclass210
\CopticEpactNumbersClass=\XeTeXcharclass211
\ElbasanClass=\XeTeXcharclass212
\GeometricShapesExtendedClass=\XeTeXcharclass213
\GranthaClass=\XeTeXcharclass214
\KhojkiClass=\XeTeXcharclass215
\KhudawadiClass=\XeTeXcharclass216
\LatinExtendedEClass=\XeTeXcharclass217
\LinearAClass=\XeTeXcharclass218
\MahajaniClass=\XeTeXcharclass219
\MendeKikakuiClass=\XeTeXcharclass220
\ModiClass=\XeTeXcharclass221
\MroClass=\XeTeXcharclass222
\MyanmarExtendedBClass=\XeTeXcharclass223
\OrnamentalDingbatsClass=\XeTeXcharclass224
\PahawhHmongClass=\XeTeXcharclass225
\PauCinHauClass=\XeTeXcharclass226
\SiddhamClass=\XeTeXcharclass227
\SinhalaArchaicNumbersClass=\XeTeXcharclass228
\SupplementalArrowsCClass=\XeTeXcharclass229
\TirhutaClass=\XeTeXcharclass230
\WarangCitiClass=\XeTeXcharclass231
\CherokeeSupplementClass=\XeTeXcharclass232
\CJKUnifiedIdeographsExtensionEClass=\XeTeXcharclass233
\SupplementalSymbolsAndPictographsClass=\XeTeXcharclass234
\CyrillicExtendedCClass=\XeTeXcharclass235
\GlagoliticSupplementClass=\XeTeXcharclass236
\IdeographicSymbolsAndPunctuationClass=\XeTeXcharclass237
\MongolianSupplementClass=\XeTeXcharclass238
\CJKUnifiedIdeographsExtensionFClass=\XeTeXcharclass239
\KanaExtendedAClass=\XeTeXcharclass240
\SyriacSupplementClass=\XeTeXcharclass241
\GeorgianExtendedClass=\XeTeXcharclass242
\SmallKanaExtensionClass=\XeTeXcharclass243
\SymbolsAndPictographsExtendedAClass=\XeTeXcharclass244
\CJKUnifiedIdeographsExtensionGClass=\XeTeXcharclass245
\ArabicExtendedBClass=\XeTeXcharclass246
\EthiopicExtendedBClass=\XeTeXcharclass247
\KanaExtendedBClass=\XeTeXcharclass248
\LatinExtendedFClass=\XeTeXcharclass249
\LatinExtendedGClass=\XeTeXcharclass250
\UnifiedCanadianAboriginalSyllabicsExtendedAClass=\XeTeXcharclass251
\ArabicExtendedCClass=\XeTeXcharclass252
\CJKUnifiedIdeographsExtensionHClass=\XeTeXcharclass253
\CyrillicExtendedDClass=\XeTeXcharclass254
\DevanagariExtendedAClass=\XeTeXcharclass255
\CarianClass=\XeTeXcharclass256
\GothicClass=\XeTeXcharclass257
\KharoshthiClass=\XeTeXcharclass258
\LycianClass=\XeTeXcharclass259
\LydianClass=\XeTeXcharclass260
\OldItalicClass=\XeTeXcharclass261
\PhaistosDiscClass=\XeTeXcharclass262
\SupplementaryPrivateUseAreaAClass=\XeTeXcharclass263
\SupplementaryPrivateUseAreaBClass=\XeTeXcharclass264
\OldSouthArabianClass=\XeTeXcharclass265
\OldTurkicClass=\XeTeXcharclass266
\DuployanClass=\XeTeXcharclass267
\ManichaeanClass=\XeTeXcharclass268
\NabataeanClass=\XeTeXcharclass269
\OldNorthArabianClass=\XeTeXcharclass270
\OldPermicClass=\XeTeXcharclass271
\PalmyreneClass=\XeTeXcharclass272
\PsalterPahlaviClass=\XeTeXcharclass273
\ShorthandFormatControlsClass=\XeTeXcharclass274
\AhomClass=\XeTeXcharclass275
\AnatolianHieroglyphsClass=\XeTeXcharclass276
\EarlyDynasticCuneiformClass=\XeTeXcharclass277
\HatranClass=\XeTeXcharclass278
\MultaniClass=\XeTeXcharclass279
\OldHungarianClass=\XeTeXcharclass280
\SuttonSignWritingClass=\XeTeXcharclass281
\AdlamClass=\XeTeXcharclass282
\BhaiksukiClass=\XeTeXcharclass283
\MarchenClass=\XeTeXcharclass284
\NewaClass=\XeTeXcharclass285
\OsageClass=\XeTeXcharclass286
\TangutClass=\XeTeXcharclass287
\TangutComponentsClass=\XeTeXcharclass288
\MasaramGondiClass=\XeTeXcharclass289
\NushuClass=\XeTeXcharclass290
\SoyomboClass=\XeTeXcharclass291
\ZanabazarSquareClass=\XeTeXcharclass292
\ChessSymbolsClass=\XeTeXcharclass293
\DograClass=\XeTeXcharclass294
\GunjalaGondiClass=\XeTeXcharclass295
\HanifiRohingyaClass=\XeTeXcharclass296
\IndicSiyaqNumbersClass=\XeTeXcharclass297
\MakasarClass=\XeTeXcharclass298
\MayanNumeralsClass=\XeTeXcharclass299
\MedefaidrinClass=\XeTeXcharclass300
\OldSogdianClass=\XeTeXcharclass301
\SogdianClass=\XeTeXcharclass302
\EgyptianHieroglyphFormatControlsClass=\XeTeXcharclass303
\ElymaicClass=\XeTeXcharclass304
\NandinagariClass=\XeTeXcharclass305
\NyiakengPuachueHmongClass=\XeTeXcharclass306
\OttomanSiyaqNumbersClass=\XeTeXcharclass307
\TamilSupplementClass=\XeTeXcharclass308
\WanchoClass=\XeTeXcharclass309
\ChorasmianClass=\XeTeXcharclass310
\DivesAkuruClass=\XeTeXcharclass311
\KhitanSmallScriptClass=\XeTeXcharclass312
\LisuSupplementClass=\XeTeXcharclass313
\SymbolsForLegacyComputingClass=\XeTeXcharclass314
\TangutSupplementClass=\XeTeXcharclass315
\YezidiClass=\XeTeXcharclass316
\CyproMinoanClass=\XeTeXcharclass317
\OldUighurClass=\XeTeXcharclass318
\TangsaClass=\XeTeXcharclass319
\TotoClass=\XeTeXcharclass320
\VithkuqiClass=\XeTeXcharclass321
\ZnamennyMusicalNotationClass=\XeTeXcharclass322
\KaktovikNumeralsClass=\XeTeXcharclass323
\KawiClass=\XeTeXcharclass324
\NagMundariClass=\XeTeXcharclass325
)

Package fontspec Info: 
(fontspec)             Font family 'GentiumPlus(0)' created for font 'Gentium
(fontspec)             Plus' with options [].
(fontspec)              
(fontspec)              This font family consists of the following NFSS
(fontspec)             series/shapes:
(fontspec)              
(fontspec)             - 'normal' (m/n) with NFSS spec.: <->"Gentium
(fontspec)             Plus/OT:script=latn;language=dflt;"
(fontspec)             - 'small caps'  (m/sc) with NFSS spec.: <->"Gentium
(fontspec)             Plus/OT:script=latn;language=dflt;+smcp;"
(fontspec)             - 'bold' (b/n) with NFSS spec.: <->"Gentium
(fontspec)             Plus/B/OT:script=latn;language=dflt;"
(fontspec)             - 'bold small caps'  (b/sc) with NFSS spec.:
(fontspec)             <->"Gentium Plus/B/OT:script=latn;language=dflt;+smcp;"
(fontspec)             - 'italic' (m/it) with NFSS spec.: <->"Gentium
(fontspec)             Plus/I/OT:script=latn;language=dflt;"
(fontspec)             - 'italic small caps'  (m/scit) with NFSS spec.:
(fontspec)             <->"Gentium Plus/I/OT:script=latn;language=dflt;+smcp;"
(fontspec)             - 'bold italic' (b/it) with NFSS spec.: <->"Gentium
(fontspec)             Plus/BI/OT:script=latn;language=dflt;"
(fontspec)             - 'bold italic small caps'  (b/scit) with NFSS spec.:
(fontspec)             <->"Gentium
(fontspec)             Plus/BI/OT:script=latn;language=dflt;+smcp;"


Package fontspec Info: 
(fontspec)             Font family 'IBMPlexSerif(0)' created for font 'IBM
(fontspec)             Plex Serif' with options [Ligatures=TeX,Path =
(fontspec)             /Users/johnwry/Library/Fonts/,Ligatures=TeX,UprightFont
(fontspec)             = IBMPlexSerif-Regular.ttf,ItalicFont =
(fontspec)             IBMPlexSerif-Italic.ttf,BoldFont =
(fontspec)             IBMPlexSerif-SemiBold.ttf,BoldItalicFont =
(fontspec)             IBMPlexSerif-BoldItalic.ttf].
(fontspec)              
(fontspec)              This font family consists of the following NFSS
(fontspec)             series/shapes:
(fontspec)              
(fontspec)             - 'normal' (m/n) with NFSS spec.:
(fontspec)             <->"[/Users/johnwry/Library/Fonts/IBMPlexSerif-Regular.t
tf]/OT:script=latn;language=dflt;mapping=tex-text;"
(fontspec)             - 'bold' (b/n) with NFSS spec.:
(fontspec)             <->"[/Users/johnwry/Library/Fonts/IBMPlexSerif-SemiBold.
ttf]/OT:script=latn;language=dflt;mapping=tex-text;"
(fontspec)             - 'italic' (m/it) with NFSS spec.:
(fontspec)             <->"[/Users/johnwry/Library/Fonts/IBMPlexSerif-Italic.tt
f]/OT:script=latn;language=dflt;mapping=tex-text;"
(fontspec)             - 'bold italic' (b/it) with NFSS spec.:
(fontspec)             <->"[/Users/johnwry/Library/Fonts/IBMPlexSerif-BoldItali
c.ttf]/OT:script=latn;language=dflt;mapping=tex-text;"


Package fontspec Info: 
(fontspec)             Font family 'IBMPlexSerif(1)' created for font
(fontspec)             'IBMPlexSerif' with options [Path =
(fontspec)             /Users/johnwry/Library/Fonts/,UprightFont =
(fontspec)             *-Light.ttf,ItalicFont = *-LightItalic.ttf].
(fontspec)              
(fontspec)              This font family consists of the following NFSS
(fontspec)             series/shapes:
(fontspec)              
(fontspec)             - 'normal' (m/n) with NFSS spec.:
(fontspec)             <->"[/Users/johnwry/Library/Fonts/IBMPlexSerif-Light.ttf
]/OT:script=latn;language=dflt;"
(fontspec)             - 'italic' (m/it) with NFSS spec.:
(fontspec)             <->"[/Users/johnwry/Library/Fonts/IBMPlexSerif-LightItal
ic.ttf]/OT:script=latn;language=dflt;"


Package fontspec Info: 
(fontspec)             Font family 'IBMPlexSerif(2)' created for font
(fontspec)             'IBMPlexSerif' with options [Path =
(fontspec)             /Users/johnwry/Library/Fonts/,UprightFont =
(fontspec)             *-Regular.ttf,ItalicFont = *-MediumItalic.ttf].
(fontspec)              
(fontspec)              This font family consists of the following NFSS
(fontspec)             series/shapes:
(fontspec)              
(fontspec)             - 'normal' (m/n) with NFSS spec.:
(fontspec)             <->"[/Users/johnwry/Library/Fonts/IBMPlexSerif-Regular.t
tf]/OT:script=latn;language=dflt;"
(fontspec)             - 'italic' (m/it) with NFSS spec.:
(fontspec)             <->"[/Users/johnwry/Library/Fonts/IBMPlexSerif-MediumIta
lic.ttf]/OT:script=latn;language=dflt;"


(/usr/local/texlive/2025/texmf-dist/tex/latex/framed/framed.sty
Package: framed 2011/10/22 v 0.96: framed or shaded text with page breaks
\OuterFrameSep=\skip61
\fb@frw=\dimen287
\fb@frh=\dimen288
\FrameRule=\dimen289
\FrameSep=\dimen290
)
(/usr/local/texlive/2025/texmf-dist/tex/latex/fancyvrb/fancyvrb.sty
Package: fancyvrb 2024/01/20 4.5c verbatim text (tvz,hv)
\FV@CodeLineNo=\count343
\FV@InFile=\read4
\FV@TabBox=\box90
\c@FancyVerbLine=\count344
\FV@StepNumber=\count345
\FV@OutFile=\write4
)
(/usr/local/texlive/2025/texmf-dist/tex/latex/enumitem/enumitem.sty
Package: enumitem 2025/02/06 v3.11 Customized lists
\labelindent=\skip62
\enit@outerparindent=\dimen291
\enit@toks=\toks43
\enit@inbox=\box91
\enit@count@id=\count346
\enitdp@description=\count347
)
(/usr/local/texlive/2025/texmf-dist/tex/latex/tocloft/tocloft.sty
Package: tocloft 2017/08/31 v2.3i parameterised ToC, etc., typesetting
Package tocloft Info: The document has section divisions on input line 51.
\cftparskip=\skip63
\cftbeforetoctitleskip=\skip64
\cftaftertoctitleskip=\skip65
\cftbeforepartskip=\skip66
\cftpartnumwidth=\skip67
\cftpartindent=\skip68
\cftbeforesecskip=\skip69
\cftsecindent=\skip70
\cftsecnumwidth=\skip71
\cftbeforesubsecskip=\skip72
\cftsubsecindent=\skip73
\cftsubsecnumwidth=\skip74
\cftbeforesubsubsecskip=\skip75
\cftsubsubsecindent=\skip76
\cftsubsubsecnumwidth=\skip77
\cftbeforeparaskip=\skip78
\cftparaindent=\skip79
\cftparanumwidth=\skip80
\cftbeforesubparaskip=\skip81
\cftsubparaindent=\skip82
\cftsubparanumwidth=\skip83
\cftbeforeloftitleskip=\skip84
\cftafterloftitleskip=\skip85
\cftbeforefigskip=\skip86
\cftfigindent=\skip87
\cftfignumwidth=\skip88
\c@lofdepth=\count348
\c@lotdepth=\count349
\cftbeforelottitleskip=\skip89
\cftafterlottitleskip=\skip90
\cftbeforetabskip=\skip91
\cfttabindent=\skip92
\cfttabnumwidth=\skip93
)
(/usr/local/texlive/2025/texmf-dist/tex/latex/fvextra/fvextra.sty
Package: fvextra 2025/03/04 v1.12.0 fvextra - extensions and patches for fancyv
rb

(/usr/local/texlive/2025/texmf-dist/tex/generic/pdftexcmds/pdftexcmds.sty
Package: pdftexcmds 2020-06-27 v0.33 Utility functions of pdfTeX for LuaTeX (HO
)
Package pdftexcmds Info: \pdf@primitive is available.
Package pdftexcmds Info: \pdf@ifprimitive is available.
Package pdftexcmds Info: \pdfdraftmode not found.
)
(/usr/local/texlive/2025/texmf-dist/tex/latex/upquote/upquote.sty
Package: upquote 2012/04/19 v1.3 upright-quote and grave-accent glyphs in verba
tim

(/usr/local/texlive/2025/texmf-dist/tex/latex/base/textcomp.sty
Package: textcomp 2024/04/24 v2.1b Standard LaTeX package
))
(/usr/local/texlive/2025/texmf-dist/tex/latex/lineno/lineno.sty
Package: lineno 2025/01/29 line numbers on paragraphs v5.4

(/usr/local/texlive/2025/texmf-dist/tex/latex/kvoptions/kvoptions.sty
Package: kvoptions 2022-06-15 v3.15 Key value format for package options (HO)

(/usr/local/texlive/2025/texmf-dist/tex/latex/kvsetkeys/kvsetkeys.sty
Package: kvsetkeys 2022-10-05 v1.19 Key value parser (HO)
))
\linenopenalty=\count350
\output=\toks44
\linenoprevgraf=\count351
\linenumbersep=\dimen292
\linenumberwidth=\dimen293
\c@linenumber=\count352
\c@pagewiselinenumber=\count353
\c@LN@truepage=\count354
\c@internallinenumber=\count355
\c@internallinenumbers=\count356
\quotelinenumbersep=\dimen294
\bframerule=\dimen295
\bframesep=\dimen296
\bframebox=\box92
\@LN@amsmath@ams@eqpen=\count357
LaTeX Info: Redefining \\ on input line 3187.
)
\c@FancyVerbWriteLine=\count358
\c@FancyVerbBufferLine=\count359
\c@FV@TrueTabGroupLevel=\count360
\c@FV@TrueTabCounter=\count361
\FV@TabBox@Group=\box93
\FV@bgcolorstructbox=\box94
\FV@TmpLength=\skip94
\c@FV@HighlightLinesStart=\count362
\c@FV@HighlightLinesStop=\count363
\FV@LoopCount=\count364
\FV@NCharsBox=\box95
\FV@BreakIndent=\dimen297
\FV@BreakIndentNChars=\count365
\FV@BreakSymbolSepLeft=\dimen298
\FV@BreakSymbolSepLeftNChars=\count366
\FV@BreakSymbolSepRight=\dimen299
\FV@BreakSymbolSepRightNChars=\count367
\FV@BreakSymbolIndentLeft=\dimen300
\FV@BreakSymbolIndentLeftNChars=\count368
\FV@BreakSymbolIndentRight=\dimen301
\FV@BreakSymbolIndentRightNChars=\count369
\c@FancyVerbLineBreakLast=\count370
\FV@LineBox=\box96
\FV@LineIndentBox=\box97
\c@FV@BreakBufferDepth=\count371
\FV@LineWidth=\dimen302
)
(/usr/local/texlive/2025/texmf-dist/tex/latex/needspace/needspace.sty
Package: needspace 2010/09/12 v1.3d reserve vertical space
)
(/usr/local/texlive/2025/texmf-dist/tex/latex/float/float.sty
Package: float 2001/11/08 v1.3d Float enhancements (AL)
\c@float@type=\count372
\float@exts=\toks45
\float@box=\box98
\@float@everytoks=\toks46
\@floatcapt=\box99
)
(/usr/local/texlive/2025/texmf-dist/tex/latex/caption/caption.sty
Package: caption 2023/08/05 v3.6o Customizing captions (AR)

(/usr/local/texlive/2025/texmf-dist/tex/latex/caption/caption3.sty
Package: caption3 2023/07/31 v2.4d caption3 kernel (AR)
\caption@tempdima=\dimen303
\captionmargin=\dimen304
\caption@leftmargin=\dimen305
\caption@rightmargin=\dimen306
\caption@width=\dimen307
\caption@indent=\dimen308
\caption@parindent=\dimen309
\caption@hangindent=\dimen310
Package caption Info: Standard document class detected.
)
\c@caption@flags=\count373
\c@continuedfloat=\count374
Package caption Info: changepage package is loaded.
\caption@adjustwidth@hsize=\dimen311
\caption@adjustwidth@linewidth=\dimen312
Package caption Info: float package is loaded.
Package caption Info: listings package is loaded.
Package caption Info: longtable package is loaded.

(/usr/local/texlive/2025/texmf-dist/tex/latex/caption/ltcaption.sty
Package: ltcaption 2021/01/08 v1.4c longtable captions (AR)
))

Package fontspec Info: 
(fontspec)             Font family 'TeXGyreTermes(0)' created for font 'TeX
(fontspec)             Gyre Termes' with options [].
(fontspec)              
(fontspec)              This font family consists of the following NFSS
(fontspec)             series/shapes:
(fontspec)              
(fontspec)             - 'normal' (m/n) with NFSS spec.: <->"TeX Gyre
(fontspec)             Termes/OT:script=latn;language=dflt;"
(fontspec)             - 'small caps'  (m/sc) with NFSS spec.: <->"TeX Gyre
(fontspec)             Termes/OT:script=latn;language=dflt;+smcp;"
(fontspec)             - 'bold' (b/n) with NFSS spec.: <->"TeX Gyre
(fontspec)             Termes/B/OT:script=latn;language=dflt;"
(fontspec)             - 'bold small caps'  (b/sc) with NFSS spec.: <->"TeX
(fontspec)             Gyre Termes/B/OT:script=latn;language=dflt;+smcp;"
(fontspec)             - 'italic' (m/it) with NFSS spec.: <->"TeX Gyre
(fontspec)             Termes/I/OT:script=latn;language=dflt;"
(fontspec)             - 'italic small caps'  (m/scit) with NFSS spec.:
(fontspec)             <->"TeX Gyre
(fontspec)             Termes/I/OT:script=latn;language=dflt;+smcp;"
(fontspec)             - 'bold italic' (b/it) with NFSS spec.: <->"TeX Gyre
(fontspec)             Termes/BI/OT:script=latn;language=dflt;"
(fontspec)             - 'bold italic small caps'  (b/scit) with NFSS spec.:
(fontspec)             <->"TeX Gyre
(fontspec)             Termes/BI/OT:script=latn;language=dflt;+smcp;"


(/usr/local/texlive/2025/texmf-dist/tex/latex/eso-pic/eso-pic.sty
Package: eso-pic 2023/05/03 v3.0c eso-pic (RN)
\ESO@tempdima=\dimen313
\ESO@tempdimb=\dimen314
)
\c@none=\count375

(/usr/local/texlive/2025/texmf-dist/tex/latex/booktabs/booktabs.sty
Package: booktabs 2020/01/12 v1.61803398 Publication quality tables
\heavyrulewidth=\dimen315
\lightrulewidth=\dimen316
\cmidrulewidth=\dimen317
\belowrulesep=\dimen318
\belowbottomsep=\dimen319
\aboverulesep=\dimen320
\abovetopsep=\dimen321
\cmidrulesep=\dimen322
\cmidrulekern=\dimen323
\defaultaddspace=\dimen324
\@cmidla=\count376
\@cmidlb=\count377
\@aboverulesep=\dimen325
\@belowrulesep=\dimen326
\@thisruleclass=\count378
\@lastruleclass=\count379
\@thisrulewidth=\dimen327
)
(./outline.tex
(/usr/local/texlive/2025/texmf-dist/tex/latex/hyperref/hyperref.sty
Package: hyperref 2024-11-05 v7.01l Hypertext links for LaTeX

(/usr/local/texlive/2025/texmf-dist/tex/generic/kvdefinekeys/kvdefinekeys.sty
Package: kvdefinekeys 2019-12-19 v1.6 Define keys (HO)
)
(/usr/local/texlive/2025/texmf-dist/tex/generic/pdfescape/pdfescape.sty
Package: pdfescape 2019/12/09 v1.15 Implements pdfTeX's escape features (HO)
)
(/usr/local/texlive/2025/texmf-dist/tex/latex/hycolor/hycolor.sty
Package: hycolor 2020-01-27 v1.10 Color options for hyperref/bookmark (HO)
)
(/usr/local/texlive/2025/texmf-dist/tex/latex/hyperref/nameref.sty
Package: nameref 2023-11-26 v2.56 Cross-referencing by name of section

(/usr/local/texlive/2025/texmf-dist/tex/latex/refcount/refcount.sty
Package: refcount 2019/12/15 v3.6 Data extraction from label references (HO)
)
(/usr/local/texlive/2025/texmf-dist/tex/generic/gettitlestring/gettitlestring.s
ty
Package: gettitlestring 2019/12/15 v1.6 Cleanup title references (HO)
)
\c@section@level=\count380
) (/usr/local/texlive/2025/texmf-dist/tex/generic/stringenc/stringenc.sty
Package: stringenc 2019/11/29 v1.12 Convert strings between diff. encodings (HO
)
)
\@linkdim=\dimen328
\Hy@linkcounter=\count381
\Hy@pagecounter=\count382

(/usr/local/texlive/2025/texmf-dist/tex/latex/hyperref/pd1enc.def
File: pd1enc.def 2024-11-05 v7.01l Hyperref: PDFDocEncoding definition (HO)
)
(/usr/local/texlive/2025/texmf-dist/tex/generic/intcalc/intcalc.sty
Package: intcalc 2019/12/15 v1.3 Expandable calculations with integers (HO)
)
\Hy@SavedSpaceFactor=\count383

(/usr/local/texlive/2025/texmf-dist/tex/latex/hyperref/puenc.def
File: puenc.def 2024-11-05 v7.01l Hyperref: PDF Unicode definition (HO)
)
Package hyperref Info: Hyper figures OFF on input line 4157.
Package hyperref Info: Link nesting OFF on input line 4162.
Package hyperref Info: Hyper index ON on input line 4165.
Package hyperref Info: Plain pages OFF on input line 4172.
Package hyperref Info: Backreferencing OFF on input line 4177.
Package hyperref Info: Implicit mode ON; LaTeX internals redefined.
Package hyperref Info: Bookmarks ON on input line 4424.
\c@Hy@tempcnt=\count384

(/usr/local/texlive/2025/texmf-dist/tex/latex/url/url.sty
\Urlmuskip=\muskip18
Package: url 2013/09/16  ver 3.4  Verb mode for urls, etc.
)
LaTeX Info: Redefining \url on input line 4763.
\XeTeXLinkMargin=\dimen329

(/usr/local/texlive/2025/texmf-dist/tex/generic/bitset/bitset.sty
Package: bitset 2019/12/09 v1.3 Handle bit-vector datatype (HO)

(/usr/local/texlive/2025/texmf-dist/tex/generic/bigintcalc/bigintcalc.sty
Package: bigintcalc 2019/12/15 v1.5 Expandable calculations on big integers (HO
)
))
\Fld@menulength=\count385
\Field@Width=\dimen330
\Fld@charsize=\dimen331
Package hyperref Info: Hyper figures OFF on input line 6042.
Package hyperref Info: Link nesting OFF on input line 6047.
Package hyperref Info: Hyper index ON on input line 6050.
Package hyperref Info: backreferencing OFF on input line 6057.
Package hyperref Info: Link coloring OFF on input line 6062.
Package hyperref Info: Link coloring with OCG OFF on input line 6067.
Package hyperref Info: PDF/A mode OFF on input line 6072.

(/usr/local/texlive/2025/texmf-dist/tex/latex/base/atbegshi-ltx.sty
Package: atbegshi-ltx 2021/01/10 v1.0c Emulation of the original atbegshi
package with kernel methods
)
\Hy@abspage=\count386
\c@Item=\count387
\c@Hfootnote=\count388
)
Package hyperref Info: Driver (autodetected): hxetex.

(/usr/local/texlive/2025/texmf-dist/tex/latex/hyperref/hxetex.def
File: hxetex.def 2024-11-05 v7.01l Hyperref driver for XeTeX
\pdfm@box=\box100
\c@Hy@AnnotLevel=\count389
\HyField@AnnotCount=\count390
\Fld@listcount=\count391
\c@bookmark@seq@number=\count392

(/usr/local/texlive/2025/texmf-dist/tex/latex/rerunfilecheck/rerunfilecheck.sty
Package: rerunfilecheck 2022-07-10 v1.10 Rerun checks for auxiliary files (HO)
(/usr/local/texlive/2025/texmf-dist/tex/latex/base/atveryend-ltx.sty
Package: atveryend-ltx 2020/08/19 v1.0a Emulation of the original atveryend pac
kage
with kernel methods
)
(/usr/local/texlive/2025/texmf-dist/tex/generic/uniquecounter/uniquecounter.sty
Package: uniquecounter 2019/12/15 v1.4 Provide unlimited unique counter (HO)
)
Package uniquecounter Info: New unique counter `rerunfilecheck' on input line 2
85.
)
\Hy@SectionHShift=\skip95
) (/usr/local/texlive/2025/texmf-dist/tex/latex/hyphenat/hyphenat.sty
Package: hyphenat 2009/09/02 v2.3c hyphenation utilities
\langwohyphens=\language90
LaTeX Info: Redefining \_ on input line 43.
)
(/usr/local/texlive/2025/texmf-dist/tex/latex/setspace/setspace.sty
Package: setspace 2022/12/04 v6.7b set line spacing
)
(/usr/local/texlive/2025/texmf-dist/tex/latex/fancyhdr/fancyhdr.sty
Package: fancyhdr 2025/02/07 v5.2 Extensive control of page headers and footers

\f@nch@headwidth=\skip96
\f@nch@offset@elh=\skip97
\f@nch@offset@erh=\skip98
\f@nch@offset@olh=\skip99
\f@nch@offset@orh=\skip100
\f@nch@offset@elf=\skip101
\f@nch@offset@erf=\skip102
\f@nch@offset@olf=\skip103
\f@nch@offset@orf=\skip104
\f@nch@height=\skip105
\f@nch@footalignment=\skip106
\f@nch@widthL=\skip107
\f@nch@widthC=\skip108
\f@nch@widthR=\skip109
\@temptokenb=\toks47
)
Package hyperref Info: Option `colorlinks' set `true' on input line 168.


Package hyperref Warning: Token not allowed in a PDF string (Unicode):
(hyperref)                removing `math shift' on input line 168.


Package hyperref Warning: Token not allowed in a PDF string (Unicode):
(hyperref)                removing `math shift' on input line 168.


Package hyperref Warning: Token not allowed in a PDF string (Unicode):
(hyperref)                removing `math shift' on input line 168.


Package hyperref Warning: Token not allowed in a PDF string (Unicode):
(hyperref)                removing `math shift' on input line 168.


Package fancyhdr Warning: \fancyhead's `E' option without twoside option is use
less.
(fancyhdr)                Please consider using the `twoside' option on input l
ine 173.

(/usr/local/texlive/2025/texmf-dist/tex/latex/footmisc/footmisc.sty
Package: footmisc 2024/12/24 v6.0g a miscellany of footnote facilities
\FN@temptoken=\toks48
\footnotemargin=\dimen332
\@outputbox@depth=\dimen333
Package footmisc Info: Declaring symbol style bringhurst on input line 699.
Package footmisc Info: Declaring symbol style chicago on input line 707.
Package footmisc Info: Declaring symbol style wiley on input line 716.
Package footmisc Info: Declaring symbol style lamport-robust on input line 727.

Package footmisc Info: Declaring symbol style lamport* on input line 747.
Package footmisc Info: Declaring symbol style lamport*-robust on input line 768
.
)))
\fillinwidth=\skip110

(temp/student_manual.aux)
\openout1 = `student_manual.aux'.

LaTeX Font Info:    Checking defaults for OML/cmm/m/it on input line 27.
LaTeX Font Info:    ... okay on input line 27.
LaTeX Font Info:    Checking defaults for OMS/cmsy/m/n on input line 27.
LaTeX Font Info:    ... okay on input line 27.
LaTeX Font Info:    Checking defaults for OT1/cmr/m/n on input line 27.
LaTeX Font Info:    ... okay on input line 27.
LaTeX Font Info:    Checking defaults for T1/cmr/m/n on input line 27.
LaTeX Font Info:    ... okay on input line 27.
LaTeX Font Info:    Checking defaults for TS1/cmr/m/n on input line 27.
LaTeX Font Info:    ... okay on input line 27.
LaTeX Font Info:    Checking defaults for TU/lmr/m/n on input line 27.
LaTeX Font Info:    ... okay on input line 27.
LaTeX Font Info:    Checking defaults for OMX/cmex/m/n on input line 27.
LaTeX Font Info:    ... okay on input line 27.
LaTeX Font Info:    Checking defaults for U/cmr/m/n on input line 27.
LaTeX Font Info:    ... okay on input line 27.
LaTeX Font Info:    Checking defaults for PD1/pdf/m/n on input line 27.
LaTeX Font Info:    ... okay on input line 27.
LaTeX Font Info:    Checking defaults for PU/pdf/m/n on input line 27.
LaTeX Font Info:    ... okay on input line 27.

*geometry* driver: auto-detecting
*geometry* detected driver: xetex
*geometry* verbose mode - [ preamble ] result:
* driver: xetex
* paper: letterpaper
* layout: <same size as paper>
* layoutoffset:(h,v)=(0.0pt,0.0pt)
* modes: 
* h-part:(L,W,R)=(39.74872pt, 491.43623pt, 83.11005pt)
* v-part:(T,H,B)=(61.42993pt, 672.11012pt, 61.42993pt)
* \paperwidth=614.295pt
* \paperheight=794.96999pt
* \textwidth=491.43623pt
* \textheight=672.11012pt
* \oddsidemargin=-32.52127pt
* \evensidemargin=-32.52127pt
* \topmargin=-47.84006pt
* \headheight=14.0pt
* \headsep=18.0pt
* \topskip=11.0pt
* \footskip=30.0pt
* \marginparwidth=59.0pt
* \marginparsep=10.0pt
* \columnsep=10.0pt
* \skip\footins=4.0pt
* \hoffset=0.0pt
* \voffset=0.0pt
* \mag=1000
* \@twocolumnfalse
* \@twosidefalse
* \@mparswitchfalse
* \@reversemarginfalse
* (1in=72.27pt=25.4mm, 1cm=28.453pt)


Package fontspec Info: 
(fontspec)             Adjusting the maths setup (use [no-math] to avoid
(fontspec)             this).

\symlegacymaths=\mathgroup4
LaTeX Font Info:    Overwriting symbol font `legacymaths' in version `bold'
(Font)                  OT1/cmr/m/n --> OT1/cmr/bx/n on input line 27.
LaTeX Font Info:    Redeclaring math accent \acute on input line 27.
LaTeX Font Info:    Redeclaring math accent \grave on input line 27.
LaTeX Font Info:    Redeclaring math accent \ddot on input line 27.
LaTeX Font Info:    Redeclaring math accent \tilde on input line 27.
LaTeX Font Info:    Redeclaring math accent \bar on input line 27.
LaTeX Font Info:    Redeclaring math accent \breve on input line 27.
LaTeX Font Info:    Redeclaring math accent \check on input line 27.
LaTeX Font Info:    Redeclaring math accent \hat on input line 27.
LaTeX Font Info:    Redeclaring math accent \dot on input line 27.
LaTeX Font Info:    Redeclaring math accent \mathring on input line 27.
LaTeX Font Info:    Redeclaring math symbol \Gamma on input line 27.
LaTeX Font Info:    Redeclaring math symbol \Delta on input line 27.
LaTeX Font Info:    Redeclaring math symbol \Theta on input line 27.
LaTeX Font Info:    Redeclaring math symbol \Lambda on input line 27.
LaTeX Font Info:    Redeclaring math symbol \Xi on input line 27.
LaTeX Font Info:    Redeclaring math symbol \Pi on input line 27.
LaTeX Font Info:    Redeclaring math symbol \Sigma on input line 27.
LaTeX Font Info:    Redeclaring math symbol \Upsilon on input line 27.
LaTeX Font Info:    Redeclaring math symbol \Phi on input line 27.
LaTeX Font Info:    Redeclaring math symbol \Psi on input line 27.
LaTeX Font Info:    Redeclaring math symbol \Omega on input line 27.
LaTeX Font Info:    Redeclaring math symbol \mathdollar on input line 27.
LaTeX Font Info:    Redeclaring symbol font `operators' on input line 27.
LaTeX Font Info:    Encoding `OT1' has changed to `TU' for symbol font
(Font)              `operators' in the math version `normal' on input line 27.
LaTeX Font Info:    Overwriting symbol font `operators' in version `normal'
(Font)                  OT1/cmr/m/n --> TU/IBMPlexSerif(0)/m/n on input line 27
.
LaTeX Font Info:    Encoding `OT1' has changed to `TU' for symbol font
(Font)              `operators' in the math version `bold' on input line 27.
LaTeX Font Info:    Overwriting symbol font `operators' in version `bold'
(Font)                  OT1/cmr/bx/n --> TU/IBMPlexSerif(0)/m/n on input line 2
7.
LaTeX Font Info:    Overwriting symbol font `operators' in version `normal'
(Font)                  TU/IBMPlexSerif(0)/m/n --> TU/IBMPlexSerif(0)/m/n on in
put line 27.
LaTeX Font Info:    Overwriting math alphabet `\mathit' in version `normal'
(Font)                  OT1/cmr/m/it --> TU/IBMPlexSerif(0)/m/it on input line 
27.
LaTeX Font Info:    Overwriting math alphabet `\mathbf' in version `normal'
(Font)                  OT1/cmr/bx/n --> TU/IBMPlexSerif(0)/b/n on input line 2
7.
LaTeX Font Info:    Overwriting math alphabet `\mathsf' in version `normal'
(Font)                  OT1/cmss/m/n --> TU/lmss/m/n on input line 27.
LaTeX Font Info:    Overwriting math alphabet `\mathtt' in version `normal'
(Font)                  OT1/cmtt/m/n --> TU/lmtt/m/n on input line 27.
LaTeX Font Info:    Overwriting symbol font `operators' in version `bold'
(Font)                  TU/IBMPlexSerif(0)/m/n --> TU/IBMPlexSerif(0)/b/n on in
put line 27.
LaTeX Font Info:    Overwriting math alphabet `\mathit' in version `bold'
(Font)                  OT1/cmr/bx/it --> TU/IBMPlexSerif(0)/b/it on input line
 27.
LaTeX Font Info:    Overwriting math alphabet `\mathsf' in version `bold'
(Font)                  OT1/cmss/bx/n --> TU/lmss/b/n on input line 27.
LaTeX Font Info:    Overwriting math alphabet `\mathtt' in version `bold'
(Font)                  OT1/cmtt/m/n --> TU/lmtt/b/n on input line 27.
\c@lstlisting=\count393
Package caption Info: Begin \AtBeginDocument code.
Package caption Info: hyperref package is loaded.
Package caption Info: End \AtBeginDocument code.
Package hyperref Info: Link coloring ON on input line 27.
(temp/student_manual.out) (temp/student_manual.out)
\@outlinefile=\write5
\openout5 = `student_manual.out'.

*geometry* verbose mode - [ newgeometry ] result:
* driver: xetex
* paper: letterpaper
* layout: <same size as paper>
* layoutoffset:(h,v)=(0.0pt,0.0pt)
* modes: 
* h-part:(L,W,R)=(71.13188pt, 472.03123pt, 71.13188pt)
* v-part:(T,H,B)=(71.13188pt, 652.70622pt, 71.13188pt)
* \paperwidth=614.295pt
* \paperheight=794.96999pt
* \textwidth=472.03123pt
* \textheight=652.70622pt
* \oddsidemargin=-1.1381pt
* \evensidemargin=-1.1381pt
* \topmargin=-33.1381pt
* \headheight=14.0pt
* \headsep=18.0pt
* \topskip=11.0pt
* \footskip=30.0pt
* \marginparwidth=59.0pt
* \marginparsep=10.0pt
* \columnsep=10.0pt
* \skip\footins=4.0pt
* \hoffset=0.0pt
* \voffset=0.0pt
* \mag=1000
* \@twocolumnfalse
* \@twosidefalse
* \@mparswitchfalse
* \@reversemarginfalse
* (1in=72.27pt=25.4mm, 1cm=28.453pt)

File: images/cgv.png Graphic file (type bmp)
<images/cgv.png>


[1



]
Overfull \hbox (1.60722pt too wide) in paragraph at lines 66--67
[]\TU/TeXGyreTermes(0)/m/n/10 Este manual ha sido desarrollado para enseñar la 
Escritura de manera textual, progresiva y consciente del lenguaje.
 []



[2

] (temp/student_manual.toc)
\tf@toc=\write6
\openout6 = `student_manual.toc'.



[3

]

[4

]
Overfull \hbox (10.45558pt too wide) in paragraph at lines 199--199
[]\TU/IBMPlexSerif(0)/m/n/10.95 A lo largo de Romanos 9–11, Israel funciona |  
 [] el escenario histórico donde esa fidelidad
 []


Overfull \hbox (2.7461pt too wide) in paragraph at lines 201--201
[]\TU/IBMPlexSerif(0)/m/n/10.95 Pablo sigue el hilo de la historia y muestra re
petidamente que Dios |   [] actuando
 []



[5]

[6]
Overfull \hbox (14.03555pt too wide) in paragraph at lines 335--335
 []\TU/IBMPlexSerif(0)/m/n/10.95 Repetidamente |   [] la atención a palabras ya
 pronunciadas en las Escrituras.[] 
 []


Overfull \hbox (1.04152pt too wide) in paragraph at lines 365--365
 []\TU/IBMPlexSerif(0)/m/n/10.95 Pablo comienza |   [] sección estableciendo la
 confiabilidad de su testimonio.[] 
 []



[7]
Overfull \hbox (1.52336pt too wide) in paragraph at lines 423--423
 []\TU/IBMPlexSerif(0)/m/n/10.95 El deseo expresado aquí representa el punto má
s intenso de la |   [] descrita
 []



[8]
Overfull \hbox (6.14423pt too wide) in paragraph at lines 459--459
 []\TU/IBMPlexSerif(0)/m/n/10.95 Pablo identifica explícitamente al grupo menci
onado en los |   [] anteriores. 
 []



[9]
Overfull \hbox (0.76048pt too wide) in paragraph at lines 527--527
 []\TU/IBMPlexSerif(0)/m/n/10.95 Los patriarcas |   [] presentados como parte d
e la herencia histórica de Israel.[] 
 []


Overfull \hbox (5.46286pt too wide) in paragraph at lines 567--575
\TU/IBMPlexSerif(0)/m/n/11 - El siguiente versículo responderá esa pregunta dir
ectamente: «No es que la palabra
 []



[10]

[11]
Overfull \hbox (4.3813pt too wide) in paragraph at lines 644--644
 []\TU/IBMPlexSerif(0)/m/n/10.95 Romanos 9 está dominado por palabras |   [] pr
onunciadas por Dios.[] 
 []


Overfull \hbox (25.325pt too wide) in paragraph at lines 650--650
 []\TU/IBMPlexSerif(0)/m/n/10.95 El argumento avanza mostrando que |   [] palab
ra pronunciada por Dios permanece
 []


Overfull \hbox (11.42213pt too wide) in paragraph at lines 678--678
 []\TU/IBMPlexSerif(0)/m/n/10.95 El lector no puede asumir automáticamente que 
|   [] expresiones significan
 []



[12]
Overfull \hbox (29.97142pt too wide) in paragraph at lines 701--701
 []\TU/IBMPlexSerif(0)/m/n/10.95 No toda descendencia de Abraham es identificad
a automáticamente como “|   []”.[] 
 []


Overfull \hbox (26.30685pt too wide) in paragraph at lines 728--728
 []\TU/IBMPlexSerif(0)/m/n/10.95 La cita |   [] que la descendencia no es defin
ida simplemente por procedencia
 []


Overfull \hbox (31.65045pt too wide) in paragraph at lines 746--746
 []\TU/IBMPlexSerif(0)/m/n/10.95 Pablo explica con mayor claridad la |   [] int
roducida en los versículos anteriores. 
 []



[13]

[14]
Overfull \hbox (2.19128pt too wide) in paragraph at lines 824--824
 []\TU/IBMPlexSerif(0)/m/n/10.95 Pablo continúa mostrando que |   [] descendenc
ia relevante para su argumento
 []


Overfull \hbox (40.20605pt too wide) in paragraph at lines 860--860
 []\TU/IBMPlexSerif(0)/m/n/10.95 El ejemplo permanece dentro |   [] la misma lí
nea familiar introducida anteriormente.[] 
 []



[15]
Overfull \hbox (5.70992pt too wide) in paragraph at lines 893--893
 []\TU/IBMPlexSerif(0)/m/n/10.95 El énfasis continúa colocado antes del nacimie
nto y |   [] de cualquier acción
 []


Overfull \hbox (20.1785pt too wide) in paragraph at lines 924--924
 []\TU/IBMPlexSerif(0)/m/n/10.95 Las obras son explícitamente excluidas de |   
[] explicación que está desarrollando.[] 
 []



[16]
Overfull \hbox (1.48686pt too wide) in paragraph at lines 973--973
 []|   [] \TU/IBMPlexSerif(0)/m/n/10.95 cita palabras que fueron dichas a Rebec
a antes del nacimiento de los niños. 
 []



[17]
Overfull \hbox (0.1473pt too wide) in paragraph at lines 1035--1035
 []\TU/IBMPlexSerif(0)/m/n/10.95 Pablo ahora cita una declaración escrita mucho
 después del nacimiento |   [] Jacob
 []


LaTeX Font Warning: Font shape `TU/IBMPlexSerif(2)/b/it' undefined
(Font)              using `TU/IBMPlexSerif(2)/m/n' instead on input line 1041.


Overfull \hbox (25.04396pt too wide) in paragraph at lines 1043--1043
 []\TU/IBMPlexSerif(0)/m/n/10.95 Malaquías 1:2–4 continúa ese mismo |   [] naci
onal: Jacob/Israel y Esaú/Edom.[] 
 []


Overfull \hbox (3.18045pt too wide) in paragraph at lines 1051--1051
 []\TU/IBMPlexSerif(0)/m/n/10.95 Pero el contexto de Malaquías muestra |   [] l
a declaración no aparece aislada.[] 
 []


Overfull \hbox (4.92906pt too wide) in paragraph at lines 1055--1055
 \TU/IBMPlexSerif(0)/m/n/10.95 «¿En qué nos has amado?». «¿No era Esaú hermano 
de Jacob?», declara el SEÑOR.
 []



[18]
Overfull \hbox (22.69334pt too wide) in paragraph at lines 1087--1087
 []\TU/IBMPlexSerif(0)/m/n/10.95 La pregunta surge a partir de lo que acaba de 
afirmar |   [] los versículos anteriores.[] 
 []


Overfull \hbox (17.21982pt too wide) in paragraph at lines 1131--1131
 \TU/IBMPlexSerif(0)/m/n/10.95 (Romanos 9:13), Pablo ahora dirige la atención a
 una declaración dada a |   [].[] 
 []



[19]
Overfull \hbox (37.38092pt too wide) in paragraph at lines 1147--1147
 []\TU/IBMPlexSerif(0)/m/n/10.95 Moisés estaba intercediendo por el pueblo cuan
do Dios |   [] esta declaración.[] 
 []


Overfull \hbox (4.92297pt too wide) in paragraph at lines 1149--1149
 []|   [] \TU/IBMPlexSerif(0)/m/n/10.95 cita no proviene de una situación hipot
ética, sino de un momento concreto
 []


Overfull \hbox (18.10893pt too wide) in paragraph at lines 1164--1164
 []\TU/IBMPlexSerif(0)/m/n/10.95 Misericordia |   [] compasión aparecen juntas 
como parte de una misma respuesta.[] 
 []


Overfull \hbox (27.48941pt too wide) in paragraph at lines 1169--1169
 []\TU/IBMPlexSerif(0)/m/n/10.95 Romanos 9 continúa acumulando testimonios prov
enientes de distintos |   []
 []



[20]
Overfull \hbox (7.16408pt too wide) in paragraph at lines 1202--1202
 []\TU/IBMPlexSerif(0)/m/n/10.95 Después la historia avanzó, pero la palabra pr
onunciada por Dios |   []
 []


Overfull \hbox (6.31943pt too wide) in paragraph at lines 1214--1214
 []\TU/IBMPlexSerif(0)/m/n/10.95 Pablo continúa alejando la atención de las acc
iones humanas como base de |   []
 []



[21]
Overfull \hbox (16.71829pt too wide) in paragraph at lines 1267--1267
 []\TU/IBMPlexSerif(0)/m/n/10.95 Pablo continúa mostrando palabras pronunciadas
 |   [] Dios dentro de la historia
 []



[22]
Overfull \hbox (8.46564pt too wide) in paragraph at lines 1312--1312
 []\TU/IBMPlexSerif(0)/m/n/10.95 El éxodo terminó mostrando el poder de Dios y 
|   [] conocido Su nombre.[] 
 []


Overfull \hbox (9.7468pt too wide) in paragraph at lines 1341--1341
 []\TU/IBMPlexSerif(0)/m/n/10.95 La conclusión retoma directamente el |   [] in
troducido en Romanos 9:15–16:[] 
 []



[23]
Overfull \hbox (15.37144pt too wide) in paragraph at lines 1386--1386
 []\TU/IBMPlexSerif(0)/m/n/10.95 Esta conclusión prepara directamente la objeci
ón que aparecerá |   [] el versículo
 []



[24]
Overfull \hbox (8.74672pt too wide) in paragraph at lines 1446--1446
 []\TU/IBMPlexSerif(0)/m/n/10.95 Ahora la objeción se dirige directamente a la 
relación entre la voluntad de |   []
 []



[25]
Overfull \hbox (18.28477pt too wide) in paragraph at lines 1496--1496
 []\TU/IBMPlexSerif(0)/m/n/10.95 A lo largo de Romanos 9, Pablo ha presentado r
epetidamente palabras pronunciadas
 []



[26]
Overfull \hbox (8.18823pt too wide) in paragraph at lines 1573--1573
 []\TU/IBMPlexSerif(0)/m/n/10.95 La respuesta avanza mediante una ilustración s
encilla antes de pasar nuevamente
 []



[27]

[28]

[29]
Overfull \hbox (44.11153pt too wide) in paragraph at lines 1770--1770
 []\TU/IBMPlexSerif(0)/m/n/10.95 Esta es una de las primeras veces en la secció
n donde Pablo |   [] incluye explícitamente
 []



[30]
Overfull \hbox (14.38226pt too wide) in paragraph at lines 1834--1834
 []\TU/IBMPlexSerif(0)/m/n/10.95 Pablo continúa respondiendo |   [] testimonios
 tomados de las Escrituras.[] 
 []



[31] [32]
Overfull \hbox (7.57506pt too wide) in paragraph at lines 1958--1958
 []\TU/IBMPlexSerif(0)/m/n/10.95 Los profetas anunciaron repetidamente que Isra
el sería dispersado entre las naciones. 
 []


Overfull \hbox (45.54964pt too wide) in paragraph at lines 1994--1994
 []\TU/IBMPlexSerif(0)/m/n/10.95 Israel todavía no ha experimentado la transfor
mación nacional descrita en Deuteronomio
 []


Overfull \hbox (14.30933pt too wide) in paragraph at lines 1998--1998
 []\TU/IBMPlexSerif(0)/m/n/10.95 El rey davídico prometido por los profetas tod
avía no reina sobre todas las naciones.[] 
 []



[33]

[34]

[35]

[36]
Overfull \hbox (4.60757pt too wide) in paragraph at lines 2203--2203
 []\TU/IBMPlexSerif(0)/m/n/10.95 Esta distinción encaja con el argumento que | 
  [] viene desarrollando desde
 []


Underfull \hbox (badness 3108) in paragraph at lines 2211--2213
[]\TU/IBMPlexSerif(2)/m/it/10.95 « PORQUE EL SEÑOR EJECUTARÁ SU PALABRA SOBRE L
A TIERRA CABALMENTE Y CON
 []



[37]
Underfull \hbox (badness 4084) in paragraph at lines 2265--2267
[]\TU/IBMPlexSerif(2)/m/it/10.95 « Y como Isaías predijo: «SI EL SEÑOR DE LOS E
JÉRCITOS NO NOS HUBIERA DEJADO
 []



[38]
Overfull \hbox (1.37733pt too wide) in paragraph at lines 2307--2307
 []\TU/IBMPlexSerif(0)/m/n/10.95 Esto complementa |   [] idea del remanente pre
sentada en el versículo anterior.[] 
 []


Overfull \hbox (9.04384pt too wide) in paragraph at lines 2315--2315
 []\TU/IBMPlexSerif(0)/m/n/10.95 Si |   [] Señor no hubiera dejado descendencia
, el resultado habría sido diferente.[] 
 []



[39]
Overfull \hbox (0.70724pt too wide) in paragraph at lines 2359--2359
 []\TU/IBMPlexSerif(0)/m/n/10.95 El argumento avanzará hacia la relación entre 
Israel, los gentiles y |   [] justicia.[] 
 []


Overfull \hbox (1.57031pt too wide) in paragraph at lines 2362--2376
\TU/IBMPlexSerif(0)/m/n/11 - Para demostrarlo, Pablo dirige repetidamente la at
ención a palabras pronunciadas
 []


Overfull \hbox (23.88472pt too wide) in paragraph at lines 2394--2394
 []\TU/IBMPlexSerif(0)/m/n/10.95 Después |   [] las citas de Oseas e Isaías, el
 argumento avanza hacia una conclusión.[] 
 []



[40]

[41]

[42]

[43]
Overfull \hbox (10.35052pt too wide) in paragraph at lines 2649--2649
 []\TU/IBMPlexSerif(0)/m/n/10.95 Romanos 10 continuará desarrollando |   [] tem
a de la fe, la justicia y la respuesta
 []



[44]
Overfull \hbox (4.3156pt too wide) in paragraph at lines 2711--2711
 []\TU/IBMPlexSerif(0)/m/n/10.95 La preocupación de Pablo por Israel sigue sien
do el trasfondo |   [] esta sección.[] 
 []



[45]
Overfull \hbox (5.49089pt too wide) in paragraph at lines 2750--2750
 []\TU/IBMPlexSerif(0)/m/n/10.95 Esta observación prepara el contraste que |   
[] inmediatamente después.[] 
 []


Overfull \hbox (20.5362pt too wide) in paragraph at lines 2773--2773
 []\TU/IBMPlexSerif(0)/m/n/10.95 Romanos 10 comienza |   [] explicar por qué Is
rael no ha respondido correctamente
 []


Overfull \hbox (25.68417pt too wide) in paragraph at lines 2777--2777
 []\TU/IBMPlexSerif(0)/m/n/10.95 Sin embargo, los versículos siguientes mostrar
án que ese celo no condujo a someterse
 []



[46]

[47]
Overfull \hbox (27.15pt too wide) in paragraph at lines 2880--2880
 []\TU/IBMPlexSerif(0)/m/n/10.95 Estas preguntas nos |   [] a observar el conte
xto antes de sacar conclusiones.[] 
 []


Overfull \hbox (5.7953pt too wide) in paragraph at lines 2896--2896
 []|   [] \TU/IBMPlexSerif(0)/m/n/10.95 de hablar de quienes procuraban estable
cer su propia justicia, Pablo
 []



[48]
Overfull \hbox (6.6808pt too wide) in paragraph at lines 2936--2936
 []\TU/IBMPlexSerif(0)/m/n/10.95 Los versículos 5–13 continuarán desarrollando 
cómo las Escrituras hablan acerca
 []


Overfull \hbox (12.54782pt too wide) in paragraph at lines 2952--2952
 []\TU/IBMPlexSerif(0)/m/n/10.95 Más adelante Pablo volverá repetidamente al te
ma de |   [], confesar e invocar.[] 
 []


Overfull \hbox (0.3163pt too wide) in paragraph at lines 2962--2975
\TU/IBMPlexSerif(0)/m/n/11 - Al comenzar Romanos 10, Pablo vuelve a hablar pers
onalmente y expresa su deseo
 []


Overfull \hbox (9.80302pt too wide) in paragraph at lines 2985--2985
[]\TU/IBMPlexSerif(0)/m/n/10.95 Después de |   [] repetidamente a las Escritura
s en Romanos 9, ahora dirige la atención
 []



[49]
Overfull \hbox (39.27959pt too wide) in paragraph at lines 3005--3005
[]\TU/IBMPlexSerif(0)/m/n/10.95 A lo largo de Romanos 9–11, Pablo responde repe
tidamente mediante citas de las |   [].[] 
 []


Overfull \hbox (51.80576pt too wide) in paragraph at lines 3007--3007
[]\TU/IBMPlexSerif(0)/m/n/10.95 Con frecuencia |   [] la atención a palabras pr
onunciadas mucho antes de los acontecimientos
 []



[50]

[51]

[52]
Overfull \hbox (19.66751pt too wide) in paragraph at lines 3220--3220
 []\TU/IBMPlexSerif(0)/m/n/10.95 El argumento se mueve hacia la afirmación cent
ral |   [] aparecerá en el versículo
 []



[53]

[54]
Overfull \hbox (36.93564pt too wide) in paragraph at lines 3293--3293
 []\TU/IBMPlexSerif(0)/m/n/10.95 Los versículos 9–10 desarrollarán precisamente
 los dos elementos |   [] mencionados
 []



[55]

[56]
Overfull \hbox (15.80945pt too wide) in paragraph at lines 3417--3417
 []\TU/IBMPlexSerif(0)/m/n/10.95 El |   [] continúa girando alrededor de la jus
ticia de Dios y de la respuesta
 []


Overfull \hbox (16.95189pt too wide) in paragraph at lines 3458--3458
 []\TU/IBMPlexSerif(0)/m/n/10.95 La palabra cercana descrita por Moisés es |   
[] explicada por Pablo en relación
 []


Overfull \hbox (3.56737pt too wide) in paragraph at lines 3465--3465
 []\TU/IBMPlexSerif(0)/m/n/10.95 Romanos 10 comenzó describiendo una situación 
|   [] Israel no se sometió
 []



[57]
Overfull \hbox (3.67683pt too wide) in paragraph at lines 3487--3487
 []\TU/IBMPlexSerif(0)/m/n/10.95 Pablo retoma una promesa que ya apareció |   [
] en Romanos 9:33.[] 
 []



[58]

[59]
Overfull \hbox (12.61932pt too wide) in paragraph at lines 3621--3621
 []\TU/IBMPlexSerif(0)/m/n/10.95 La misma amplitud |   [] apareció en los versí
culos anteriores vuelve a aparecer
 []



[60]
Overfull \hbox (4.89595pt too wide) in paragraph at lines 3656--3656
 []\TU/IBMPlexSerif(0)/m/n/10.95 La referencia a invocar ocupa |   [] lugar cen
tral en el desarrollo del argumento.[] 
 []


Overfull \hbox (5.90485pt too wide) in paragraph at lines 3682--3682
 \TU/IBMPlexSerif(0)/m/n/10.95 acerca de la |   [] de Dios, la restauración y l
a liberación de Su pueblo.[] 
 []


Overfull \hbox (26.40173pt too wide) in paragraph at lines 3699--3699
 []\TU/IBMPlexSerif(0)/m/n/10.95 Cada uno de estos |   [] ha sido utilizado par
a apoyar el mismo argumento.[] 
 []



[61]

[62]

[63]

[64]

[65]
Overfull \hbox (1.52121pt too wide) in paragraph at lines 4030--4030
 []\TU/IBMPlexSerif(0)/m/n/10.95 Si la fe viene del oír, podría preguntarse si 
el |   [] fue que nunca oyeron.[] 
 []



[66]
Overfull \hbox (12.44415pt too wide) in paragraph at lines 4065--4065
 []\TU/IBMPlexSerif(0)/m/n/10.95 La cita es presentada como evidencia de |   []
 el mensaje ha sido dado a conocer.[] 
 []



[67]
Overfull \hbox (5.7807pt too wide) in paragraph at lines 4101--4101
 []\TU/IBMPlexSerif(0)/m/n/10.95 Desde Romanos 9, Pablo ha estado mostrando que
 Dios ha hablado repetidamente
 []


Overfull \hbox (12.21785pt too wide) in paragraph at lines 4105--4105
 []|   [] \TU/IBMPlexSerif(0)/m/n/10.95 explicación ya no puede encontrarse en 
la ausencia de palabra o de anuncio.[] 
 []


Overfull \hbox (9.53877pt too wide) in paragraph at lines 4107--4107
 []\TU/IBMPlexSerif(0)/m/n/10.95 El argumento continúa avanzando |   [] la resp
uesta que se dio a ese mensaje.[] 
 []



[68]
Overfull \hbox (14.072pt too wide) in paragraph at lines 4180--4180
 []\TU/IBMPlexSerif(0)/m/n/10.95 Esta expresión recuerda temas que ya |   [] an
teriormente en Romanos
 []



[69]

[70]

[71]

[72]
Overfull \hbox (0.68748pt too wide) in paragraph at lines 4426--4426
 []|   [] \TU/IBMPlexSerif(0)/m/n/10.95 Pablo plantea la pregunta que surge nat
uralmente de esa descripción.[] 
 []


Overfull \hbox (8.44522pt too wide) in paragraph at lines 4436--4436
 []|   [] \TU/IBMPlexSerif(0)/m/n/10.95 de todo lo dicho sobre Israel, esta es 
la conclusión que podría parecer
 []



[73]

[74]
Overfull \hbox (10.37823pt too wide) in paragraph at lines 4528--4528
 []\TU/IBMPlexSerif(0)/m/n/10.95 Pablo transforma la negación del versículo ant
erior en una |   [] directa.[] 
 []


Overfull \hbox (1.51387pt too wide) in paragraph at lines 4551--4551
 []\TU/IBMPlexSerif(0)/m/n/10.95 Después de |   [] a Moisés e Isaías en Romanos
 10, ahora dirige la atención
 []



[75]

[76]

[77]

[78]

[79]
Overfull \hbox (6.59833pt too wide) in paragraph at lines 4846--4846
 []\TU/IBMPlexSerif(0)/m/n/10.95 Después de |   [] la base del remanente, Pablo
 volverá a la situación general
 []



[80]
Overfull \hbox (2.99431pt too wide) in paragraph at lines 4915--4915
 []\TU/IBMPlexSerif(0)/m/n/10.95 Esa afirmación será desarrollada y respaldada 
por las Escrituras en los versículos
 []



[81]

[82]
Overfull \hbox (9.63731pt too wide) in paragraph at lines 5043--5043
 []\TU/IBMPlexSerif(0)/m/n/10.95 La cita comienza con algo que |   [] se asocia
ría con provisión y bienestar. 
 []



[83]

[84]
Overfull \hbox (31.73947pt too wide) in paragraph at lines 5167--5167
 []\TU/IBMPlexSerif(0)/m/n/10.95 Después de confirmar el endurecimiento mediant
e |   [] Escrituras, Pablo formulará
 []


Overfull \hbox (16.36018pt too wide) in paragraph at lines 5182--5197
\TU/IBMPlexSerif(0)/m/n/11 - Pablo responde directamente a la pregunta: «¿Acaso
 ha desechado Dios a Su pueblo?»
 []


Overfull \hbox (14.33766pt too wide) in paragraph at lines 5182--5197
\TU/IBMPlexSerif(0)/m/n/11 - Pablo afirma que aquello que Israel buscaba no lo 
alcanzó, mientras que los escogidos
 []


Overfull \hbox (18.44066pt too wide) in paragraph at lines 5182--5197
\TU/IBMPlexSerif(0)/m/n/11 - Finalmente, apela nuevamente a las Escrituras para
 mostrar que este endurecimiento
 []


Overfull \hbox (8.92049pt too wide) in paragraph at lines 5182--5197
\TU/IBMPlexSerif(0)/m/n/11 - La siguiente sección planteará una nueva pregunta:
 «¿Acaso tropezaron para caer?» 
 []



[85]
Overfull \hbox (48.96019pt too wide) in paragraph at lines 5228--5228
 []\TU/IBMPlexSerif(0)/m/n/10.95 Después de hablar del remanente y |   [] endur
ecimiento, Pablo continúa desarrollando
 []


Overfull \hbox (6.18802pt too wide) in paragraph at lines 5264--5264
 []\TU/IBMPlexSerif(0)/m/n/10.95 Pablo continúa desarrollando el argumento desp
ués de negar esa |   [].[] 
 []


Overfull \hbox (2.85927pt too wide) in paragraph at lines 5272--5272
 []\TU/IBMPlexSerif(0)/m/n/10.95 La atención se desplaza |   [] aquello que ocu
rrió a partir de su transgresión.[] 
 []



[86]

[87]
Overfull \hbox (15.25832pt too wide) in paragraph at lines 5418--5418
 []\TU/IBMPlexSerif(0)/m/n/10.95 Esta es la primera vez en la sección que ident
ifica |   [] claramente a su audiencia
 []



[88]

[89]
Overfull \hbox (0.92404pt too wide) in paragraph at lines 5522--5522
 []\TU/IBMPlexSerif(0)/m/n/10.95 Después de |   [] de transgresión, riqueza y p
lenitud, Pablo pasará a hablar
 []



[90]
Overfull \hbox (4.84267pt too wide) in paragraph at lines 5583--5583
 []\TU/IBMPlexSerif(0)/m/n/10.95 Igual que en el versículo 12, el énfasis recae
 sobre |   [] que todavía espera.[] 
 []



[91]
Overfull \hbox (0.77509pt too wide) in paragraph at lines 5646--5646
 []\TU/IBMPlexSerif(0)/m/n/10.95 Los versículos siguientes |   [] a explicar po
r qué Pablo puede hablar
 []


Overfull \hbox (9.83952pt too wide) in paragraph at lines 5660--5660
 []|   [] \TU/IBMPlexSerif(0)/m/n/10.95 de hablar del rechazo y de la admisión,
 utiliza una ilustración tomada
 []



[92]

[93]

[94]
Overfull \hbox (4.28639pt too wide) in paragraph at lines 5875--5875
 []\TU/IBMPlexSerif(0)/m/n/10.95 Pablo pasará de describir |   [] injerto a cor
regir una posible actitud equivocada:[] 
 []



[95]

[96]
Overfull \hbox (17.59793pt too wide) in paragraph at lines 5977--5977
 []\TU/IBMPlexSerif(0)/m/n/10.95 Pablo pone en palabras |   [] razonamiento que
 podría surgir después de la advertencia
 []



[97]
Overfull \hbox (18.86449pt too wide) in paragraph at lines 6020--6020
 []\TU/IBMPlexSerif(0)/m/n/10.95 Precisamente esa perspectiva |   [] corregida 
por Pablo en el siguiente versículo.[] 
 []



[98]
Overfull \hbox (11.32507pt too wide) in paragraph at lines 6142--6142
 []\TU/IBMPlexSerif(0)/m/n/10.95 Si |   [] actuó así con las ramas naturales, e
l injertado no debe sentirse inmune.[] 
 []



[99]

[100]
Overfull \hbox (28.55888pt too wide) in paragraph at lines 6235--6235
 []\TU/IBMPlexSerif(0)/m/n/10.95 El injertado no |   [] interpretar su posición
 como una garantía para la arrogancia.[] 
 []



[101]

[102]

[103]
Overfull \hbox (8.69925pt too wide) in paragraph at lines 6400--6400
 []\TU/IBMPlexSerif(0)/m/n/10.95 Lo |   [] sigue tiene como propósito corregir 
una manera equivocada de pensar.[] 
 []


Overfull \hbox (5.22807pt too wide) in paragraph at lines 6408--6408
 []\TU/IBMPlexSerif(0)/m/n/10.95 No quiere que sus lectores permanezcan en igno
rancia acerca de este |   [].[] 
 []



[104]

[105]
Overfull \hbox (11.06593pt too wide) in paragraph at lines 6556--6556
 []\TU/IBMPlexSerif(0)/m/n/10.95 Como ha hecho repetidamente a lo largo |   [] 
Romanos 9–11, apela al testimonio
 []



[106]
Overfull \hbox (25.51846pt too wide) in paragraph at lines 6572--6572
 []\TU/IBMPlexSerif(0)/m/n/10.95 La salvación mencionada en el versículo no |  
 [] separada de su intervención.[] 
 []



[107]
Overfull \hbox (22.624pt too wide) in paragraph at lines 6629--6629
 []\TU/IBMPlexSerif(0)/m/n/10.95 La salvación mencionada |   [] los versículos 
anteriores continúa siendo explicada.[] 
 []



[108]
Overfull \hbox (5.37775pt too wide) in paragraph at lines 6722--6722
 []\TU/IBMPlexSerif(0)/m/n/10.95 El mismo grupo que aparece como enemigo en la 
primera mitad del |   []
 []



[109]

[110]
Overfull \hbox (13.63039pt too wide) in paragraph at lines 6845--6845
 []\TU/IBMPlexSerif(0)/m/n/10.95 La |   [] recibida por los gentiles está relac
ionada con la desobediencia
 []



[111]
Overfull \hbox (8.38536pt too wide) in paragraph at lines 6885--6885
 []\TU/IBMPlexSerif(0)/m/n/10.95 La |   [] mostrada a los gentiles no aparece c
omo el final de la historia.[] 
 []


Overfull \hbox (4.5492pt too wide) in paragraph at lines 6887--6887
 []\TU/IBMPlexSerif(0)/m/n/10.95 Aparece como parte del camino por el cual |   
[] misericordia alcanzará también
 []



[112]
Overfull \hbox (13.5823pt too wide) in paragraph at lines 6936--6953
\TU/IBMPlexSerif(0)/m/n/11 - Repetidamente desarrolla el mismo patrón: transgre
sión, beneficio para los gentiles,
 []


Overfull \hbox (7.22798pt too wide) in paragraph at lines 6936--6953
\TU/IBMPlexSerif(0)/m/n/11 - El endurecimiento actual de Israel es presentado c
omo parcial y temporal, mientras
 []



[113]
Overfull \hbox (2.17305pt too wide) in paragraph at lines 6988--6988
 []\TU/IBMPlexSerif(0)/m/n/10.95 Los presenta como algo que |   [] puede ser ag
otado ni medido completamente.[] 
 []


Overfull \hbox (1.9431pt too wide) in paragraph at lines 7004--7004
 []\TU/IBMPlexSerif(0)/m/n/10.95 La doxología continuará con una serie de |   [
] que resaltan la grandeza
 []


Overfull \hbox (6.26837pt too wide) in paragraph at lines 7023--7023
 []\TU/IBMPlexSerif(0)/m/n/10.95 La pregunta enfatiza la distancia entre el con
ocimiento humano y el conocimiento
 []



[114]

[115]
Overfull \hbox (7.55797pt too wide) in paragraph at lines 7153--7170
\TU/IBMPlexSerif(0)/m/n/11 Repetidamente desarrolla el mismo patrón: transgresi
ón, beneficio para los gentiles,
 []


Overfull \hbox (5.52664pt too wide) in paragraph at lines 7153--7170
\TU/IBMPlexSerif(0)/m/n/11 -El endurecimiento actual de Israel es presentado co
mo parcial y temporal, mientras
 []



[116]
Overfull \hbox (4.08932pt too wide) in paragraph at lines 7191--7191
 []\TU/IBMPlexSerif(0)/m/n/10.95 Todo lo |   [] sigue nace de lo que acaba de e
xplicar acerca de las misericordias
 []



[117]
Overfull \hbox (4.80103pt too wide) in paragraph at lines 7231--7231
 []\TU/IBMPlexSerif(0)/m/n/10.95 Las expresiones “vivo” |   [] “santo” describe
n la clase de presentación que Pablo
 []



[118]
Overfull \hbox (24.14967pt too wide) in paragraph at lines 7277--7277
 []\TU/IBMPlexSerif(0)/m/n/10.95 La exhortación avanza desde la conducta extern
a hacia |   [] cambio más profundo.[] 
 []


Overfull \hbox (10.11908pt too wide) in paragraph at lines 7307--7307
 []\TU/IBMPlexSerif(0)/m/n/10.95 La secuencia |   [] es clara: presentación → t
ransformación → renovación
 []



[119]
Overfull \hbox (8.0094pt too wide) in paragraph at lines 7347--7347
 []\TU/IBMPlexSerif(0)/m/n/10.95 Esta |   [] prepara el ejemplo del cuerpo y lo
s miembros que aparecerá
 []


Overfull \hbox (28.46764pt too wide) in paragraph at lines 7357--7357
 []\TU/IBMPlexSerif(0)/m/n/10.95 Pablo reemplaza la exageración |   [] por una 
evaluación sobria y equilibrada.[] 
 []


Overfull \hbox (3.99953pt too wide) in paragraph at lines 7369--7369
 []\TU/IBMPlexSerif(0)/m/n/10.95 El énfasis se encuentra en lo que Dios ha dist
ribuido, no en |   [] personales.[] 
 []


Overfull \hbox (5.15874pt too wide) in paragraph at lines 7371--7371
 []\TU/IBMPlexSerif(0)/m/n/10.95 Esta |   [] prepara el tema de los diferentes 
dones que aparecerá más adelante
 []



[120]
Overfull \hbox (14.55022pt too wide) in paragraph at lines 7391--7391
 []\TU/IBMPlexSerif(0)/m/n/10.95 la siguiente frase añade una observación |   [
] acerca de esos miembros.[] 
 []


Overfull \hbox (17.99214pt too wide) in paragraph at lines 7419--7419
 []|   [] \TU/IBMPlexSerif(0)/m/n/10.95 énfasis permanece en la existencia de m
uchos dentro de una misma realidad.[] 
 []



[121]
Overfull \hbox (12.47334pt too wide) in paragraph at lines 7447--7447
 []|   [] \TU/IBMPlexSerif(0)/m/n/10.95 relación prepara naturalmente la conver
sación sobre los diferentes dones
 []


Overfull \hbox (0.25314pt too wide) in paragraph at lines 7449--7449
 []\TU/IBMPlexSerif(0)/m/n/10.95 Romanos 12:6 explicará cómo esta diversidad | 
  [] expresa mediante distintos
 []


Overfull \hbox (16.57959pt too wide) in paragraph at lines 7477--7477
 []\TU/IBMPlexSerif(0)/m/n/10.95 Esta referencia a la gracia mantiene el mismo 
énfasis de humildad |   [] apareció
 []



[122]
Overfull \hbox (0.21812pt too wide) in paragraph at lines 7487--7487
 []\TU/IBMPlexSerif(0)/m/n/10.95 Los dones no son |   [] para ser admirados o c
omparados, sino para
 []


Overfull \hbox (8.35976pt too wide) in paragraph at lines 7489--7489
 []\TU/IBMPlexSerif(0)/m/n/10.95 Lo que sigue muestra |   [] ejemplos de cómo d
ebe funcionar esta diversidad
 []



[123]
Overfull \hbox (27.0815pt too wide) in paragraph at lines 7590--7606
\TU/IBMPlexSerif(0)/m/n/11 - Pablo pasa de explicar las misericordias de Dios a
 mostrar la respuesta que corresponde
 []


Overfull \hbox (19.30087pt too wide) in paragraph at lines 7590--7606
\TU/IBMPlexSerif(0)/m/n/11 - Pablo utiliza la imagen del cuerpo para mostrar qu
e la unidad no elimina la diversidad. 
 []


Overfull \hbox (1.12148pt too wide) in paragraph at lines 7590--7606
\TU/IBMPlexSerif(0)/m/n/11 - Los distintos dones son presentados como expresion
es de la gracia de Dios y deben
 []



[124]
Overfull \hbox (8.36343pt too wide) in paragraph at lines 7650--7650
 []\TU/IBMPlexSerif(0)/m/n/10.95 Las dos expresiones juntas funcionan como intr
oducción a todas las instrucciones
 []



[125]
Overfull \hbox (18.36809pt too wide) in paragraph at lines 7710--7710
 []\TU/IBMPlexSerif(0)/m/n/10.95 El |   [] es a mantener compromiso y dedicació
n en aquello que corresponde
 []



[126]
Overfull \hbox (36.459pt too wide) in paragraph at lines 7764--7764
 []\TU/IBMPlexSerif(0)/m/n/10.95 El |   [] en la esperanza no elimina las dific
ultades, pero acompaña la perseverancia
 []


Overfull \hbox (57.22237pt too wide) in paragraph at lines 7776--7776
 []\TU/IBMPlexSerif(0)/m/n/10.95 La oración aparece como una práctica continua 
dentro de la vida que está |   [].[] 
 []



[127]
Overfull \hbox (27.16092pt too wide) in paragraph at lines 7794--7794
 []|   [] \TU/IBMPlexSerif(0)/m/n/10.95 amor descrito en esta sección incluye p
articipación práctica en las necesidades
 []


Overfull \hbox (4.97987pt too wide) in paragraph at lines 7808--7808
 []\TU/IBMPlexSerif(0)/m/n/10.95 Ambas |   [] muestran un amor que se traduce e
n acciones visibles.[] 
 []


Overfull \hbox (7.59477pt too wide) in paragraph at lines 7824--7824
 []\TU/IBMPlexSerif(0)/m/n/10.95 Ya no habla solamente de la relación entre cre
yentes, sino |   [] de quienes
 []



[128]
Overfull \hbox (2.42273pt too wide) in paragraph at lines 7888--7888
 []\TU/IBMPlexSerif(0)/m/n/10.95 El énfasis está en la relación entre los creye
ntes, no en |   [] exaltación personal.[] 
 []



[129]
Overfull \hbox (33.0192pt too wide) in paragraph at lines 7922--7922
 []\TU/IBMPlexSerif(0)/m/n/10.95 La autosuficiencia intelectual y la confianza 
exagerada en el propio criterio contradicen
 []


Overfull \hbox (26.55502pt too wide) in paragraph at lines 7926--7926
 []\TU/IBMPlexSerif(0)/m/n/10.95 Romanos 12:17 comenzará |   [] estos principio
s en situaciones de conflicto
 []


Overfull \hbox (0.29114pt too wide) in paragraph at lines 7940--7940
 []\TU/IBMPlexSerif(0)/m/n/10.95 Después de hablar de humildad y armonía, ahora
 aborda la manera de responder
 []



[130]
Overfull \hbox (11.0681pt too wide) in paragraph at lines 7982--7982
 []\TU/IBMPlexSerif(0)/m/n/10.95 Pablo enfoca la atención en aquello que sí est
á |   [] la responsabilidad del creyente. 
 []


Overfull \hbox (11.60614pt too wide) in paragraph at lines 7984--7984
 []\TU/IBMPlexSerif(0)/m/n/10.95 El énfasis no está |   [] controlar la respues
ta de otros, sino en la propia conducta.[] 
 []


Overfull \hbox (10.57683pt too wide) in paragraph at lines 8024--8024
 []\TU/IBMPlexSerif(0)/m/n/10.95 Después de ordenar paz y rechazo del mal por m
al, ahora especifica que el creyente
 []



[131]
Overfull \hbox (40.11115pt too wide) in paragraph at lines 8066--8066
 []\TU/IBMPlexSerif(0)/m/n/10.95 Romanos 12:20 mostrará una respuesta completam
ente diferente hacia el |   [].[] 
 []


Overfull \hbox (0.39915pt too wide) in paragraph at lines 8078--8078
 []\TU/IBMPlexSerif(0)/m/n/10.95 Pablo continúa con una cita bíblica que presen
ta una respuesta inesperada |   []
 []



[132]
Overfull \hbox (16.84604pt too wide) in paragraph at lines 8092--8092
 []|   [] \TU/IBMPlexSerif(0)/m/n/10.95 respuesta al enemigo no es presentada c
omo represalia sino como provisión.[] 
 []


Overfull \hbox (9.92201pt too wide) in paragraph at lines 8148--8148
 []\TU/IBMPlexSerif(0)/m/n/10.95 Responder al mal con mal significa permitir qu
e el mal |   [] la conducta.[] 
 []


Overfull \hbox (21.456pt too wide) in paragraph at lines 8150--8150
 []\TU/IBMPlexSerif(0)/m/n/10.95 Este versículo funciona como conclusión de tod
a la sección |   [] en Romanos
 []



[133]
Overfull \hbox (29.24876pt too wide) in paragraph at lines 8164--8164
 []\TU/IBMPlexSerif(0)/m/n/10.95 Romanos 13 comenzará una nueva sección enfocad
a en la relación con las autoridades
 []


Overfull \hbox (22.57591pt too wide) in paragraph at lines 8167--8181
\TU/IBMPlexSerif(0)/m/n/11 - La sección enfatiza la humildad, la unidad, el ser
vicio, la hospitalidad y la participación
 []



[134]
Overfull \hbox (22.30063pt too wide) in paragraph at lines 8211--8211
 []\TU/IBMPlexSerif(0)/m/n/10.95 La razón presentada no se basa en la calidad d
e los gobernantes, sino en el |   []
 []


Overfull \hbox (7.50934pt too wide) in paragraph at lines 8213--8213
 []\TU/IBMPlexSerif(0)/m/n/10.95 El argumento comienza con una |   [] general a
cerca de toda autoridad.[] 
 []


Overfull \hbox (34.46825pt too wide) in paragraph at lines 8225--8225
 []\TU/IBMPlexSerif(0)/m/n/10.95 Ambas afirmaciones juntas sirven de fundamento
 para |   [] exhortación a someterse.[] 
 []


Overfull \hbox (18.00676pt too wide) in paragraph at lines 8257--8257
 []\TU/IBMPlexSerif(0)/m/n/10.95 Pablo conecta |   [] resistencia a la autorida
d con oposición a lo que Dios ha establecido. 
 []



[135]
Overfull \hbox (3.89221pt too wide) in paragraph at lines 8273--8273
 []\TU/IBMPlexSerif(0)/m/n/10.95 Este resultado prepara la explicación acerca d
e la función de los |   []
 []



[136]
Overfull \hbox (4.26453pt too wide) in paragraph at lines 8347--8347
 []\TU/IBMPlexSerif(0)/m/n/10.95 La autoridad es presentada como un servidor qu
e cumple |   [] función dentro
 []


Overfull \hbox (16.85335pt too wide) in paragraph at lines 8359--8359
 []\TU/IBMPlexSerif(0)/m/n/10.95 La advertencia se dirige a quien practica aque
llo que la autoridad debe |   [].[] 
 []


Overfull \hbox (40.32286pt too wide) in paragraph at lines 8381--8381
 []\TU/IBMPlexSerif(0)/m/n/10.95 La repetición subraya la función que la autori
dad desempeña dentro del |   [].[] 
 []



[137]

[138]
Overfull \hbox (12.04997pt too wide) in paragraph at lines 8465--8465
 []\TU/IBMPlexSerif(0)/m/n/10.95 La |   [] conecta directamente con la explicac
ión previa acerca de la autoridad.[] 
 []


Overfull \hbox (0.96855pt too wide) in paragraph at lines 8477--8477
 []\TU/IBMPlexSerif(0)/m/n/10.95 La |   [] de los gobernantes sigue siendo el f
undamento de la exhortación.[] 
 []


Overfull \hbox (8.45837pt too wide) in paragraph at lines 8487--8487
 []\TU/IBMPlexSerif(0)/m/n/10.95 El versículo cierra reafirmando la |   [] entr
e la función de los gobernantes
 []


Overfull \hbox (4.17688pt too wide) in paragraph at lines 8489--8489
 []\TU/IBMPlexSerif(0)/m/n/10.95 Romanos 13:7 resumirá |   [] sección mediante 
varias obligaciones concretas
 []


Overfull \hbox (9.74313pt too wide) in paragraph at lines 8517--8517
 []\TU/IBMPlexSerif(0)/m/n/10.95 El creyente debía entregar aquello que corresp
ondía en |   [] de impuestos.[] 
 []



[139]
Overfull \hbox (32.38774pt too wide) in paragraph at lines 8566--8566
 []\TU/IBMPlexSerif(0)/m/n/10.95 El siguiente versículo ampliará este mismo tem
a |   [] una nueva declaración:[] 
 []


Overfull \hbox (25.22281pt too wide) in paragraph at lines 8590--8590
 []\TU/IBMPlexSerif(0)/m/n/10.95 El amor mutuo aparece como una responsabilidad
 constante dentro |   [] la comunidad. 
 []



[140]
Overfull \hbox (33.04106pt too wide) in paragraph at lines 8600--8600
 []\TU/IBMPlexSerif(0)/m/n/10.95 Los versículos siguientes explicarán esta afir
mación mediante ejemplos |   []
 []



[141]
Overfull \hbox (1.90295pt too wide) in paragraph at lines 8678--8678
 []\TU/IBMPlexSerif(0)/m/n/10.95 La figura prepara el contraste entre noche y d
ía que |   [] en los versículos
 []



[142]
Overfull \hbox (8.53502pt too wide) in paragraph at lines 8730--8730
 []\TU/IBMPlexSerif(0)/m/n/10.95 La lista incluye tanto excesos visibles |   []
 actitudes que dañan las relaciones
 []


Overfull \hbox (0.36761pt too wide) in paragraph at lines 8755--8771
\TU/IBMPlexSerif(0)/m/n/11 - La sección conecta la obediencia práctica, el amor
 al prójimo y una vida consciente
 []


Overfull \hbox (9.36928pt too wide) in paragraph at lines 8755--8771
\TU/IBMPlexSerif(0)/m/n/11 del tiempo presente, llamando al creyente a vivir de
 manera coherente con la realidad
 []



[143]

[144]
Overfull \hbox (10.48044pt too wide) in paragraph at lines 8846--8846
 []\TU/IBMPlexSerif(0)/m/n/10.95 Quien tiene mayor libertad |   [] debe mirar a
l otro con desprecio o superioridad.[] 
 []


Overfull \hbox (11.36887pt too wide) in paragraph at lines 8868--8868
 []\TU/IBMPlexSerif(0)/m/n/10.95 Si Dios ha recibido a esa persona, los creyent
es no |   [] base para rechazarla.[] 
 []



[145]
Overfull \hbox (3.15489pt too wide) in paragraph at lines 8920--8920
 []\TU/IBMPlexSerif(0)/m/n/10.95 Romanos 14:5 introduce un segundo |   [] de di
ferencias entre creyentes.[] 
 []


Overfull \hbox (13.60487pt too wide) in paragraph at lines 8944--8944
 []\TU/IBMPlexSerif(0)/m/n/10.95 El contraste es similar al |   [] anterior: cr
eyentes que llegan a conclusiones
 []


Overfull \hbox (15.30357pt too wide) in paragraph at lines 8946--8946
 []\TU/IBMPlexSerif(0)/m/n/10.95 El énfasis continúa estando en la convivencia,
 no en la discusión |   [] calendario.[] 
 []



[146]
Overfull \hbox (19.3682pt too wide) in paragraph at lines 8978--8978
 []\TU/IBMPlexSerif(0)/m/n/10.95 La diferencia externa no |   [] necesariamente
 una diferencia en el propósito.[] 
 []


Overfull \hbox (36.27133pt too wide) in paragraph at lines 8988--8988
 []\TU/IBMPlexSerif(0)/m/n/10.95 Pablo utiliza esta observación para mostrar la
 orientación común de ambos |   [].[] 
 []


Overfull \hbox (36.78966pt too wide) in paragraph at lines 9008--9008
 []\TU/IBMPlexSerif(0)/m/n/10.95 Romanos 14:7 presentará el principio general q
ue sostiene todo |   [] razonamiento.[] 
 []



[147]
Overfull \hbox (27.65005pt too wide) in paragraph at lines 9050--9050
 []\TU/IBMPlexSerif(0)/m/n/10.95 Esto explica por qué las diferencias tratadas 
en este |   [] no deben convertirse
 []


Overfull \hbox (24.42345pt too wide) in paragraph at lines 9086--9086
 []\TU/IBMPlexSerif(0)/m/n/10.95 La muerte y resurrección de Cristo se presenta
n como acontecimientos que sostienen
 []



[148]
Overfull \hbox (35.10484pt too wide) in paragraph at lines 9096--9096
 []\TU/IBMPlexSerif(0)/m/n/10.95 La afirmación abarca |   [] vivos y muertos, r
etomando las dos categorías mencionadas
 []


Overfull \hbox (8.24666pt too wide) in paragraph at lines 9114--9114
 []\TU/IBMPlexSerif(0)/m/n/10.95 La pregunta obliga al lector a reconsiderar su
 postura frente a otros |   [].[] 
 []


Overfull \hbox (12.01341pt too wide) in paragraph at lines 9122--9122
 []\TU/IBMPlexSerif(0)/m/n/10.95 Ambos comportamientos rompen la relación |   [
] debe existir entre hermanos.[] 
 []


Overfull \hbox (4.92151pt too wide) in paragraph at lines 9134--9134
 []\TU/IBMPlexSerif(0)/m/n/10.95 El énfasis deja de estar en la evaluación |   
[] y pasa a la evaluación divina.[] 
 []



[149]
Overfull \hbox (15.11958pt too wide) in paragraph at lines 9204--9204
 []\TU/IBMPlexSerif(0)/m/n/10.95 La siguiente exhortación aplicará esta conclus
ión al problema del |   [] mutuo.[] 
 []


Overfull \hbox (22.13882pt too wide) in paragraph at lines 9207--9222
\TU/IBMPlexSerif(0)/m/n/11 - Pablo exhorta a los creyentes a recibirse mutuamen
te aun cuando tengan convicciones
 []



[150]
Overfull \hbox (24.8432pt too wide) in paragraph at lines 9260--9260
 []\TU/IBMPlexSerif(0)/m/n/10.95 Pablo dirige la atención al efecto que una con
ducta puede tener sobre otros |   []. 
 []



[151]
Overfull \hbox (12.5208pt too wide) in paragraph at lines 9300--9300
 []\TU/IBMPlexSerif(0)/m/n/10.95 El versículo |   [] mostrará cómo esto afecta 
la conducta hacia el hermano.[] 
 []


Overfull \hbox (4.21706pt too wide) in paragraph at lines 9324--9324
 []\TU/IBMPlexSerif(0)/m/n/10.95 Esto conecta con el énfasis desarrollado |   [
] en Romanos 12:9–10
 []



[152]
Overfull \hbox (39.68773pt too wide) in paragraph at lines 9352--9352
 []|   [] \TU/IBMPlexSerif(0)/m/n/10.95 atención continúa enfocada en proteger 
la unidad y evitar tropiezos innecesarios.[] 
 []


Overfull \hbox (11.1192pt too wide) in paragraph at lines 9382--9382
 []\TU/IBMPlexSerif(0)/m/n/10.95 La paz conecta especialmente con la exhortació
n |   [] aparecerá en el versículo
 []


Overfull \hbox (11.82364pt too wide) in paragraph at lines 9398--9398
 []\TU/IBMPlexSerif(0)/m/n/10.95 El énfasis |   [] en servir a Cristo según las
 prioridades que acaba de mencionar.[] 
 []



[153]
Overfull \hbox (8.29778pt too wide) in paragraph at lines 9454--9454
 []\TU/IBMPlexSerif(0)/m/n/10.95 La exhortación mantiene el énfasis en el valor
 |   [] hermano y de la comunidad.[] 
 []



[154]
Overfull \hbox (3.71698pt too wide) in paragraph at lines 9516--9516
 []\TU/IBMPlexSerif(0)/m/n/10.95 Pablo se dirige directamente al creyente que p
osee una convicción determinada sobre
 []


Overfull \hbox (6.5056pt too wide) in paragraph at lines 9534--9534
 []\TU/IBMPlexSerif(0)/m/n/10.95 La persona aprueba una conducta sin quedar con
denada por ella en su |   []
 []



[155]
Overfull \hbox (23.2226pt too wide) in paragraph at lines 9572--9572
 []\TU/IBMPlexSerif(0)/m/n/10.95 Esta explicación conecta directamente con el |
   [] desarrollado en los versículos
 []


Overfull \hbox (17.14537pt too wide) in paragraph at lines 9580--9580
 []\TU/IBMPlexSerif(0)/m/n/10.95 El principio resume el problema tratado a lo l
argo del capítulo: actuar sin convicción
 []


Overfull \hbox (27.20474pt too wide) in paragraph at lines 9582--9582
 []\TU/IBMPlexSerif(0)/m/n/10.95 Con esta afirmación concluye la discusión inic
iada en Romanos 14:1 sobre diferencias
 []



[156]

[157]
Overfull \hbox (4.36665pt too wide) in paragraph at lines 9681--9681
 []\TU/IBMPlexSerif(0)/m/n/10.95 Esto refuerza la exhortación de |   [] buscar 
principalmente el propio beneficio.[] 
 []


Overfull \hbox (3.32794pt too wide) in paragraph at lines 9713--9713
 []\TU/IBMPlexSerif(0)/m/n/10.95 No se limita al |   [] recién citado, sino que
 habla de las Escrituras en general.[] 
 []



[158]
Overfull \hbox (1.3971pt too wide) in paragraph at lines 9733--9733
 []\TU/IBMPlexSerif(0)/m/n/10.95 La paciencia, el consuelo y la esperanza apare
cen unidos |   [] de la misma
 []


Overfull \hbox (3.498pt too wide) in paragraph at lines 9735--9735
 []\TU/IBMPlexSerif(0)/m/n/10.95 El |   [] de la esperanza conecta con varias s
ecciones anteriores de Romanos.[] 
 []


Overfull \hbox (2.26065pt too wide) in paragraph at lines 9737--9737
 []\TU/IBMPlexSerif(0)/m/n/10.95 el versículo |   [] se convierte en una oració
n basada en estos conceptos.[] 
 []


Overfull \hbox (4.31561pt too wide) in paragraph at lines 9761--9761
 []|   [] \TU/IBMPlexSerif(0)/m/n/10.95 preocupación sigue siendo la convivenci
a entre creyentes con diferencias.[] 
 []



[159]
Overfull \hbox (15.76201pt too wide) in paragraph at lines 9799--9799
 []\TU/IBMPlexSerif(0)/m/n/10.95 Este versículo funciona como |   [] culminació
n de la oración iniciada en Romanos
 []


Overfull \hbox (20.7406pt too wide) in paragraph at lines 9847--9847
 []|   [] \TU/IBMPlexSerif(0)/m/n/10.95 explica cómo Cristo contribuye a la ace
ptación mutua que acaba de mencionar. 
 []



[160]
Overfull \hbox (15.98465pt too wide) in paragraph at lines 9871--9871
 []\TU/IBMPlexSerif(0)/m/n/10.95 El versículo siguiente añade un segundo propós
ito |   [] con los gentiles.[] 
 []


Overfull \hbox (20.65665pt too wide) in paragraph at lines 9887--9887
 []\TU/IBMPlexSerif(0)/m/n/10.95 La |   [] vuelve a ocupar un lugar importante 
en el argumento (Romanos
 []


Overfull \hbox (0.47214pt too wide) in paragraph at lines 9897--9897
 []|   [] \TU/IBMPlexSerif(0)/m/n/10.95 partir de aquí reunirá varias citas que
 muestran a los gentiles participando
 []



[161]
Overfull \hbox (7.9437pt too wide) in paragraph at lines 9951--9951
 []\TU/IBMPlexSerif(0)/m/n/10.95 Tanto los gentiles como los pueblos aparecen c
onvocados a |   [] al Señor.
 []


Overfull \hbox (0.17648pt too wide) in paragraph at lines 9975--9975
 []\TU/IBMPlexSerif(0)/m/n/10.95 Pablo utiliza este texto como parte de |   [] 
demostración acerca de los gentiles.[] 
 []



[162]

[163]
Overfull \hbox (17.01178pt too wide) in paragraph at lines 10081--10081
 []|   [] \TU/IBMPlexSerif(0)/m/n/10.95 que sigue no es una corrección severa, 
sino un reconocimiento de cualidades
 []



[164]
Overfull \hbox (22.28453pt too wide) in paragraph at lines 10105--10105
 []\TU/IBMPlexSerif(0)/m/n/10.95 Esta observación encaja con |   [] énfasis com
unitario desarrollado desde Romanos
 []



[165]
Overfull \hbox (12.98946pt too wide) in paragraph at lines 10173--10173
 []\TU/IBMPlexSerif(0)/m/n/10.95 El énfasis sigue estando en |   [] función de 
servicio, no en su propia importancia.[] 
 []



[166]
Overfull \hbox (13.51724pt too wide) in paragraph at lines 10233--10233
 []\TU/IBMPlexSerif(0)/m/n/10.95 No pretende llamar la atención sobre experienc
ias o logros ajenos |   [] ministerio
 []


Overfull \hbox (7.06041pt too wide) in paragraph at lines 10275--10275
 []\TU/IBMPlexSerif(0)/m/n/10.95 Las señales y prodigios aparecen como acompaña
miento |   [] la obra realizada.[] 
 []



[167]
Overfull \hbox (12.05727pt too wide) in paragraph at lines 10291--10291
 []\TU/IBMPlexSerif(0)/m/n/10.95 La descripción abarca |   [] amplia región y m
uestra el alcance de su ministerio.[] 
 []


Overfull \hbox (37.43933pt too wide) in paragraph at lines 10301--10301
 []\TU/IBMPlexSerif(0)/m/n/10.95 Romanos 15:20 continuará explicando la estrate
gia |   [] caracterizó este ministerio:
 []


Overfull \hbox (4.14041pt too wide) in paragraph at lines 10325--10325
 []\TU/IBMPlexSerif(0)/m/n/10.95 Su objetivo era trabajar en |   [] donde Crist
o aún no había sido anunciado.[] 
 []



[168]
Overfull \hbox (15.66344pt too wide) in paragraph at lines 10363--10363
 []|   [] \TU/IBMPlexSerif(0)/m/n/10.95 presenta este texto como respaldo de su
 ministerio entre nuevos pueblos.[] 
 []



[169]
Overfull \hbox (14.91882pt too wide) in paragraph at lines 10413--10413
 []\TU/IBMPlexSerif(0)/m/n/10.95 Su dedicación a regiones donde |   [] no había
 sido anunciado había retrasado
 []


Overfull \hbox (51.60133pt too wide) in paragraph at lines 10427--10427
 []\TU/IBMPlexSerif(0)/m/n/10.95 La labor que venía desarrollando en esas regio
nes ha llegado a un punto de |   [].[] 
 []


Overfull \hbox (14.90938pt too wide) in paragraph at lines 10435--10435
 []\TU/IBMPlexSerif(0)/m/n/10.95 La visita |   [] Roma no surge repentinamente,
 sino que ha estado presente durante
 []



[170]
Overfull \hbox (25.65715pt too wide) in paragraph at lines 10509--10509
 []\TU/IBMPlexSerif(0)/m/n/10.95 Las iglesias de estas |   [] participaron volu
ntariamente en una contribución.[] 
 []



[171]

[172]
Overfull \hbox (15.03929pt too wide) in paragraph at lines 10689--10689
 []\TU/IBMPlexSerif(0)/m/n/10.95 La relación con la iglesia de |   [] aparece n
uevamente en términos personales
 []



[173]
Overfull \hbox (5.0925pt too wide) in paragraph at lines 10716--10730
\TU/IBMPlexSerif(0)/m/n/11 - Pablo presenta esta ayuda como una expresión de la
 relación entre judíos y gentiles,
 []


Overfull \hbox (20.18814pt too wide) in paragraph at lines 10716--10730
\TU/IBMPlexSerif(0)/m/n/11 pues quienes participaron de bienes espirituales tam
bién sirven con bienes materiales. 
 []


Overfull \hbox (19.34265pt too wide) in paragraph at lines 10716--10730
\TU/IBMPlexSerif(0)/m/n/11 - Aunque tiene planes definidos, reconoce su depende
ncia de Dios y pide a los creyentes
 []


Overfull \hbox (8.00014pt too wide) in paragraph at lines 10716--10730
\TU/IBMPlexSerif(0)/m/n/11 - La sección concluye mostrando a Pablo como un sier
vo comprometido con el avance
 []



[174]
Overfull \hbox (19.86462pt too wide) in paragraph at lines 10774--10774
 []\TU/IBMPlexSerif(0)/m/n/10.95 La recepción de Febe |   [] realizarse dentro 
del marco de la comunión cristiana.[] 
 []


Overfull \hbox (25.1644pt too wide) in paragraph at lines 10782--10782
 []\TU/IBMPlexSerif(0)/m/n/10.95 El trato hacia Febe debe corresponder a la ide
ntidad |   [] de los creyentes.[] 
 []



[175]

[176]
Overfull \hbox (5.53104pt too wide) in paragraph at lines 10904--10904
 []\TU/IBMPlexSerif(0)/m/n/10.95 La sección continúa |   [] personas específica
s conocidas por la iglesia
 []


Overfull \hbox (23.89418pt too wide) in paragraph at lines 10914--10914
 []\TU/IBMPlexSerif(0)/m/n/10.95 Esta observación continúa el patrón de reconoc
imiento personal que |   []
 []


Overfull \hbox (31.59569pt too wide) in paragraph at lines 10928--10928
 []\TU/IBMPlexSerif(0)/m/n/10.95 Cada nombre |   [] relaciones concretas desarr
olladas a lo largo de su ministerio.[] 
 []



[177]
Overfull \hbox (6.36472pt too wide) in paragraph at lines 11004--11004
 []\TU/IBMPlexSerif(0)/m/n/10.95 Al igual que en los versículos anteriores, com
bina |   [] y cercanía.[] 
 []



[178]
Overfull \hbox (39.36658pt too wide) in paragraph at lines 11034--11034
 []\TU/IBMPlexSerif(0)/m/n/10.95 La atención |   [] de una persona individual a
 un conjunto de creyentes relacionados
 []



[179]
Overfull \hbox (8.40727pt too wide) in paragraph at lines 11134--11134
 []\TU/IBMPlexSerif(0)/m/n/10.95 La referencia muestra el afecto y los |   [] p
ersonales desarrollados dentro
 []


Overfull \hbox (32.5447pt too wide) in paragraph at lines 11148--11148
 []\TU/IBMPlexSerif(0)/m/n/10.95 La lista muestra la diversidad y amplitud de r
elaciones |   [] en la comunidad.[] 
 []


Overfull \hbox (6.20634pt too wide) in paragraph at lines 11156--11156
 []\TU/IBMPlexSerif(0)/m/n/10.95 El saludo deja |   [] grupos de creyentes cone
ctados entre sí dentro de la misma
 []



[180]
Overfull \hbox (26.3908pt too wide) in paragraph at lines 11168--11168
 []\TU/IBMPlexSerif(0)/m/n/10.95 Pablo continúa mencionando creyentes específic
os dentro de la |   [] cristiana. 
 []


Overfull \hbox (35.11429pt too wide) in paragraph at lines 11170--11170
 []\TU/IBMPlexSerif(0)/m/n/10.95 La larga lista de nombres en Romanos 16 muestr
a que el evangelio había |   []
 []


Overfull \hbox (17.01178pt too wide) in paragraph at lines 11178--11178
 []\TU/IBMPlexSerif(0)/m/n/10.95 También incluye a los creyentes que se reúnen 
junto a ellos, mostrando nuevamente
 []


Overfull \hbox (19.25504pt too wide) in paragraph at lines 11202--11202
 []\TU/IBMPlexSerif(0)/m/n/10.95 Pablo menciona una expresión de afecto y |   [
] reconocida entre los creyentes. 
 []


Overfull \hbox (1.44785pt too wide) in paragraph at lines 11217--11236
\TU/IBMPlexSerif(0)/m/n/11 - Pablo concluye la carta mostrando que el evangelio
 no solamente produce doctrina
 []


Overfull \hbox (7.61444pt too wide) in paragraph at lines 11217--11236
\TU/IBMPlexSerif(0)/m/n/11 - La larga lista de saludos revela una amplia red de
 colaboradores, servidores, iglesias
 []


Overfull \hbox (7.48833pt too wide) in paragraph at lines 11217--11236
\TU/IBMPlexSerif(0)/m/n/11 - Los saludos muestran que el evangelio había unido 
a hombres y mujeres, individuos
 []


Overfull \hbox (3.91547pt too wide) in paragraph at lines 11217--11236
\TU/IBMPlexSerif(0)/m/n/11 - La sección también enfatiza la comunión entre los 
creyentes mediante expresiones
 []



[181]
Overfull \hbox (28.245pt too wide) in paragraph at lines 11262--11262
 []\TU/IBMPlexSerif(0)/m/n/10.95 Los dos resultados señalados |   [] disensione
s y tropiezos dentro de la comunidad.[] 
 []


Overfull \hbox (16.25717pt too wide) in paragraph at lines 11272--11272
 []\TU/IBMPlexSerif(0)/m/n/10.95 Pablo apela a una enseñanza previamente |   []
 por sus lectores. (Romanos
 []


Overfull \hbox (13.54791pt too wide) in paragraph at lines 11282--11282
 []\TU/IBMPlexSerif(0)/m/n/10.95 La exhortación no es debatir continuamente |  
 [] ellos, sino mantener distancia
 []



[182]
Overfull \hbox (4.6441pt too wide) in paragraph at lines 11340--11340
 []\TU/IBMPlexSerif(0)/m/n/10.95 Esto |   [] el tono de agradecimiento y recono
cimiento visto anteriormente
 []



[183]
Overfull \hbox (13.44789pt too wide) in paragraph at lines 11372--11372
 []\TU/IBMPlexSerif(0)/m/n/10.95 Después de advertir |   [] de quienes causan d
ivisiones (Romanos 16:17–19),
 []


Overfull \hbox (13.9224pt too wide) in paragraph at lines 11382--11382
 []\TU/IBMPlexSerif(0)/m/n/10.95 Esta declaración contrasta con el peligro y | 
  [] engaño mencionados en Romanos
 []


Overfull \hbox (6.22917pt too wide) in paragraph at lines 11393--11410
\TU/IBMPlexSerif(0)/m/n/11 - Pablo describe a estas personas como servidores de
 sus propios intereses y advierte
 []


Overfull \hbox (5.92851pt too wide) in paragraph at lines 11393--11410
\TU/IBMPlexSerif(0)/m/n/11 - La sección concluye recordando que el resultado fi
nal no depende de los que causan
 []



[184]
Overfull \hbox (2.11978pt too wide) in paragraph at lines 11438--11438
 []\TU/IBMPlexSerif(0)/m/n/10.95 Como en el resto del capítulo, la atención per
manece en las relaciones personales
 []


Overfull \hbox (29.43127pt too wide) in paragraph at lines 11452--11452
 []\TU/IBMPlexSerif(0)/m/n/10.95 Esta es una de las pocas ocasiones en que el |
   [] se identifica directamente
 []



[185]
Overfull \hbox (18.16371pt too wide) in paragraph at lines 11474--11474
 []\TU/IBMPlexSerif(0)/m/n/10.95 La referencia conecta con el tema |   [] la ho
spitalidad mencionado anteriormente
 []


Overfull \hbox (8.9657pt too wide) in paragraph at lines 11526--11526
 []\TU/IBMPlexSerif(0)/m/n/10.95 Pablo inicia una doxología centrada en la capa
cidad de Dios para fortalecer y establecer
 []


Overfull \hbox (60.28835pt too wide) in paragraph at lines 11534--11534
 []\TU/IBMPlexSerif(0)/m/n/10.95 Pablo relaciona ese fortalecimiento con el eva
ngelio que ha anunciado y con la |   []
 []



[186]
Overfull \hbox (13.45584pt too wide) in paragraph at lines 11574--11574
 []\TU/IBMPlexSerif(0)/m/n/10.95 A lo largo de Romanos, las Escrituras han serv
ido repetidamente como fundamento
 []


Overfull \hbox (7.42783pt too wide) in paragraph at lines 11598--11598
 []\TU/IBMPlexSerif(0)/m/n/10.95 Esta expresión retoma |   [] lenguaje utilizad
o al comienzo de la carta. (Romanos
 []



[187]
Overfull \hbox (13.82896pt too wide) in paragraph at lines 11612--11612
 []\TU/IBMPlexSerif(0)/m/n/10.95 Después de recorrer la obra de Dios en la cart
a, la atención termina donde comenzó:
 []


Overfull \hbox (8.60947pt too wide) in paragraph at lines 11638--11638
 []\TU/IBMPlexSerif(0)/m/n/10.95 El desarrollo doctrinal, las exhortaciones prá
cticas y los saludos terminan |   []
 []


Overfull \hbox (2.44518pt too wide) in paragraph at lines 11641--11656
\TU/IBMPlexSerif(0)/m/n/11 evangelio ocurrió mediante una amplia comunidad de c
reyentes que servían juntos. 
 []



[188] (temp/student_manual.aux)
 ***********
LaTeX2e <2024-11-01> patch level 2
L3 programming layer <2025-01-18>
 ***********


LaTeX Font Warning: Some font shapes were not available, defaults substituted.

Package rerunfilecheck Info: File `student_manual.out' has not changed.
(rerunfilecheck)             Checksum: B7A3A197D5396E04823F6B4072AACEC9;2364.
 ) 
Here is how much of TeX's memory you used:
 36431 strings out of 473832
 765101 string characters out of 5729482
 1306761 words of memory out of 5000000
 58885 multiletter control sequences out of 15000+600000
 563204 words of font info for 111 fonts, out of 8000000 for 9000
 1348 hyphenation exceptions out of 8191
 121i,17n,124p,512b,672s stack positions out of 10000i,1000n,20000p,200000b,200000s

Output written on temp/student_manual.pdf (188 pages).
