This is XeTeX, Version 3.141592653-2.6-0.999997 (TeX Live 2025) (preloaded format=xelatex 2025.3.8)  18 FEB 2026 12:58
entering extended mode
 restricted \write18 enabled.
 %&-line parsing enabled.
**temp/student_manual.tex
(./temp/student_manual.tex
LaTeX2e <2024-11-01> patch level 2
L3 programming layer <2025-01-18>
(/usr/local/texlive/2025/texmf-dist/tex/latex/base/article.cls
Document Class: article 2024/06/29 v1.4n Standard LaTeX document class
(/usr/local/texlive/2025/texmf-dist/tex/latex/base/size11.clo
File: size11.clo 2024/06/29 v1.4n Standard LaTeX file (size option)
)
\c@part=\count192
\c@section=\count193
\c@subsection=\count194
\c@subsubsection=\count195
\c@paragraph=\count196
\c@subparagraph=\count197
\c@figure=\count198
\c@table=\count199
\abovecaptionskip=\skip49
\belowcaptionskip=\skip50
\bibindent=\dimen141
)
(/usr/local/texlive/2025/texmf-dist/tex/latex/geometry/geometry.sty
Package: geometry 2020/01/02 v5.9 Page Geometry

(/usr/local/texlive/2025/texmf-dist/tex/latex/graphics/keyval.sty
Package: keyval 2022/05/29 v1.15 key=value parser (DPC)
\KV@toks@=\toks17
)
(/usr/local/texlive/2025/texmf-dist/tex/generic/iftex/ifvtex.sty
Package: ifvtex 2019/10/25 v1.7 ifvtex legacy package. Use iftex instead.

(/usr/local/texlive/2025/texmf-dist/tex/generic/iftex/iftex.sty
Package: iftex 2024/12/12 v1.0g TeX engine tests
))
\Gm@cnth=\count266
\Gm@cntv=\count267
\c@Gm@tempcnt=\count268
\Gm@bindingoffset=\dimen142
\Gm@wd@mp=\dimen143
\Gm@odd@mp=\dimen144
\Gm@even@mp=\dimen145
\Gm@layoutwidth=\dimen146
\Gm@layoutheight=\dimen147
\Gm@layouthoffset=\dimen148
\Gm@layoutvoffset=\dimen149
\Gm@dimlist=\toks18
)
(/usr/local/texlive/2025/texmf-dist/tex/latex/fontspec/fontspec.sty
(/usr/local/texlive/2025/texmf-dist/tex/latex/l3packages/xparse/xparse.sty
(/usr/local/texlive/2025/texmf-dist/tex/latex/l3kernel/expl3.sty
Package: expl3 2025-01-18 L3 programming layer (loader) 

(/usr/local/texlive/2025/texmf-dist/tex/latex/l3backend/l3backend-xetex.def
File: l3backend-xetex.def 2024-05-08 L3 backend support: XeTeX
\g__graphics_track_int=\count269
\l__pdf_internal_box=\box52
\g__pdf_backend_annotation_int=\count270
\g__pdf_backend_link_int=\count271
))
Package: xparse 2024-08-16 L3 Experimental document command parser
)
Package: fontspec 2024/05/11 v2.9e Font selection for XeLaTeX and LuaLaTeX

(/usr/local/texlive/2025/texmf-dist/tex/latex/fontspec/fontspec-xetex.sty
Package: fontspec-xetex 2024/05/11 v2.9e Font selection for XeLaTeX and LuaLaTe
X
\l__fontspec_script_int=\count272
\l__fontspec_language_int=\count273
\l__fontspec_strnum_int=\count274
\l__fontspec_tmp_int=\count275
\l__fontspec_tmpa_int=\count276
\l__fontspec_tmpb_int=\count277
\l__fontspec_tmpc_int=\count278
\l__fontspec_em_int=\count279
\l__fontspec_emdef_int=\count280
\l__fontspec_strong_int=\count281
\l__fontspec_strongdef_int=\count282
\l__fontspec_tmpa_dim=\dimen150
\l__fontspec_tmpb_dim=\dimen151
\l__fontspec_tmpc_dim=\dimen152

(/usr/local/texlive/2025/texmf-dist/tex/latex/base/fontenc.sty
Package: fontenc 2021/04/29 v2.0v Standard LaTeX package
)
(/usr/local/texlive/2025/texmf-dist/tex/latex/fontspec/fontspec.cfg)))
(./manual_template.tex
(/usr/local/texlive/2025/texmf-dist/tex/latex/tcolorbox/tcolorbox.sty
Package: tcolorbox 2024/10/22 version 6.4.1 text color boxes

(/usr/local/texlive/2025/texmf-dist/tex/latex/pgf/frontendlayer/tikz.sty
(/usr/local/texlive/2025/texmf-dist/tex/latex/pgf/basiclayer/pgf.sty
(/usr/local/texlive/2025/texmf-dist/tex/latex/pgf/utilities/pgfrcs.sty
(/usr/local/texlive/2025/texmf-dist/tex/generic/pgf/utilities/pgfutil-common.te
x
\pgfutil@everybye=\toks19
\pgfutil@tempdima=\dimen153
\pgfutil@tempdimb=\dimen154
)
(/usr/local/texlive/2025/texmf-dist/tex/generic/pgf/utilities/pgfutil-latex.def
\pgfutil@abb=\box53
) (/usr/local/texlive/2025/texmf-dist/tex/generic/pgf/utilities/pgfrcs.code.tex
(/usr/local/texlive/2025/texmf-dist/tex/generic/pgf/pgf.revision.tex)
Package: pgfrcs 2023-01-15 v3.1.10 (3.1.10)
))
Package: pgf 2023-01-15 v3.1.10 (3.1.10)

(/usr/local/texlive/2025/texmf-dist/tex/latex/pgf/basiclayer/pgfcore.sty
(/usr/local/texlive/2025/texmf-dist/tex/latex/graphics/graphicx.sty
Package: graphicx 2021/09/16 v1.2d Enhanced LaTeX Graphics (DPC,SPQR)

(/usr/local/texlive/2025/texmf-dist/tex/latex/graphics/graphics.sty
Package: graphics 2024/08/06 v1.4g Standard LaTeX Graphics (DPC,SPQR)

(/usr/local/texlive/2025/texmf-dist/tex/latex/graphics/trig.sty
Package: trig 2023/12/02 v1.11 sin cos tan (DPC)
)
(/usr/local/texlive/2025/texmf-dist/tex/latex/graphics-cfg/graphics.cfg
File: graphics.cfg 2016/06/04 v1.11 sample graphics configuration
)
Package graphics Info: Driver file: xetex.def on input line 106.

(/usr/local/texlive/2025/texmf-dist/tex/latex/graphics-def/xetex.def
File: xetex.def 2022/09/22 v5.0n Graphics/color driver for xetex
))
\Gin@req@height=\dimen155
\Gin@req@width=\dimen156
)
(/usr/local/texlive/2025/texmf-dist/tex/latex/pgf/systemlayer/pgfsys.sty
(/usr/local/texlive/2025/texmf-dist/tex/generic/pgf/systemlayer/pgfsys.code.tex
Package: pgfsys 2023-01-15 v3.1.10 (3.1.10)
(/usr/local/texlive/2025/texmf-dist/tex/generic/pgf/utilities/pgfkeys.code.tex
\pgfkeys@pathtoks=\toks20
\pgfkeys@temptoks=\toks21

(/usr/local/texlive/2025/texmf-dist/tex/generic/pgf/utilities/pgfkeyslibraryfil
tered.code.tex
\pgfkeys@tmptoks=\toks22
))
\pgf@x=\dimen157
\pgf@y=\dimen158
\pgf@xa=\dimen159
\pgf@ya=\dimen160
\pgf@xb=\dimen161
\pgf@yb=\dimen162
\pgf@xc=\dimen163
\pgf@yc=\dimen164
\pgf@xd=\dimen165
\pgf@yd=\dimen166
\w@pgf@writea=\write3
\r@pgf@reada=\read2
\c@pgf@counta=\count283
\c@pgf@countb=\count284
\c@pgf@countc=\count285
\c@pgf@countd=\count286
\t@pgf@toka=\toks23
\t@pgf@tokb=\toks24
\t@pgf@tokc=\toks25
\pgf@sys@id@count=\count287

(/usr/local/texlive/2025/texmf-dist/tex/generic/pgf/systemlayer/pgf.cfg
File: pgf.cfg 2023-01-15 v3.1.10 (3.1.10)
)
Driver file for pgf: pgfsys-xetex.def

(/usr/local/texlive/2025/texmf-dist/tex/generic/pgf/systemlayer/pgfsys-xetex.de
f
File: pgfsys-xetex.def 2023-01-15 v3.1.10 (3.1.10)

(/usr/local/texlive/2025/texmf-dist/tex/generic/pgf/systemlayer/pgfsys-dvipdfmx
.def
File: pgfsys-dvipdfmx.def 2023-01-15 v3.1.10 (3.1.10)

(/usr/local/texlive/2025/texmf-dist/tex/generic/pgf/systemlayer/pgfsys-common-p
df.def
File: pgfsys-common-pdf.def 2023-01-15 v3.1.10 (3.1.10)
)
\pgfsys@objnum=\count288
)))
(/usr/local/texlive/2025/texmf-dist/tex/generic/pgf/systemlayer/pgfsyssoftpath.
code.tex
File: pgfsyssoftpath.code.tex 2023-01-15 v3.1.10 (3.1.10)
\pgfsyssoftpath@smallbuffer@items=\count289
\pgfsyssoftpath@bigbuffer@items=\count290
)
(/usr/local/texlive/2025/texmf-dist/tex/generic/pgf/systemlayer/pgfsysprotocol.
code.tex
File: pgfsysprotocol.code.tex 2023-01-15 v3.1.10 (3.1.10)
)) (/usr/local/texlive/2025/texmf-dist/tex/latex/xcolor/xcolor.sty
Package: xcolor 2024/09/29 v3.02 LaTeX color extensions (UK)

(/usr/local/texlive/2025/texmf-dist/tex/latex/graphics-cfg/color.cfg
File: color.cfg 2016/01/02 v1.6 sample color configuration
)
Package xcolor Info: Driver file: xetex.def on input line 274.

(/usr/local/texlive/2025/texmf-dist/tex/latex/graphics/mathcolor.ltx)
Package xcolor Info: Model `cmy' substituted by `cmy0' on input line 1349.
Package xcolor Info: Model `RGB' extended on input line 1365.
Package xcolor Info: Model `HTML' substituted by `rgb' on input line 1367.
Package xcolor Info: Model `Hsb' substituted by `hsb' on input line 1368.
Package xcolor Info: Model `tHsb' substituted by `hsb' on input line 1369.
Package xcolor Info: Model `HSB' substituted by `hsb' on input line 1370.
Package xcolor Info: Model `Gray' substituted by `gray' on input line 1371.
Package xcolor Info: Model `wave' substituted by `hsb' on input line 1372.
)
(/usr/local/texlive/2025/texmf-dist/tex/generic/pgf/basiclayer/pgfcore.code.tex
Package: pgfcore 2023-01-15 v3.1.10 (3.1.10)
(/usr/local/texlive/2025/texmf-dist/tex/generic/pgf/math/pgfmath.code.tex
(/usr/local/texlive/2025/texmf-dist/tex/generic/pgf/math/pgfmathutil.code.tex)
(/usr/local/texlive/2025/texmf-dist/tex/generic/pgf/math/pgfmathparser.code.tex
\pgfmath@dimen=\dimen167
\pgfmath@count=\count291
\pgfmath@box=\box54
\pgfmath@toks=\toks26
\pgfmath@stack@operand=\toks27
\pgfmath@stack@operation=\toks28
)
(/usr/local/texlive/2025/texmf-dist/tex/generic/pgf/math/pgfmathfunctions.code.
tex)
(/usr/local/texlive/2025/texmf-dist/tex/generic/pgf/math/pgfmathfunctions.basic
.code.tex)
(/usr/local/texlive/2025/texmf-dist/tex/generic/pgf/math/pgfmathfunctions.trigo
nometric.code.tex)
(/usr/local/texlive/2025/texmf-dist/tex/generic/pgf/math/pgfmathfunctions.rando
m.code.tex)
(/usr/local/texlive/2025/texmf-dist/tex/generic/pgf/math/pgfmathfunctions.compa
rison.code.tex)
(/usr/local/texlive/2025/texmf-dist/tex/generic/pgf/math/pgfmathfunctions.base.
code.tex)
(/usr/local/texlive/2025/texmf-dist/tex/generic/pgf/math/pgfmathfunctions.round
.code.tex)
(/usr/local/texlive/2025/texmf-dist/tex/generic/pgf/math/pgfmathfunctions.misc.
code.tex)
(/usr/local/texlive/2025/texmf-dist/tex/generic/pgf/math/pgfmathfunctions.integ
erarithmetics.code.tex)
(/usr/local/texlive/2025/texmf-dist/tex/generic/pgf/math/pgfmathcalc.code.tex)
(/usr/local/texlive/2025/texmf-dist/tex/generic/pgf/math/pgfmathfloat.code.tex
\c@pgfmathroundto@lastzeros=\count292
)) (/usr/local/texlive/2025/texmf-dist/tex/generic/pgf/math/pgfint.code.tex)
(/usr/local/texlive/2025/texmf-dist/tex/generic/pgf/basiclayer/pgfcorepoints.co
de.tex
File: pgfcorepoints.code.tex 2023-01-15 v3.1.10 (3.1.10)
\pgf@picminx=\dimen168
\pgf@picmaxx=\dimen169
\pgf@picminy=\dimen170
\pgf@picmaxy=\dimen171
\pgf@pathminx=\dimen172
\pgf@pathmaxx=\dimen173
\pgf@pathminy=\dimen174
\pgf@pathmaxy=\dimen175
\pgf@xx=\dimen176
\pgf@xy=\dimen177
\pgf@yx=\dimen178
\pgf@yy=\dimen179
\pgf@zx=\dimen180
\pgf@zy=\dimen181
)
(/usr/local/texlive/2025/texmf-dist/tex/generic/pgf/basiclayer/pgfcorepathconst
ruct.code.tex
File: pgfcorepathconstruct.code.tex 2023-01-15 v3.1.10 (3.1.10)
\pgf@path@lastx=\dimen182
\pgf@path@lasty=\dimen183
)
(/usr/local/texlive/2025/texmf-dist/tex/generic/pgf/basiclayer/pgfcorepathusage
.code.tex
File: pgfcorepathusage.code.tex 2023-01-15 v3.1.10 (3.1.10)
\pgf@shorten@end@additional=\dimen184
\pgf@shorten@start@additional=\dimen185
)
(/usr/local/texlive/2025/texmf-dist/tex/generic/pgf/basiclayer/pgfcorescopes.co
de.tex
File: pgfcorescopes.code.tex 2023-01-15 v3.1.10 (3.1.10)
\pgfpic=\box55
\pgf@hbox=\box56
\pgf@layerbox@main=\box57
\pgf@picture@serial@count=\count293
)
(/usr/local/texlive/2025/texmf-dist/tex/generic/pgf/basiclayer/pgfcoregraphicst
ate.code.tex
File: pgfcoregraphicstate.code.tex 2023-01-15 v3.1.10 (3.1.10)
\pgflinewidth=\dimen186
)
(/usr/local/texlive/2025/texmf-dist/tex/generic/pgf/basiclayer/pgfcoretransform
ations.code.tex
File: pgfcoretransformations.code.tex 2023-01-15 v3.1.10 (3.1.10)
\pgf@pt@x=\dimen187
\pgf@pt@y=\dimen188
\pgf@pt@temp=\dimen189
)
(/usr/local/texlive/2025/texmf-dist/tex/generic/pgf/basiclayer/pgfcorequick.cod
e.tex
File: pgfcorequick.code.tex 2023-01-15 v3.1.10 (3.1.10)
)
(/usr/local/texlive/2025/texmf-dist/tex/generic/pgf/basiclayer/pgfcoreobjects.c
ode.tex
File: pgfcoreobjects.code.tex 2023-01-15 v3.1.10 (3.1.10)
)
(/usr/local/texlive/2025/texmf-dist/tex/generic/pgf/basiclayer/pgfcorepathproce
ssing.code.tex
File: pgfcorepathprocessing.code.tex 2023-01-15 v3.1.10 (3.1.10)
)
(/usr/local/texlive/2025/texmf-dist/tex/generic/pgf/basiclayer/pgfcorearrows.co
de.tex
File: pgfcorearrows.code.tex 2023-01-15 v3.1.10 (3.1.10)
\pgfarrowsep=\dimen190
)
(/usr/local/texlive/2025/texmf-dist/tex/generic/pgf/basiclayer/pgfcoreshade.cod
e.tex
File: pgfcoreshade.code.tex 2023-01-15 v3.1.10 (3.1.10)
\pgf@max=\dimen191
\pgf@sys@shading@range@num=\count294
\pgf@shadingcount=\count295
)
(/usr/local/texlive/2025/texmf-dist/tex/generic/pgf/basiclayer/pgfcoreimage.cod
e.tex
File: pgfcoreimage.code.tex 2023-01-15 v3.1.10 (3.1.10)
)
(/usr/local/texlive/2025/texmf-dist/tex/generic/pgf/basiclayer/pgfcoreexternal.
code.tex
File: pgfcoreexternal.code.tex 2023-01-15 v3.1.10 (3.1.10)
\pgfexternal@startupbox=\box58
)
(/usr/local/texlive/2025/texmf-dist/tex/generic/pgf/basiclayer/pgfcorelayers.co
de.tex
File: pgfcorelayers.code.tex 2023-01-15 v3.1.10 (3.1.10)
)
(/usr/local/texlive/2025/texmf-dist/tex/generic/pgf/basiclayer/pgfcoretranspare
ncy.code.tex
File: pgfcoretransparency.code.tex 2023-01-15 v3.1.10 (3.1.10)
)
(/usr/local/texlive/2025/texmf-dist/tex/generic/pgf/basiclayer/pgfcorepatterns.
code.tex
File: pgfcorepatterns.code.tex 2023-01-15 v3.1.10 (3.1.10)
)
(/usr/local/texlive/2025/texmf-dist/tex/generic/pgf/basiclayer/pgfcorerdf.code.
tex
File: pgfcorerdf.code.tex 2023-01-15 v3.1.10 (3.1.10)
)))
(/usr/local/texlive/2025/texmf-dist/tex/generic/pgf/modules/pgfmoduleshapes.cod
e.tex
File: pgfmoduleshapes.code.tex 2023-01-15 v3.1.10 (3.1.10)
\pgfnodeparttextbox=\box59
)
(/usr/local/texlive/2025/texmf-dist/tex/generic/pgf/modules/pgfmoduleplot.code.
tex
File: pgfmoduleplot.code.tex 2023-01-15 v3.1.10 (3.1.10)
)
(/usr/local/texlive/2025/texmf-dist/tex/latex/pgf/compatibility/pgfcomp-version
-0-65.sty
Package: pgfcomp-version-0-65 2023-01-15 v3.1.10 (3.1.10)
\pgf@nodesepstart=\dimen192
\pgf@nodesepend=\dimen193
)
(/usr/local/texlive/2025/texmf-dist/tex/latex/pgf/compatibility/pgfcomp-version
-1-18.sty
Package: pgfcomp-version-1-18 2023-01-15 v3.1.10 (3.1.10)
))
(/usr/local/texlive/2025/texmf-dist/tex/latex/pgf/utilities/pgffor.sty
(/usr/local/texlive/2025/texmf-dist/tex/latex/pgf/utilities/pgfkeys.sty
(/usr/local/texlive/2025/texmf-dist/tex/generic/pgf/utilities/pgfkeys.code.tex)
) (/usr/local/texlive/2025/texmf-dist/tex/latex/pgf/math/pgfmath.sty
(/usr/local/texlive/2025/texmf-dist/tex/generic/pgf/math/pgfmath.code.tex))
(/usr/local/texlive/2025/texmf-dist/tex/generic/pgf/utilities/pgffor.code.tex
Package: pgffor 2023-01-15 v3.1.10 (3.1.10)
\pgffor@iter=\dimen194
\pgffor@skip=\dimen195
\pgffor@stack=\toks29
\pgffor@toks=\toks30
))
(/usr/local/texlive/2025/texmf-dist/tex/generic/pgf/frontendlayer/tikz/tikz.cod
e.tex
Package: tikz 2023-01-15 v3.1.10 (3.1.10)

(/usr/local/texlive/2025/texmf-dist/tex/generic/pgf/libraries/pgflibraryplothan
dlers.code.tex
File: pgflibraryplothandlers.code.tex 2023-01-15 v3.1.10 (3.1.10)
\pgf@plot@mark@count=\count296
\pgfplotmarksize=\dimen196
)
\tikz@lastx=\dimen197
\tikz@lasty=\dimen198
\tikz@lastxsaved=\dimen199
\tikz@lastysaved=\dimen256
\tikz@lastmovetox=\dimen257
\tikz@lastmovetoy=\dimen258
\tikzleveldistance=\dimen259
\tikzsiblingdistance=\dimen260
\tikz@figbox=\box60
\tikz@figbox@bg=\box61
\tikz@tempbox=\box62
\tikz@tempbox@bg=\box63
\tikztreelevel=\count297
\tikznumberofchildren=\count298
\tikznumberofcurrentchild=\count299
\tikz@fig@count=\count300

(/usr/local/texlive/2025/texmf-dist/tex/generic/pgf/modules/pgfmodulematrix.cod
e.tex
File: pgfmodulematrix.code.tex 2023-01-15 v3.1.10 (3.1.10)
\pgfmatrixcurrentrow=\count301
\pgfmatrixcurrentcolumn=\count302
\pgf@matrix@numberofcolumns=\count303
)
\tikz@expandcount=\count304

(/usr/local/texlive/2025/texmf-dist/tex/generic/pgf/frontendlayer/tikz/librarie
s/tikzlibrarytopaths.code.tex
File: tikzlibrarytopaths.code.tex 2023-01-15 v3.1.10 (3.1.10)
)))
(/usr/local/texlive/2025/texmf-dist/tex/latex/tools/verbatim.sty
Package: verbatim 2024-01-22 v1.5x LaTeX2e package for verbatim enhancements
\every@verbatim=\toks31
\verbatim@line=\toks32
\verbatim@in@stream=\read3
)
(/usr/local/texlive/2025/texmf-dist/tex/latex/environ/environ.sty
Package: environ 2014/05/04 v0.3 A new way to define environments

(/usr/local/texlive/2025/texmf-dist/tex/latex/trimspaces/trimspaces.sty
Package: trimspaces 2009/09/17 v1.1 Trim spaces around a token list
)
\@envbody=\toks33
)
(/usr/local/texlive/2025/texmf-dist/tex/latex/etoolbox/etoolbox.sty
Package: etoolbox 2025/02/11 v2.5l e-TeX tools for LaTeX (JAW)
\etb@tempcnta=\count305
)
\tcb@titlebox=\box64
\tcb@upperbox=\box65
\tcb@lowerbox=\box66
\tcb@phantombox=\box67
\c@tcbbreakpart=\count306
\c@tcblayer=\count307
\c@tcolorbox@number=\count308
\l__tcobox_tmpa_box=\box68
\l__tcobox_tmpa_dim=\dimen261
\tcb@temp=\box69
\tcb@temp=\box70
\tcb@temp=\box71
\tcb@temp=\box72

(/usr/local/texlive/2025/texmf-dist/tex/latex/tcolorbox/tcbraster.code.tex
Library (tcolorbox): 'tcbraster.code.tex' version '6.4.1'
\c@tcbrastercolumn=\count309
\c@tcbrasterrow=\count310
\c@tcbrasternum=\count311
\c@tcbraster=\count312
) (/usr/local/texlive/2025/texmf-dist/tex/latex/tcolorbox/tcbskins.code.tex
Library (tcolorbox): 'tcbskins.code.tex' version '6.4.1'
(/usr/local/texlive/2025/texmf-dist/tex/latex/tikzfill/tikzfill.image.sty
Package: tikzfill.image 2023/08/08 v1.0.1 Image filling library for TikZ

(/usr/local/texlive/2025/texmf-dist/tex/latex/tikzfill/tikzfill-common.sty
Package: tikzfill-common 2023/08/08 v1.0.1 Auxiliary code for tikzfill
)
(/usr/local/texlive/2025/texmf-dist/tex/latex/tikzfill/tikzlibraryfill.image.co
de.tex
File: tikzlibraryfill.image.code.tex 2023/08/08 v1.0.1 Image filling library
\l__tikzfill_img_box=\box73
))
(/usr/local/texlive/2025/texmf-dist/tex/latex/tcolorbox/tcbskinsjigsaw.code.tex
Library (tcolorbox): 'tcbskinsjigsaw.code.tex' version '6.4.1'
))
(/usr/local/texlive/2025/texmf-dist/tex/latex/tcolorbox/tcbbreakable.code.tex
Library (tcolorbox): 'tcbbreakable.code.tex' version '6.4.1'
(/usr/local/texlive/2025/texmf-dist/tex/latex/pdfcol/pdfcol.sty
Package: pdfcol 2022-09-21 v1.7 Handle new color stacks for pdfTeX (HO)

(/usr/local/texlive/2025/texmf-dist/tex/generic/ltxcmds/ltxcmds.sty
Package: ltxcmds 2023-12-04 v1.26 LaTeX kernel commands for general use (HO)
)
(/usr/local/texlive/2025/texmf-dist/tex/generic/infwarerr/infwarerr.sty
Package: infwarerr 2019/12/03 v1.5 Providing info/warning/error messages (HO)
)
Package pdfcol Info: Interface disabled because of missing PDF mode of pdfTeX.
)
Package pdfcol Info: pdfTeX's color stacks are not available.
\tcb@testbox=\box74
\tcb@totalupperbox=\box75
\tcb@totallowerbox=\box76
)
(/usr/local/texlive/2025/texmf-dist/tex/latex/tcolorbox/tcbhooks.code.tex
Library (tcolorbox): 'tcbhooks.code.tex' version '6.4.1'
) (/usr/local/texlive/2025/texmf-dist/tex/latex/tcolorbox/tcbtheorems.code.tex
Library (tcolorbox): 'tcbtheorems.code.tex' version '6.4.1'
(/usr/local/texlive/2025/texmf-dist/tex/latex/amsmath/amsmath.sty
Package: amsmath 2024/11/05 v2.17t AMS math features
\@mathmargin=\skip51

For additional information on amsmath, use the `?' option.
(/usr/local/texlive/2025/texmf-dist/tex/latex/amsmath/amstext.sty
Package: amstext 2021/08/26 v2.01 AMS text

(/usr/local/texlive/2025/texmf-dist/tex/latex/amsmath/amsgen.sty
File: amsgen.sty 1999/11/30 v2.0 generic functions
\@emptytoks=\toks34
\ex@=\dimen262
))
(/usr/local/texlive/2025/texmf-dist/tex/latex/amsmath/amsbsy.sty
Package: amsbsy 1999/11/29 v1.2d Bold Symbols
\pmbraise@=\dimen263
)
(/usr/local/texlive/2025/texmf-dist/tex/latex/amsmath/amsopn.sty
Package: amsopn 2022/04/08 v2.04 operator names
)
\inf@bad=\count313
LaTeX Info: Redefining \frac on input line 233.
\uproot@=\count314
\leftroot@=\count315
LaTeX Info: Redefining \overline on input line 398.
LaTeX Info: Redefining \colon on input line 409.
\classnum@=\count316
\DOTSCASE@=\count317
LaTeX Info: Redefining \ldots on input line 495.
LaTeX Info: Redefining \dots on input line 498.
LaTeX Info: Redefining \cdots on input line 619.
\Mathstrutbox@=\box77
\strutbox@=\box78
LaTeX Info: Redefining \big on input line 721.
LaTeX Info: Redefining \Big on input line 722.
LaTeX Info: Redefining \bigg on input line 723.
LaTeX Info: Redefining \Bigg on input line 724.
\big@size=\dimen264
LaTeX Font Info:    Redeclaring font encoding OML on input line 742.
LaTeX Font Info:    Redeclaring font encoding OMS on input line 743.
\macc@depth=\count318
LaTeX Info: Redefining \bmod on input line 904.
LaTeX Info: Redefining \pmod on input line 909.
LaTeX Info: Redefining \smash on input line 939.
LaTeX Info: Redefining \relbar on input line 969.
LaTeX Info: Redefining \Relbar on input line 970.
\c@MaxMatrixCols=\count319
\dotsspace@=\muskip17
\c@parentequation=\count320
\dspbrk@lvl=\count321
\tag@help=\toks35
\row@=\count322
\column@=\count323
\maxfields@=\count324
\andhelp@=\toks36
\eqnshift@=\dimen265
\alignsep@=\dimen266
\tagshift@=\dimen267
\tagwidth@=\dimen268
\totwidth@=\dimen269
\lineht@=\dimen270
\@envbody=\toks37
\multlinegap=\skip52
\multlinetaggap=\skip53
\mathdisplay@stack=\toks38
LaTeX Info: Redefining \[ on input line 2953.
LaTeX Info: Redefining \] on input line 2954.
))
(/usr/local/texlive/2025/texmf-dist/tex/latex/tcolorbox/tcbfitting.code.tex
Library (tcolorbox): 'tcbfitting.code.tex' version '6.4.1'
\tcbfitdim=\dimen271
\tcb@lowerfitdim=\dimen272
\tcb@upperfitdim=\dimen273
\tcb@cur@hbadness=\count325
)
(/usr/local/texlive/2025/texmf-dist/tex/latex/tcolorbox/tcblistingsutf8.code.te
x
Library (tcolorbox): 'tcblistingsutf8.code.tex' version '6.4.1'
(/usr/local/texlive/2025/texmf-dist/tex/latex/tcolorbox/tcblistings.code.tex
Library (tcolorbox): 'tcblistings.code.tex' version '6.4.1'
(/usr/local/texlive/2025/texmf-dist/tex/latex/listings/listings.sty
\lst@mode=\count326
\lst@gtempboxa=\box79
\lst@token=\toks39
\lst@length=\count327
\lst@currlwidth=\dimen274
\lst@column=\count328
\lst@pos=\count329
\lst@lostspace=\dimen275
\lst@width=\dimen276
\lst@newlines=\count330
\lst@lineno=\count331
\lst@maxwidth=\dimen277

(/usr/local/texlive/2025/texmf-dist/tex/latex/listings/lstpatch.sty
File: lstpatch.sty 2024/09/23 1.10c (Carsten Heinz)
)
(/usr/local/texlive/2025/texmf-dist/tex/latex/listings/lstmisc.sty
File: lstmisc.sty 2024/09/23 1.10c (Carsten Heinz)
\c@lstnumber=\count332
\lst@skipnumbers=\count333
\lst@framebox=\box80
)
(/usr/local/texlive/2025/texmf-dist/tex/latex/listings/listings.cfg
File: listings.cfg 2024/09/23 1.10c listings configuration
))
Package: listings 2024/09/23 1.10c (Carsten Heinz)

(/usr/local/texlive/2025/texmf-dist/tex/latex/tcolorbox/tcblistingscore.code.te
x
Library (tcolorbox): 'tcblistingscore.code.tex' version '6.4.1'
(/usr/local/texlive/2025/texmf-dist/tex/latex/tcolorbox/tcbprocessing.code.tex
Library (tcolorbox): 'tcbprocessing.code.tex' version '6.4.1'
)
\c@tcblisting=\count334
))
Package tcolorbox Info: Library `listingsutf8' is compatible with pdftex only. 
Library `listings` is loaded instead. on input line 29.
)
(/usr/local/texlive/2025/texmf-dist/tex/latex/tcolorbox/tcbexternal.code.tex
Library (tcolorbox): 'tcbexternal.code.tex' version '6.4.1'
) (/usr/local/texlive/2025/texmf-dist/tex/latex/tcolorbox/tcbmagazine.code.tex
Library (tcolorbox): 'tcbmagazine.code.tex' version '6.4.1'
) (/usr/local/texlive/2025/texmf-dist/tex/latex/tcolorbox/tcbvignette.code.tex
Library (tcolorbox): 'tcbvignette.code.tex' version '6.4.1'

(/usr/local/texlive/2025/texmf-dist/tex/generic/pgf/frontendlayer/tikz/librarie
s/tikzlibraryfadings.code.tex
File: tikzlibraryfadings.code.tex 2023-01-15 v3.1.10 (3.1.10)

(/usr/local/texlive/2025/texmf-dist/tex/generic/pgf/libraries/pgflibraryfadings
.code.tex
File: pgflibraryfadings.code.tex 2023-01-15 v3.1.10 (3.1.10)
)))
(/usr/local/texlive/2025/texmf-dist/tex/latex/tcolorbox/tcbposter.code.tex
Library (tcolorbox): 'tcbposter.code.tex' version '6.4.1'
)) (/usr/local/texlive/2025/texmf-dist/tex/latex/changepage/changepage.sty
Package: changepage 2009/10/20 v1.0c check page and change page layout
\c@cp@cntr=\count335
\cp@tempcnt=\count336
)
(/usr/local/texlive/2025/texmf-dist/tex/latex/titlesec/titlesec.sty
Package: titlesec 2025/01/04 v2.17 Sectioning titles
\ttl@box=\box81
\beforetitleunit=\skip54
\aftertitleunit=\skip55
\ttl@plus=\dimen278
\ttl@minus=\dimen279
\ttl@toksa=\toks40
\titlewidth=\dimen280
\titlewidthlast=\dimen281
\titlewidthfirst=\dimen282
)
(/usr/local/texlive/2025/texmf-dist/tex/generic/ulem/ulem.sty
\UL@box=\box82
\UL@hyphenbox=\box83
\UL@skip=\skip56
\UL@hook=\toks41
\UL@height=\dimen283
\UL@pe=\count337
\UL@pixel=\dimen284
\ULC@box=\box84
Package: ulem 2019/11/18
\ULdepth=\dimen285
)
(/usr/local/texlive/2025/texmf-dist/tex/latex/tools/longtable.sty
Package: longtable 2024-10-27 v4.22 Multi-page Table package (DPC)
\LTleft=\skip57
\LTright=\skip58
\LTpre=\skip59
\LTpost=\skip60
\LTchunksize=\count338
\LTcapwidth=\dimen286
\LT@head=\box85
\LT@firsthead=\box86
\LT@foot=\box87
\LT@lastfoot=\box88
\LT@gbox=\box89
\LT@cols=\count339
\LT@rows=\count340
\c@LT@tables=\count341
\c@LT@chunks=\count342
\LT@p@ftn=\toks42
)

Package fontspec Info: 
(fontspec)             Font family 'IBMPlexSerif(0)' created for font 'IBM
(fontspec)             Plex Serif' with options [Ligatures=TeX,Path =
(fontspec)             /Users/johnwry/Library/Fonts/,Ligatures=TeX,UprightFont
(fontspec)             = IBMPlexSerif-Regular.ttf,ItalicFont =
(fontspec)             IBMPlexSerif-Italic.ttf,BoldFont =
(fontspec)             IBMPlexSerif-SemiBold.ttf,BoldItalicFont =
(fontspec)             IBMPlexSerif-BoldItalic.ttf].
(fontspec)              
(fontspec)              This font family consists of the following NFSS
(fontspec)             series/shapes:
(fontspec)              
(fontspec)             - 'normal' (m/n) with NFSS spec.:
(fontspec)             <->"[/Users/johnwry/Library/Fonts/IBMPlexSerif-Regular.t
tf]/OT:script=latn;language=dflt;mapping=tex-text;"
(fontspec)             - 'bold' (b/n) with NFSS spec.:
(fontspec)             <->"[/Users/johnwry/Library/Fonts/IBMPlexSerif-SemiBold.
ttf]/OT:script=latn;language=dflt;mapping=tex-text;"
(fontspec)             - 'italic' (m/it) with NFSS spec.:
(fontspec)             <->"[/Users/johnwry/Library/Fonts/IBMPlexSerif-Italic.tt
f]/OT:script=latn;language=dflt;mapping=tex-text;"
(fontspec)             - 'bold italic' (b/it) with NFSS spec.:
(fontspec)             <->"[/Users/johnwry/Library/Fonts/IBMPlexSerif-BoldItali
c.ttf]/OT:script=latn;language=dflt;mapping=tex-text;"


Package fontspec Info: 
(fontspec)             Font family 'IBMPlexSerif(1)' created for font
(fontspec)             'IBMPlexSerif' with options [Path =
(fontspec)             /Users/johnwry/Library/Fonts/,UprightFont =
(fontspec)             *-Light.ttf,ItalicFont = *-LightItalic.ttf].
(fontspec)              
(fontspec)              This font family consists of the following NFSS
(fontspec)             series/shapes:
(fontspec)              
(fontspec)             - 'normal' (m/n) with NFSS spec.:
(fontspec)             <->"[/Users/johnwry/Library/Fonts/IBMPlexSerif-Light.ttf
]/OT:script=latn;language=dflt;"
(fontspec)             - 'italic' (m/it) with NFSS spec.:
(fontspec)             <->"[/Users/johnwry/Library/Fonts/IBMPlexSerif-LightItal
ic.ttf]/OT:script=latn;language=dflt;"


Package fontspec Info: 
(fontspec)             Font family 'IBMPlexSerif(2)' created for font
(fontspec)             'IBMPlexSerif' with options [Path =
(fontspec)             /Users/johnwry/Library/Fonts/,UprightFont =
(fontspec)             *-Regular.ttf,ItalicFont = *-MediumItalic.ttf].
(fontspec)              
(fontspec)              This font family consists of the following NFSS
(fontspec)             series/shapes:
(fontspec)              
(fontspec)             - 'normal' (m/n) with NFSS spec.:
(fontspec)             <->"[/Users/johnwry/Library/Fonts/IBMPlexSerif-Regular.t
tf]/OT:script=latn;language=dflt;"
(fontspec)             - 'italic' (m/it) with NFSS spec.:
(fontspec)             <->"[/Users/johnwry/Library/Fonts/IBMPlexSerif-MediumIta
lic.ttf]/OT:script=latn;language=dflt;"


(/usr/local/texlive/2025/texmf-dist/tex/latex/framed/framed.sty
Package: framed 2011/10/22 v 0.96: framed or shaded text with page breaks
\OuterFrameSep=\skip61
\fb@frw=\dimen287
\fb@frh=\dimen288
\FrameRule=\dimen289
\FrameSep=\dimen290
)
(/usr/local/texlive/2025/texmf-dist/tex/latex/fancyvrb/fancyvrb.sty
Package: fancyvrb 2024/01/20 4.5c verbatim text (tvz,hv)
\FV@CodeLineNo=\count343
\FV@InFile=\read4
\FV@TabBox=\box90
\c@FancyVerbLine=\count344
\FV@StepNumber=\count345
\FV@OutFile=\write4
)
(/usr/local/texlive/2025/texmf-dist/tex/latex/enumitem/enumitem.sty
Package: enumitem 2025/02/06 v3.11 Customized lists
\labelindent=\skip62
\enit@outerparindent=\dimen291
\enit@toks=\toks43
\enit@inbox=\box91
\enit@count@id=\count346
\enitdp@description=\count347
)
(/usr/local/texlive/2025/texmf-dist/tex/latex/eso-pic/eso-pic.sty
Package: eso-pic 2023/05/03 v3.0c eso-pic (RN)
\ESO@tempdima=\dimen292
\ESO@tempdimb=\dimen293
)
(./outline.tex
(/usr/local/texlive/2025/texmf-dist/tex/latex/hyperref/hyperref.sty
Package: hyperref 2024-11-05 v7.01l Hypertext links for LaTeX

(/usr/local/texlive/2025/texmf-dist/tex/latex/kvsetkeys/kvsetkeys.sty
Package: kvsetkeys 2022-10-05 v1.19 Key value parser (HO)
)
(/usr/local/texlive/2025/texmf-dist/tex/generic/kvdefinekeys/kvdefinekeys.sty
Package: kvdefinekeys 2019-12-19 v1.6 Define keys (HO)
)
(/usr/local/texlive/2025/texmf-dist/tex/generic/pdfescape/pdfescape.sty
Package: pdfescape 2019/12/09 v1.15 Implements pdfTeX's escape features (HO)

(/usr/local/texlive/2025/texmf-dist/tex/generic/pdftexcmds/pdftexcmds.sty
Package: pdftexcmds 2020-06-27 v0.33 Utility functions of pdfTeX for LuaTeX (HO
)
Package pdftexcmds Info: \pdf@primitive is available.
Package pdftexcmds Info: \pdf@ifprimitive is available.
Package pdftexcmds Info: \pdfdraftmode not found.
))
(/usr/local/texlive/2025/texmf-dist/tex/latex/hycolor/hycolor.sty
Package: hycolor 2020-01-27 v1.10 Color options for hyperref/bookmark (HO)
)
(/usr/local/texlive/2025/texmf-dist/tex/latex/hyperref/nameref.sty
Package: nameref 2023-11-26 v2.56 Cross-referencing by name of section

(/usr/local/texlive/2025/texmf-dist/tex/latex/refcount/refcount.sty
Package: refcount 2019/12/15 v3.6 Data extraction from label references (HO)
)
(/usr/local/texlive/2025/texmf-dist/tex/generic/gettitlestring/gettitlestring.s
ty
Package: gettitlestring 2019/12/15 v1.6 Cleanup title references (HO)
 (/usr/local/texlive/2025/texmf-dist/tex/latex/kvoptions/kvoptions.sty
Package: kvoptions 2022-06-15 v3.15 Key value format for package options (HO)
))
\c@section@level=\count348
)
(/usr/local/texlive/2025/texmf-dist/tex/generic/stringenc/stringenc.sty
Package: stringenc 2019/11/29 v1.12 Convert strings between diff. encodings (HO
)
)
\@linkdim=\dimen294
\Hy@linkcounter=\count349
\Hy@pagecounter=\count350

(/usr/local/texlive/2025/texmf-dist/tex/latex/hyperref/pd1enc.def
File: pd1enc.def 2024-11-05 v7.01l Hyperref: PDFDocEncoding definition (HO)
)
(/usr/local/texlive/2025/texmf-dist/tex/generic/intcalc/intcalc.sty
Package: intcalc 2019/12/15 v1.3 Expandable calculations with integers (HO)
)
\Hy@SavedSpaceFactor=\count351

(/usr/local/texlive/2025/texmf-dist/tex/latex/hyperref/puenc.def
File: puenc.def 2024-11-05 v7.01l Hyperref: PDF Unicode definition (HO)
)
Package hyperref Info: Hyper figures OFF on input line 4157.
Package hyperref Info: Link nesting OFF on input line 4162.
Package hyperref Info: Hyper index ON on input line 4165.
Package hyperref Info: Plain pages OFF on input line 4172.
Package hyperref Info: Backreferencing OFF on input line 4177.
Package hyperref Info: Implicit mode ON; LaTeX internals redefined.
Package hyperref Info: Bookmarks ON on input line 4424.
\c@Hy@tempcnt=\count352

(/usr/local/texlive/2025/texmf-dist/tex/latex/url/url.sty
\Urlmuskip=\muskip18
Package: url 2013/09/16  ver 3.4  Verb mode for urls, etc.
)
LaTeX Info: Redefining \url on input line 4763.
\XeTeXLinkMargin=\dimen295

(/usr/local/texlive/2025/texmf-dist/tex/generic/bitset/bitset.sty
Package: bitset 2019/12/09 v1.3 Handle bit-vector datatype (HO)

(/usr/local/texlive/2025/texmf-dist/tex/generic/bigintcalc/bigintcalc.sty
Package: bigintcalc 2019/12/15 v1.5 Expandable calculations on big integers (HO
)
))
\Fld@menulength=\count353
\Field@Width=\dimen296
\Fld@charsize=\dimen297
Package hyperref Info: Hyper figures OFF on input line 6042.
Package hyperref Info: Link nesting OFF on input line 6047.
Package hyperref Info: Hyper index ON on input line 6050.
Package hyperref Info: backreferencing OFF on input line 6057.
Package hyperref Info: Link coloring OFF on input line 6062.
Package hyperref Info: Link coloring with OCG OFF on input line 6067.
Package hyperref Info: PDF/A mode OFF on input line 6072.

(/usr/local/texlive/2025/texmf-dist/tex/latex/base/atbegshi-ltx.sty
Package: atbegshi-ltx 2021/01/10 v1.0c Emulation of the original atbegshi
package with kernel methods
)
\Hy@abspage=\count354
\c@Item=\count355
\c@Hfootnote=\count356
)
Package hyperref Info: Driver (autodetected): hxetex.

(/usr/local/texlive/2025/texmf-dist/tex/latex/hyperref/hxetex.def
File: hxetex.def 2024-11-05 v7.01l Hyperref driver for XeTeX
\pdfm@box=\box92
\c@Hy@AnnotLevel=\count357
\HyField@AnnotCount=\count358
\Fld@listcount=\count359
\c@bookmark@seq@number=\count360

(/usr/local/texlive/2025/texmf-dist/tex/latex/rerunfilecheck/rerunfilecheck.sty
Package: rerunfilecheck 2022-07-10 v1.10 Rerun checks for auxiliary files (HO)
(/usr/local/texlive/2025/texmf-dist/tex/latex/base/atveryend-ltx.sty
Package: atveryend-ltx 2020/08/19 v1.0a Emulation of the original atveryend pac
kage
with kernel methods
)
(/usr/local/texlive/2025/texmf-dist/tex/generic/uniquecounter/uniquecounter.sty
Package: uniquecounter 2019/12/15 v1.4 Provide unlimited unique counter (HO)
)
Package uniquecounter Info: New unique counter `rerunfilecheck' on input line 2
85.
)
\Hy@SectionHShift=\skip63
) (/usr/local/texlive/2025/texmf-dist/tex/latex/needspace/needspace.sty
Package: needspace 2010/09/12 v1.3d reserve vertical space
)
(/usr/local/texlive/2025/texmf-dist/tex/latex/hyphenat/hyphenat.sty
Package: hyphenat 2009/09/02 v2.3c hyphenation utilities
\langwohyphens=\language90
LaTeX Info: Redefining \_ on input line 43.
)
(/usr/local/texlive/2025/texmf-dist/tex/latex/setspace/setspace.sty
Package: setspace 2022/12/04 v6.7b set line spacing
)
(/usr/local/texlive/2025/texmf-dist/tex/latex/fancyhdr/fancyhdr.sty
Package: fancyhdr 2025/02/07 v5.2 Extensive control of page headers and footers

\f@nch@headwidth=\skip64
\f@nch@offset@elh=\skip65
\f@nch@offset@erh=\skip66
\f@nch@offset@olh=\skip67
\f@nch@offset@orh=\skip68
\f@nch@offset@elf=\skip69
\f@nch@offset@erf=\skip70
\f@nch@offset@olf=\skip71
\f@nch@offset@orf=\skip72
\f@nch@height=\skip73
\f@nch@footalignment=\skip74
\f@nch@widthL=\skip75
\f@nch@widthC=\skip76
\f@nch@widthR=\skip77
\@temptokenb=\toks44
)
Package hyperref Info: Option `colorlinks' set `true' on input line 157.


Package hyperref Warning: Token not allowed in a PDF string (Unicode):
(hyperref)                removing `math shift' on input line 157.


Package hyperref Warning: Token not allowed in a PDF string (Unicode):
(hyperref)                removing `math shift' on input line 157.


Package hyperref Warning: Token not allowed in a PDF string (Unicode):
(hyperref)                removing `math shift' on input line 157.


Package hyperref Warning: Token not allowed in a PDF string (Unicode):
(hyperref)                removing `math shift' on input line 157.


Package fancyhdr Warning: \fancyhead's `E' option without twoside option is use
less.
(fancyhdr)                Please consider using the `twoside' option on input l
ine 162.

(/usr/local/texlive/2025/texmf-dist/tex/latex/footmisc/footmisc.sty
Package: footmisc 2024/12/24 v6.0g a miscellany of footnote facilities
\FN@temptoken=\toks45
\footnotemargin=\dimen298
\@outputbox@depth=\dimen299
Package footmisc Info: Declaring symbol style bringhurst on input line 699.
Package footmisc Info: Declaring symbol style chicago on input line 707.
Package footmisc Info: Declaring symbol style wiley on input line 716.
Package footmisc Info: Declaring symbol style lamport-robust on input line 727.

Package footmisc Info: Declaring symbol style lamport* on input line 747.
Package footmisc Info: Declaring symbol style lamport*-robust on input line 768
.
)))
\fillinwidth=\skip78

(./student_manual.aux)
\openout1 = `student_manual.aux'.

LaTeX Font Info:    Checking defaults for OML/cmm/m/it on input line 23.
LaTeX Font Info:    ... okay on input line 23.
LaTeX Font Info:    Checking defaults for OMS/cmsy/m/n on input line 23.
LaTeX Font Info:    ... okay on input line 23.
LaTeX Font Info:    Checking defaults for OT1/cmr/m/n on input line 23.
LaTeX Font Info:    ... okay on input line 23.
LaTeX Font Info:    Checking defaults for T1/cmr/m/n on input line 23.
LaTeX Font Info:    ... okay on input line 23.
LaTeX Font Info:    Checking defaults for TS1/cmr/m/n on input line 23.
LaTeX Font Info:    ... okay on input line 23.
LaTeX Font Info:    Checking defaults for TU/lmr/m/n on input line 23.
LaTeX Font Info:    ... okay on input line 23.
LaTeX Font Info:    Checking defaults for OMX/cmex/m/n on input line 23.
LaTeX Font Info:    ... okay on input line 23.
LaTeX Font Info:    Checking defaults for U/cmr/m/n on input line 23.
LaTeX Font Info:    ... okay on input line 23.
LaTeX Font Info:    Checking defaults for PD1/pdf/m/n on input line 23.
LaTeX Font Info:    ... okay on input line 23.
LaTeX Font Info:    Checking defaults for PU/pdf/m/n on input line 23.
LaTeX Font Info:    ... okay on input line 23.

*geometry* driver: auto-detecting
*geometry* detected driver: xetex
*geometry* verbose mode - [ preamble ] result:
* driver: xetex
* paper: <default>
* layout: <same size as paper>
* layoutoffset:(h,v)=(0.0pt,0.0pt)
* modes: 
* h-part:(L,W,R)=(72.26999pt, 469.75502pt, 72.26999pt)
* v-part:(T,H,B)=(72.26999pt, 650.43001pt, 72.26999pt)
* \paperwidth=614.295pt
* \paperheight=794.96999pt
* \textwidth=469.75502pt
* \textheight=650.43001pt
* \oddsidemargin=0.0pt
* \evensidemargin=0.0pt
* \topmargin=-37.0pt
* \headheight=14.0pt
* \headsep=18.0pt
* \topskip=11.0pt
* \footskip=30.0pt
* \marginparwidth=59.0pt
* \marginparsep=10.0pt
* \columnsep=10.0pt
* \skip\footins=4.0pt
* \hoffset=0.0pt
* \voffset=0.0pt
* \mag=1000
* \@twocolumnfalse
* \@twosidefalse
* \@mparswitchfalse
* \@reversemarginfalse
* (1in=72.27pt=25.4mm, 1cm=28.453pt)


Package fontspec Info: 
(fontspec)             Adjusting the maths setup (use [no-math] to avoid
(fontspec)             this).

\symlegacymaths=\mathgroup4
LaTeX Font Info:    Overwriting symbol font `legacymaths' in version `bold'
(Font)                  OT1/cmr/m/n --> OT1/cmr/bx/n on input line 23.
LaTeX Font Info:    Redeclaring math accent \acute on input line 23.
LaTeX Font Info:    Redeclaring math accent \grave on input line 23.
LaTeX Font Info:    Redeclaring math accent \ddot on input line 23.
LaTeX Font Info:    Redeclaring math accent \tilde on input line 23.
LaTeX Font Info:    Redeclaring math accent \bar on input line 23.
LaTeX Font Info:    Redeclaring math accent \breve on input line 23.
LaTeX Font Info:    Redeclaring math accent \check on input line 23.
LaTeX Font Info:    Redeclaring math accent \hat on input line 23.
LaTeX Font Info:    Redeclaring math accent \dot on input line 23.
LaTeX Font Info:    Redeclaring math accent \mathring on input line 23.
LaTeX Font Info:    Redeclaring math symbol \Gamma on input line 23.
LaTeX Font Info:    Redeclaring math symbol \Delta on input line 23.
LaTeX Font Info:    Redeclaring math symbol \Theta on input line 23.
LaTeX Font Info:    Redeclaring math symbol \Lambda on input line 23.
LaTeX Font Info:    Redeclaring math symbol \Xi on input line 23.
LaTeX Font Info:    Redeclaring math symbol \Pi on input line 23.
LaTeX Font Info:    Redeclaring math symbol \Sigma on input line 23.
LaTeX Font Info:    Redeclaring math symbol \Upsilon on input line 23.
LaTeX Font Info:    Redeclaring math symbol \Phi on input line 23.
LaTeX Font Info:    Redeclaring math symbol \Psi on input line 23.
LaTeX Font Info:    Redeclaring math symbol \Omega on input line 23.
LaTeX Font Info:    Redeclaring math symbol \mathdollar on input line 23.
LaTeX Font Info:    Redeclaring symbol font `operators' on input line 23.
LaTeX Font Info:    Encoding `OT1' has changed to `TU' for symbol font
(Font)              `operators' in the math version `normal' on input line 23.
LaTeX Font Info:    Overwriting symbol font `operators' in version `normal'
(Font)                  OT1/cmr/m/n --> TU/IBMPlexSerif(0)/m/n on input line 23
.
LaTeX Font Info:    Encoding `OT1' has changed to `TU' for symbol font
(Font)              `operators' in the math version `bold' on input line 23.
LaTeX Font Info:    Overwriting symbol font `operators' in version `bold'
(Font)                  OT1/cmr/bx/n --> TU/IBMPlexSerif(0)/m/n on input line 2
3.
LaTeX Font Info:    Overwriting symbol font `operators' in version `normal'
(Font)                  TU/IBMPlexSerif(0)/m/n --> TU/IBMPlexSerif(0)/m/n on in
put line 23.
LaTeX Font Info:    Overwriting math alphabet `\mathit' in version `normal'
(Font)                  OT1/cmr/m/it --> TU/IBMPlexSerif(0)/m/it on input line 
23.
LaTeX Font Info:    Overwriting math alphabet `\mathbf' in version `normal'
(Font)                  OT1/cmr/bx/n --> TU/IBMPlexSerif(0)/b/n on input line 2
3.
LaTeX Font Info:    Overwriting math alphabet `\mathsf' in version `normal'
(Font)                  OT1/cmss/m/n --> TU/lmss/m/n on input line 23.
LaTeX Font Info:    Overwriting math alphabet `\mathtt' in version `normal'
(Font)                  OT1/cmtt/m/n --> TU/lmtt/m/n on input line 23.
LaTeX Font Info:    Overwriting symbol font `operators' in version `bold'
(Font)                  TU/IBMPlexSerif(0)/m/n --> TU/IBMPlexSerif(0)/b/n on in
put line 23.
LaTeX Font Info:    Overwriting math alphabet `\mathit' in version `bold'
(Font)                  OT1/cmr/bx/it --> TU/IBMPlexSerif(0)/b/it on input line
 23.
LaTeX Font Info:    Overwriting math alphabet `\mathsf' in version `bold'
(Font)                  OT1/cmss/bx/n --> TU/lmss/b/n on input line 23.
LaTeX Font Info:    Overwriting math alphabet `\mathtt' in version `bold'
(Font)                  OT1/cmtt/m/n --> TU/lmtt/b/n on input line 23.
\c@lstlisting=\count361
Package hyperref Info: Link coloring ON on input line 23.
(./student_manual.out) (./student_manual.out)
\@outlinefile=\write5
\openout5 = `student_manual.out'.



[1

]
File: images/cgv.png Graphic file (type bmp)
<images/cgv.png>


[2

]
Overfull \hbox (13.44069pt too wide) in paragraph at lines 61--65
[]\TU/IBMPlexSerif(0)/m/n/10.95 Este manual ha sido desarrollado para enseñar l
a Escritura de manera textual, progresiva
 []


Overfull \hbox (44.17831pt too wide) in paragraph at lines 61--65
\TU/IBMPlexSerif(0)/m/n/10.95 y consciente del lenguaje. Su propósito principal
 es ayudar al lector a observar cuidadosamente
 []


Overfull \hbox (1.15724pt too wide) in paragraph at lines 67--70
\TU/IBMPlexSerif(0)/m/n/10.95 gramática, el vocabulario y la estructura literar
ia determinan el significado. La teología
 []


Overfull \hbox (40.22807pt too wide) in paragraph at lines 86--90
[]\TU/IBMPlexSerif(0)/m/n/10.95 El contenido está organizado para seguir el flu
jo y el desarrollo del Texto bíblico, presentándolo
 []


Overfull \hbox (27.57231pt too wide) in paragraph at lines 94--97
\TU/IBMPlexSerif(0)/m/n/10.95 antes de exhortar conductas. Por ello, este manua
l enseña primero a observar y comprender
 []



[3

]
Overfull \hbox (11.04677pt too wide) in paragraph at lines 118--120
[]\TU/IBMPlexSerif(0)/m/n/10.95 ROMANOS 9:1-11:36 - Israel y la Fidelidad de Di
os ROMANOS 12:1-15:13 - Exhortaciones
 []



[4

]
Overfull \hbox (11.49525pt too wide) in paragraph at lines 147--149
[]\TU/IBMPlexSerif(0)/m/n/10.95 Desde el inicio, Romanos se presenta  |   [] un
a carta cuidadosamente estructurada,
 []


Overfull \hbox (21.98897pt too wide) in paragraph at lines 153--160
[]\TU/IBMPlexSerif(0)/m/n/10.95 Aunque se desconoce la fecha exacta de su nacim
iento, Pablo estuvo activo como misionero
 []



[5]
Overfull \hbox (25.82149pt too wide) in paragraph at lines 226--229
[]\TU/IBMPlexSerif(0)/m/n/10.95 Aunque existen algunas excepciones, en Romanos 
capítulos 1–11 Pablo utiliza mayormente
 []



[6]
Overfull \hbox (12.95306pt too wide) in paragraph at lines 235--237
[]\TU/IBMPlexSerif(0)/m/n/10.95 Capítulos 1–11: predominan los indicativos, las
 estructuras condicionales, los contrastes
 []


Overfull \hbox (24.64983pt too wide) in paragraph at lines 254--257
[]\TU/IBMPlexSerif(0)/m/n/10.95 Romanos se presenta como un argumento progresiv
o, construido sobre premisas asumidas
 []


Overfull \hbox (11.56227pt too wide) in paragraph at lines 302--302
 []\TU/IBMPlexSerif(0)/m/n/10.95 A diferencia de las cartas occidentales modern
as (“Queridos hermanos… Atentamente,
 []



[7]
Overfull \hbox (21.03731pt too wide) in paragraph at lines 304--304
 []\TU/IBMPlexSerif(0)/m/n/10.95 También facilitaba la lectura en público. Much
as cartas se leían en voz alta en asambleas,
 []


Overfull \hbox (0.37953pt too wide) in paragraph at lines 304--304
 \TU/IBMPlexSerif(0)/m/n/10.95 por lo que las primeras palabras identificaban d
e inmediato la autoridad o la relación
 []


Overfull \hbox (6.04431pt too wide) in paragraph at lines 336--336
 \TU/IBMPlexSerif(0)/m/n/10.95 afirma repetidamente que su apostolado y su misi
ón no se originaron por designación
 []



[8]

LaTeX Font Warning: Font shape `TU/IBMPlexSerif(2)/b/it' undefined
(Font)              using `TU/IBMPlexSerif(2)/m/n' instead on input line 368.



[9]
Overfull \hbox (18.59183pt too wide) in paragraph at lines 463--463
 \TU/IBMPlexSerif(0)/m/n/10.95 Jesús no es un hombre pecador sino Dios el Espír
itu de santidad. Hace que su testimonio
 []



[10]
Overfull \hbox (3.50838pt too wide) in paragraph at lines 493--495
[]\TU/IBMPlexSerif(0)/m/n/10.95 En Romanos 8 el Espíritu es vida, radica en el 
creyente, adopción, resurrección
 []


Overfull \hbox (18.02242pt too wide) in paragraph at lines 499--499
 []\TU/IBMPlexSerif(0)/m/n/10.95 La resurrección de los muertos funciona como  
|   [] de validación. Pablo establece
 []



[11]
Overfull \hbox (5.2511pt too wide) in paragraph at lines 598--598
 []\TU/IBMPlexSerif(0)/m/n/10.95 En el griego original no cxiste las palabras ”
a ser”. Pablo no  |   [] que son llamados
 []



[12]
Overfull \hbox (11.88213pt too wide) in paragraph at lines 656--656
 []\TU/IBMPlexSerif(0)/m/n/10.95 La gratitud de Pablo no es general, sino  |   
[]: agradece a Dios específicamente
 []


Underfull \hbox (badness 4531) in paragraph at lines 680--681
[]\TU/IBMPlexSerif(0)/m/n/10 término usado para el servicio sacerdotal de Israe
l a Yahvé (Éxodo 20:5;
 []



[13]

[14]

[15]

[16]

[17]
Overfull \hbox (18.91203pt too wide) in paragraph at lines 930--930
 []\TU/IBMPlexSerif(0)/m/n/10.95 El  |   [] del evangelio es universal, respeta
ndo el orden histórico de la revelación. 
 []



[18]
Overfull \hbox (5.87936pt too wide) in paragraph at lines 991--994
[]\TU/IBMPlexSerif(0)/m/n/10.95 Dios es el Creador y, en el principio, todo lo 
que hizo reflejaba perfectamente Su carácter.
 []


Overfull \hbox (7.45471pt too wide) in paragraph at lines 996--999
\TU/IBMPlexSerif(0)/m/n/10.95 mundo no comienza con Dios ni con la creación, si
no con la respuesta humana posterior.
 []


Overfull \hbox (27.81625pt too wide) in paragraph at lines 1001--1004
\TU/IBMPlexSerif(0)/m/n/10.95 Dios existe por Sí mismo; Él es el gran YO SOY. L
a creación, en cambio, depende enteramente
 []


Overfull \hbox (4.22446pt too wide) in paragraph at lines 1037--1038
[]\TU/IBMPlexSerif(0)/m/n/10.95 Romanos 3:9–20 – Culpabilidad universal: “nosot
ros”, “todos”  |   []
 []


Overfull \hbox (7.21228pt too wide) in paragraph at lines 1041--1043
[]\TU/IBMPlexSerif(0)/m/n/10.95 Pablo  |   [] deliberadamente de “ellos” → “tú”
 → “él/ellos” → “tú” → “nosotros/todos”
 []



[19]
Overfull \hbox (6.76971pt too wide) in paragraph at lines 1053--1053
 \TU/IBMPlexSerif(0)/m/n/10.95 mismo Dios y ambas se revelan; no son fuerzas op
uestas, sino expresiones coherentes
 []


Overfull \hbox (8.65556pt too wide) in paragraph at lines 1065--1065
 []\TU/IBMPlexSerif(0)/m/n/10.95 La ira de Dios no se dirige contra la humanida
d como creación, sino contra la impiedad
 []



[20]
Overfull \hbox (6.16357pt too wide) in paragraph at lines 1155--1155
 []\TU/IBMPlexSerif(0)/m/n/10.95 La creación comunica información real y compre
nsible acerca de Dios. El ser humano
 []



[21]
Overfull \hbox (7.01942pt too wide) in paragraph at lines 1161--1161
 \TU/IBMPlexSerif(0)/m/n/10.95 suficiente, continua y universal. El problema no
 es revelacional, sino moral. Romanos
 []


Overfull \hbox (47.50346pt too wide) in paragraph at lines 1191--1191
 []\TU/IBMPlexSerif(0)/m/n/10.95 El corazón  |   [] capacidad de discernimiento
 espiritual. La oscuridad es consecuencia,
 []



[22]
Overfull \hbox (15.5139pt too wide) in paragraph at lines 1227--1227
 []\TU/IBMPlexSerif(0)/m/n/10.95 La idolatría se degrada progresivamente, refle
jando la  |   [] moral y espiritual
 []


Overfull \hbox (16.67679pt too wide) in paragraph at lines 1234--1235
[]\TU/IBMPlexSerif(0)/m/n/10.95 La ira de Dios se revela porque la  |   [] ha s
ido rechazada,
 []


Overfull \hbox (7.59343pt too wide) in paragraph at lines 1237--1238
[]\TU/IBMPlexSerif(0)/m/n/10.95 El problema del hombre no es ignorancia, sino  
|   []
 []


Overfull \hbox (9.73448pt too wide) in paragraph at lines 1242--1242
[]\TU/IBMPlexSerif(0)/m/n/10.95 El rechazo de Dios  |   [] inevitablemente a la
 idolatría. 
 []


Overfull \hbox (3.46742pt too wide) in paragraph at lines 1244--1245
[]\TU/IBMPlexSerif(0)/m/n/10.95 Esta sección explica por qué el evangelio debe 
ser  |   [],
 []


Overfull \hbox (17.39pt too wide) in paragraph at lines 1266--1266
 \TU/IBMPlexSerif(0)/m/n/10.95 1:23) y de la supresión de la  |   [] (Romanos 1
:18), no como el inicio del problema. 
 []


Overfull \hbox (12.03673pt too wide) in paragraph at lines 1276--1278
[]\TU/IBMPlexSerif(0)/m/n/10.95 “\TU/IBMPlexSerif(2)/m/it/10.95 «Impureza»\TU/I
BMPlexSerif(0)/m/n/10.95 ” AKATHARSIA se refiere a inmoralidad entendida como s
uciedad
 []


Overfull \hbox (19.84662pt too wide) in paragraph at lines 1276--1278
\TU/IBMPlexSerif(0)/m/n/10.95 o contaminación moral, usada especialmente para p
ecados de carácter sexual.[][][][][][] 
 []


Overfull \hbox (4.51656pt too wide) in paragraph at lines 1282--1285
[]\TU/IBMPlexSerif(0)/m/n/10.95 “\TU/IBMPlexSerif(2)/m/it/10.95 «Lujuria»\TU/IB
MPlexSerif(0)/m/n/10.95 ” EPITHYMIA describe un deseo intenso. El término no es
 negativo
 []



[23]
Overfull \hbox (5.02962pt too wide) in paragraph at lines 1288--1288
 []\TU/IBMPlexSerif(0)/m/n/10.95 Jesús usó este término para expresar un deseo 
profundo sin connotación pecaminosa
 []


Overfull \hbox (1.93616pt too wide) in paragraph at lines 1292--1292
 \TU/IBMPlexSerif(0)/m/n/10.95 6:12; 7:7–8; 13:14; Gálatas 5:16, 24; Efesios 2:
3; Colosenses 3:5), deseos  |   []
 []


Overfull \hbox (4.40234pt too wide) in paragraph at lines 1294--1294
 \TU/IBMPlexSerif(0)/m/n/10.95 (Santiago 1:14); y cuando el deseo concibe, prod
uce pecado, que finalmente engendra
 []


Overfull \hbox (42.8801pt too wide) in paragraph at lines 1302--1302
 \TU/IBMPlexSerif(0)/m/n/10.95 convierte en el escenario donde se manifiesta ex
ternamente lo que ya gobierna internamente
 []


Overfull \hbox (5.5723pt too wide) in paragraph at lines 1304--1304
 []\TU/IBMPlexSerif(0)/m/n/10.95 Esta expresión describe la \TU/IBMPlexSerif(0)
/b/n/10.95 primera etapa \TU/IBMPlexSerif(0)/m/n/10.95 de la ira de Dios. Debid
o a que la humanidad
 []


Overfull \hbox (0.24811pt too wide) in paragraph at lines 1308--1308
 []\TU/IBMPlexSerif(0)/m/n/10.95 Esta deshonra se refiere a prácticas sexuales 
que degradan la dignidad de la persona,
 []


Overfull \hbox (27.25592pt too wide) in paragraph at lines 1308--1308
 \TU/IBMPlexSerif(0)/m/n/10.95 utilizando el cuerpo como  |   [] de pasión en l
ugar de honor, en contradicción
 []



[24]
Overfull \hbox (29.80292pt too wide) in paragraph at lines 1312--1312
 \TU/IBMPlexSerif(0)/m/n/10.95 del  |   [], actos físicos degradantes, impureza
 asociada a la idolatría, promiscuidad,
 []


Overfull \hbox (2.88951pt too wide) in paragraph at lines 1332--1332
 []\TU/IBMPlexSerif(0)/m/n/10.95 La deshonra del  |   [] está directamente rela
cionada con la idolatría. Al adorar
 []


Overfull \hbox (17.171pt too wide) in paragraph at lines 1342--1342
 \TU/IBMPlexSerif(0)/m/n/10.95 distinción clara entre la creación y el Creador,
 afirmando que Él es bendito eternamente. 
 []


Overfull \hbox (7.66493pt too wide) in paragraph at lines 1344--1344
 []\TU/IBMPlexSerif(0)/m/n/10.95 Esta doxología funciona  |   [] frontera: Pabl
o no permitirá que el lector confunda
 []



[25]
Overfull \hbox (9.41693pt too wide) in paragraph at lines 1357--1357
[]\TU/IBMPlexSerif(0)/m/n/10.95 Dios entrega al hombre  |   [] consecuencia de 
su rechazo
 []


Overfull \hbox (12.50119pt too wide) in paragraph at lines 1361--1361
[]\TU/IBMPlexSerif(0)/m/n/10.95 El cuerpo se  |   [] en el escenario del desord
en moral. 
 []


Overfull \hbox (7.8292pt too wide) in paragraph at lines 1363--1364
[]\TU/IBMPlexSerif(0)/m/n/10.95 La degradación es  |   [] del intercambio de la
 verdad
 []


Overfull \hbox (24.69pt too wide) in paragraph at lines 1380--1380
[]\TU/IBMPlexSerif(0)/m/n/10.95 La progresión muestra agravamiento: no solo se 
degrada la conducta, sino también el  |   []
 []


Overfull \hbox (8.48254pt too wide) in paragraph at lines 1392--1392
 []\TU/IBMPlexSerif(0)/m/n/10.95 El texto recalca continuidad: “por esta razón”
 conecta esta entrega con la  |   []
 []



[26]
Overfull \hbox (2.84692pt too wide) in paragraph at lines 1414--1414
 []\TU/IBMPlexSerif(0)/m/n/10.95 Pablo aclara que este cambio no es  |   [] del
 diseño original ni de un proceso
 []


Underfull \hbox (badness 2005) in paragraph at lines 1424--1426
[]\TU/IBMPlexSerif(2)/m/it/10.95 « De la misma manera también los hombres, aban
donando el uso natural de la mujer, se
 []


Overfull \hbox (2.11357pt too wide) in paragraph at lines 1430--1430
 []\TU/IBMPlexSerif(0)/m/n/10.95 El colapso de  |   [] no se limita a un solo g
rupo. Los hombres, de igual manera,
 []


Overfull \hbox (23.44899pt too wide) in paragraph at lines 1448--1448
 []\TU/IBMPlexSerif(0)/m/n/10.95 El texto  |   [] que la vergüenza no es “socia
l”, sino moral: surge de la contradicción
 []


Overfull \hbox (40.41786pt too wide) in paragraph at lines 1454--1454
 []\TU/IBMPlexSerif(0)/m/n/10.95 El texto indica que las consecuencias no son e
xternas únicamente, sino que se experimentan
 []


Overfull \hbox (20.98985pt too wide) in paragraph at lines 1454--1454
 \TU/IBMPlexSerif(0)/m/n/10.95 en ellos mismos. El  |   [] corresponde directam
ente al extravío moral y espiritual. 
 []



[27]
Overfull \hbox (13.49542pt too wide) in paragraph at lines 1456--1456
 []\TU/IBMPlexSerif(0)/m/n/10.95 El énfasis recae en correspondencia: la consec
uencia es “correspondiente”, mostrando
 []


Overfull \hbox (14.06119pt too wide) in paragraph at lines 1458--1458
 []\TU/IBMPlexSerif(0)/m/n/10.95 El extravío se evidencia en el colapso de los 
valores, impulsado por deseos pecaminosos
 []


Overfull \hbox (10.49005pt too wide) in paragraph at lines 1465--1465
[]\TU/IBMPlexSerif(0)/m/n/10.95 La segunda entrega  |   [] el sistema de valore
s humanos. 
 []


Overfull \hbox (14.7934pt too wide) in paragraph at lines 1473--1473
[]\TU/IBMPlexSerif(0)/m/n/10.95 El colapso de  |   [] revela una corrupción más
 profunda. 
 []


Overfull \hbox (29.96645pt too wide) in paragraph at lines 1485--1488
[]\TU/IBMPlexSerif(0)/m/n/10.95 Ahora se presenta la tercera entrega mediante l
a cual Dios revela Su ira frente al  |   []
 []


Overfull \hbox (8.6227pt too wide) in paragraph at lines 1504--1504
 []\TU/IBMPlexSerif(0)/m/n/10.95 La mente depravada no surge de manera aislada,
 sino como consecuencia  |   []
 []


Overfull \hbox (10.95604pt too wide) in paragraph at lines 1504--1504
 \TU/IBMPlexSerif(0)/m/n/10.95 de no haber querido reconocer a Dios. Dios respo
nde retirando el freno que preservaba
 []


Overfull \hbox (34.5231pt too wide) in paragraph at lines 1510--1510
 []\TU/IBMPlexSerif(0)/m/n/10.95 El resultado es una conducta inapropiada y des
ordenada, contraria a lo que es  |   []
 []


Underfull \hbox (badness 1478) in paragraph at lines 1514--1515
[]\TU/IBMPlexSerif(0)/m/n/10 significa ser apropiado o correcto; aquello que co
rresponde al orden y a la
 []



[28]

[29]

[30]

[31]
Overfull \hbox (3.7281pt too wide) in paragraph at lines 1758--1758
[]| \TU/IBMPlexSerif(2)/m/it/10.95 «Ellos, aunque conocen el decreto de Dios qu
e los que practican tales cosas son dignos de muerte,» 
 []


Overfull \hbox (5.0092pt too wide) in paragraph at lines 1760--1760
 []\TU/IBMPlexSerif(0)/m/n/10.95 El problema no es  |   [] del decreto divino, 
sino incapacidad para evaluarlo
 []


Overfull \hbox (35.7629pt too wide) in paragraph at lines 1762--1762
 []\TU/IBMPlexSerif(0)/m/n/10.95 La falla no es de información, sino de entendi
miento. La cosmovisión está tan distorsionada
 []


Overfull \hbox (2.24864pt too wide) in paragraph at lines 1768--1768
 []\TU/IBMPlexSerif(0)/m/n/10.95 El colapso es completo. No  |   [] practican e
l mal, sino que lo celebran y legitiman
 []


Overfull \hbox (10.27106pt too wide) in paragraph at lines 1779--1780
[]\TU/IBMPlexSerif(0)/m/n/10.95 La tercera entrega  |   [] la cosmovisión y el 
pensamiento
 []


Overfull \hbox (15.29344pt too wide) in paragraph at lines 1782--1782
[]\TU/IBMPlexSerif(0)/m/n/10.95 La mente queda incapacitada para  |   [] correc
tamente. 
 []


Overfull \hbox (1.44897pt too wide) in paragraph at lines 1784--1785
[]\TU/IBMPlexSerif(0)/m/n/10.95 El pecado se  |   [] en múltiples dimensiones s
ociales
 []



[32]
Overfull \hbox (19.4435pt too wide) in paragraph at lines 1833--1833
 []\TU/IBMPlexSerif(0)/m/n/10.95 Anteriormente vimos que el hombre no tenía exc
usa porque no respondió a la revelación
 []



[33]
Overfull \hbox (15.83604pt too wide) in paragraph at lines 1877--1877
 []\TU/IBMPlexSerif(0)/m/n/10.95 Pablo no está ordenando que deje de juzgar. Es
tá confrontando su forma de  |   [].
 []


Overfull \hbox (8.94974pt too wide) in paragraph at lines 1883--1883
 []\TU/IBMPlexSerif(0)/m/n/10.95 La pregunta es directa: ¿cree realmente que  |
   [] el mal en otros lo protegerá
 []


Overfull \hbox (10.26984pt too wide) in paragraph at lines 1887--1887
 \TU/IBMPlexSerif(0)/m/n/10.95 necesario practicar perfectamente el mismo bien 
que se exige a otros. El conocimiento
 []


Overfull \hbox (8.79425pt too wide) in paragraph at lines 1913--1913
 []\TU/IBMPlexSerif(0)/m/n/10.95 En Romanos 2:4, el énfasis no está en  |   [] 
externos ni en un cambio de conducta,
 []



[34]
Overfull \hbox (8.67014pt too wide) in paragraph at lines 1915--1915
 \TU/IBMPlexSerif(0)/m/n/10.95 condición para la salvación, sino a confrontar e
l razonamiento equivocado del hombre
 []


Overfull \hbox (8.15404pt too wide) in paragraph at lines 1915--1915
 \TU/IBMPlexSerif(0)/m/n/10.95 y llevarlo a reconocer la verdad: que no escapar
á del juicio por saber lo que es correcto,
 []


Overfull \hbox (15.51485pt too wide) in paragraph at lines 1929--1929
 \TU/IBMPlexSerif(0)/m/n/10.95 razonamiento. Su “corazón” —entendido bíblicamen
te como el centro del pensamiento,
 []


Overfull \hbox (12.76547pt too wide) in paragraph at lines 1950--1950
[]\TU/IBMPlexSerif(0)/m/n/10.95 El juicio divino se  |   [] en la verdad, no en
 comparaciones. 
 []



[35]
Overfull \hbox (41.21716pt too wide) in paragraph at lines 1998--1998
 \TU/IBMPlexSerif(0)/m/n/10.95 ”\TU/IBMPlexSerif(2)/m/it/10.95 «buscan»\TU/IBMP
lexSerif(0)/m/n/10.95 ” está en tiempo presente, indicando una acción continua:
 buscan constantemente
 []


Overfull \hbox (5.02112pt too wide) in paragraph at lines 2014--2014
 []\TU/IBMPlexSerif(0)/m/n/10.95 La conjunción \TU/IBMPlexSerif(2)/m/it/10.95 «
pero» \TU/IBMPlexSerif(0)/m/n/10.95 introduce el otro lado del argumento. Aquí 
se describe a quienes
 []


Underfull \hbox (badness 10000) in paragraph at lines 2018--2019
[]\TU/IBMPlexSerif(0)/m/n/10 ambición egoísta n. – un impulso centrado en el be
neficio personal sin
 []


Overfull \hbox (40.05501pt too wide) in paragraph at lines 2022--2022
 []\TU/IBMPlexSerif(0)/m/n/10.95 En el versículo 7 se presenta una condición hi
potética: si alguien perseverara perfectamente
 []



[36]
Overfull \hbox (8.47308pt too wide) in paragraph at lines 2042--2042
[]| \TU/IBMPlexSerif(2)/m/it/10.95 «Habrá tribulación y angustia para toda alma
 humana que hace lo malo, del judío primeramente
 []


Overfull \hbox (10.94922pt too wide) in paragraph at lines 2058--2058
 []\TU/IBMPlexSerif(0)/m/n/10.95 De la misma manera, Dios otorgaría gloria, hon
or y paz a quien persevera en  |   []
 []


Overfull \hbox (2.80675pt too wide) in paragraph at lines 2074--2074
 []\TU/IBMPlexSerif(0)/m/n/10.95 El propósito de esta sección es confrontar al 
moralista que confía en su propia justicia
 []


Overfull \hbox (3.13045pt too wide) in paragraph at lines 2074--2074
 \TU/IBMPlexSerif(0)/m/n/10.95 y asume que Dios le  |   [] vida eterna. Pablo l
o obliga a considerar dos realidades: 
 []



[37]
Overfull \hbox (21.19333pt too wide) in paragraph at lines 2087--2087
[]\TU/IBMPlexSerif(0)/m/n/10.95 El juicio divino es conforme a las  |   [], no 
a las intenciones. 
 []


Overfull \hbox (7.65398pt too wide) in paragraph at lines 2091--2092
[]\TU/IBMPlexSerif(0)/m/n/10.95 La recompensa y el  |   [] se presentan como re
sultados
 []



[38]
Overfull \hbox (1.27158pt too wide) in paragraph at lines 2128--2128
 \TU/IBMPlexSerif(0)/m/n/10.95 por medio de lo  |   [] igualmente será juzgada,
 pero conforme a esa revelación
 []


Overfull \hbox (33.24074pt too wide) in paragraph at lines 2128--2128
 \TU/IBMPlexSerif(0)/m/n/10.95 limitada. Nadie queda exento de responsabilidad,
 aunque la medida del juicio corresponde
 []


Overfull \hbox (19.9742pt too wide) in paragraph at lines 2180--2180
 []\TU/IBMPlexSerif(0)/m/n/10.95 Aun sin la ley escrita, demuestran que existe 
un estándar moral que opera internamente. 
 []



[39]
Overfull \hbox (9.541pt too wide) in paragraph at lines 2198--2198
 []\TU/IBMPlexSerif(0)/m/n/10.95 Los pensamientos funcionan como un  |   [] int
erior: en algunos casos acusan,
 []



[40]
Overfull \hbox (11.01624pt too wide) in paragraph at lines 2252--2252
 []\TU/IBMPlexSerif(0)/m/n/10.95 A continuación, Pablo  |   [] con esta persona
 (aunque representativa) mediante
 []


Overfull \hbox (2.62868pt too wide) in paragraph at lines 2252--2252
 \TU/IBMPlexSerif(0)/m/n/10.95 una serie de calificativos: te llamas judío, te 
apoyas en la ley, te jactas de Dios, conoces
 []


Overfull \hbox (28.85464pt too wide) in paragraph at lines 2258--2258
 []\TU/IBMPlexSerif(0)/m/n/10.95 Pablo se dirige específicamente a quien se  | 
  [] como judío, no solo étnicamente,
 []


Overfull \hbox (59.2336pt too wide) in paragraph at lines 2276--2276
 []\TU/IBMPlexSerif(0)/m/n/10.95 Este marco prepara el terreno para Romanos 2:1
8–20, donde se examinarán  |   [],
 []


Overfull \hbox (7.10312pt too wide) in paragraph at lines 2290--2290
 []\TU/IBMPlexSerif(0)/m/n/10.95 Cuanto mayor es el conocimiento  |   [], mayor
 es la responsabilidad. Conocer
 []



[41]
Overfull \hbox (26.988pt too wide) in paragraph at lines 2338--2338
 []\TU/IBMPlexSerif(0)/m/n/10.95 Estas  |   [] funcionan como descripciones par
alelas de la autoridad percibida
 []



[42]
Overfull \hbox (4.74522pt too wide) in paragraph at lines 2376--2376
 []\TU/IBMPlexSerif(0)/m/n/10.95 El ”\TU/IBMPlexSerif(2)/m/it/10.95 «tú, pues»\
TU/IBMPlexSerif(0)/m/n/10.95 ” introduce el  |   [] directo. La ley que enseña 
debería aplicarse
 []



[43]
Overfull \hbox (17.99567pt too wide) in paragraph at lines 2400--2400
 []\TU/IBMPlexSerif(0)/m/n/10.95 Enseñar la ley sin cumplirla no  |   [] soluci
ón al pecado; solo expone culpabilidad. 
 []


Overfull \hbox (8.99144pt too wide) in paragraph at lines 2455--2455
 []\TU/IBMPlexSerif(0)/m/n/10.95 ”\TU/IBMPlexSerif(2)/m/it/10.95 «Blasfemado»\T
U/IBMPlexSerif(0)/m/n/10.95 ” BLASFEMEO está en voz pasiva. El nombre de Dios r
esulta calumniado
 []



[44]
Overfull \hbox (25.29076pt too wide) in paragraph at lines 2518--2518
 []\TU/IBMPlexSerif(0)/m/n/10.95 Guardar el rito de la circuncisión mientras se
  |   [] la ley anula completamente
 []



[45]
Overfull \hbox (2.83478pt too wide) in paragraph at lines 2540--2540
 []\TU/IBMPlexSerif(0)/m/n/10.95 El incircunciso que guarda la ley es  |   [] c
omo circuncidado. El circuncidado
 []


Overfull \hbox (20.63701pt too wide) in paragraph at lines 2554--2554
 []\TU/IBMPlexSerif(0)/m/n/10.95 El incircunciso obediente termina funcionando 
como  |   [] contra el circuncidado
 []


Overfull \hbox (10.98062pt too wide) in paragraph at lines 2582--2582
 []\TU/IBMPlexSerif(0)/m/n/10.95 La identidad verdadera no se establece por un 
acto ritual externo, sino por una realidad
 []


Overfull \hbox (31.67244pt too wide) in paragraph at lines 2584--2584
 []\TU/IBMPlexSerif(0)/m/n/10.95 Según la ley del Antiguo  |   [], cualquier va
rón gentil que quisiera incorporarse
 []


Overfull \hbox (7.28471pt too wide) in paragraph at lines 2593--2595
[]\TU/IBMPlexSerif(0)/m/n/10.95 La promesa incluye una nación, una  |   [], un 
rey y un reino con ubicación
 []


Overfull \hbox (5.62973pt too wide) in paragraph at lines 2601--2602
[]\TU/IBMPlexSerif(0)/m/n/10.95 Además de la promesa  |   [], Dios anuncia bend
ición para todas
 []



[46]
Overfull \hbox (24.15201pt too wide) in paragraph at lines 2607--2609
\TU/IBMPlexSerif(0)/m/n/10.95 Esto será desarrollado con mayor  |   [] en Roman
os 9–11 (Romanos
 []


Overfull \hbox (0.68611pt too wide) in paragraph at lines 2618--2618
 []\TU/IBMPlexSerif(0)/m/n/10.95 Pablo define la naturaleza de la circuncisión 
verdadera: una transformación interior,
 []


Overfull \hbox (3.69739pt too wide) in paragraph at lines 2631--2632
[]\TU/IBMPlexSerif(0)/m/n/10.95 La circuncisión  |   [] no garantiza aceptación
 delante
 []


Overfull \hbox (13.13995pt too wide) in paragraph at lines 2634--2634
[]\TU/IBMPlexSerif(0)/m/n/10.95 La identidad verdadera se  |   [] por una reali
dad interna. 
 []


Overfull \hbox (22.17151pt too wide) in paragraph at lines 2636--2636
[]\TU/IBMPlexSerif(0)/m/n/10.95 El judío verdadero lo es en lo  |   [], no solo
 externamente. 
 []


Overfull \hbox (23.58405pt too wide) in paragraph at lines 2638--2638
[]\TU/IBMPlexSerif(0)/m/n/10.95 La  |   [] que cuenta proviene de Dios, no de l
os hombres. 
 []


Overfull \hbox (1.8286pt too wide) in paragraph at lines 2640--2641
[]\TU/IBMPlexSerif(0)/m/n/10.95 Este cierre redefine la  |   [] y prepara el ar
gumento
 []



[47]
Overfull \hbox (0.343pt too wide) in paragraph at lines 2713--2713
 []\TU/IBMPlexSerif(0)/m/n/10.95 La pregunta surge porque Romanos 2  |   [] son
ar como si el judaísmo no tuviera
 []



[48]
Overfull \hbox (0.7555pt too wide) in paragraph at lines 2757--2757
 []\TU/IBMPlexSerif(0)/m/n/10.95 Esta ventaja implica que Israel fue  |   [] de
 la palabra de Dios para el mundo. 
 []


Overfull \hbox (30.93517pt too wide) in paragraph at lines 2777--2777
 []\TU/IBMPlexSerif(0)/m/n/10.95 Si Dios habló a Israel y muchos no respondiero
n, el lector podría pensar que la  |   []
 []


Overfull \hbox (3.0747pt too wide) in paragraph at lines 2781--2781
 []\TU/IBMPlexSerif(0)/m/n/10.95 Dicho de otra manera: si Dios hizo promesas a 
Israel y muchos no creyeron, ¿significa
 []



[49]
Overfull \hbox (0.75546pt too wide) in paragraph at lines 2791--2791
 []\TU/IBMPlexSerif(0)/m/n/10.95 Pablo no deja esta cuestión abierta porque ser
ía  |   [] para toda confianza
 []


Overfull \hbox (23.81131pt too wide) in paragraph at lines 2817--2817
 []\TU/IBMPlexSerif(0)/m/n/10.95 La infidelidad humana no  |   [] la confiabili
dad de Dios. Esto se observa claramente
 []


Overfull \hbox (26.77927pt too wide) in paragraph at lines 2819--2819
 []\TU/IBMPlexSerif(0)/m/n/10.95 Pablo apela a un patrón visible: el hombre fal
la repetidamente,  |   [] Dios permanece. 
 []


Overfull \hbox (1.78622pt too wide) in paragraph at lines 2827--2827
 []|   [] \TU/IBMPlexSerif(0)/m/n/10.95 de cuestionar el carácter de Dios, Pabl
o afirma que todo ser humano puede
 []



[50]
Overfull \hbox (31.86806pt too wide) in paragraph at lines 2855--2855
 []\TU/IBMPlexSerif(0)/m/n/10.95 El  |   [] del Salmo 51 es David reconociendo 
su pecado después de ser confrontado
 []



[51]
Overfull \hbox (9.80164pt too wide) in paragraph at lines 2941--2941
 []\TU/IBMPlexSerif(0)/m/n/10.95 Pablo está diciendo que esa  |   [] de razonar
 es terrenal, limitada y equivocada. 
 []



[52]
Overfull \hbox (9.5644pt too wide) in paragraph at lines 2971--2971
 []\TU/IBMPlexSerif(0)/m/n/10.95 Salvación implica que hay algo de lo cual ser 
 |   [], y Pablo ha estado mostrando
 []


Overfull \hbox (0.11307pt too wide) in paragraph at lines 2989--2989
 []\TU/IBMPlexSerif(0)/m/n/10.95 Pablo muestra el  |   [] en que el pecador pod
ría intentar justificarse a sí mismo. 
 []



[53]
Overfull \hbox (14.42958pt too wide) in paragraph at lines 3039--3039
 []\TU/IBMPlexSerif(0)/m/n/10.95 Pablo  |   [] promueve el pecado; esta acusaci
ón surge de una mala interpretación
 []


Overfull \hbox (4.077pt too wide) in paragraph at lines 3056--3056
[]\TU/IBMPlexSerif(0)/m/n/10.95 La infidelidad humana no  |   [] las promesas d
ivinas. 
 []


Overfull \hbox (25.29442pt too wide) in paragraph at lines 3062--3062
[]\TU/IBMPlexSerif(0)/m/n/10.95 La justicia de  |   [] no depende del comportam
iento humano. 
 []



[54]
Overfull \hbox (13.52682pt too wide) in paragraph at lines 3097--3097
 []\TU/IBMPlexSerif(0)/m/n/10.95 Pablo junto con cualquier  |   [] con el que s
e alinee retóricamente en la discusión. 
 []


Overfull \hbox (14.42404pt too wide) in paragraph at lines 3101--3101
 []\TU/IBMPlexSerif(0)/m/n/10.95 Por lo tanto, el uso del pronombre no tiene un
 propósito étnico, sino retórico: involucrar
 []


Overfull \hbox (6.0495pt too wide) in paragraph at lines 3109--3109
[]| \TU/IBMPlexSerif(2)/m/it/10.95 «Aunque ser judío era una ventaja por haber 
recibido los oráculos de Dios, esa ventaja no produce
 []



[55]
Overfull \hbox (20.9853pt too wide) in paragraph at lines 3133--3133
[]| \TU/IBMPlexSerif(2)/m/it/10.95 «Si judíos y griegos están bajo pecado, no q
ueda ningún otro grupo humano fuera de esta condición.» 
 []


Overfull \hbox (1.2631pt too wide) in paragraph at lines 3163--3163
 []\TU/IBMPlexSerif(0)/m/n/10.95 Tampoco. En Romanos 3:10–18, Pablo presentará 
una serie de citas de las Escrituras
 []


Overfull \hbox (25.50975pt too wide) in paragraph at lines 3181--3181
 []\TU/IBMPlexSerif(0)/m/n/10.95 Pablo introduce la evidencia final  |   [] a l
a autoridad máxima para su audiencia. 
 []



[56]
Overfull \hbox (51.39311pt too wide) in paragraph at lines 3222--3222
 []\TU/IBMPlexSerif(0)/m/n/10.95 “Entender” aquí no significa solo  |   [] info
rmación; significa comprender correctamente
 []



[57]
Overfull \hbox (33.02147pt too wide) in paragraph at lines 3238--3238
 []\TU/IBMPlexSerif(0)/m/n/10.95 La afirmación  |   [] es absoluta: Pablo no es
tá diciendo “son pocos los buscadores”,
 []


Overfull \hbox (12.13252pt too wide) in paragraph at lines 3240--3240
 []\TU/IBMPlexSerif(0)/m/n/10.95 Esto corrige la idea de que el  |   [] natural
mente se dirige a Dios si simplemente
 []



[58]
Overfull \hbox (19.6442pt too wide) in paragraph at lines 3315--3315
 []\TU/IBMPlexSerif(0)/m/n/10.95 La progresión anatómica  |   [] que todo el ap
arato del habla está comprometido: 
 []



[59]
Overfull \hbox (9.1775pt too wide) in paragraph at lines 3363--3363
 []\TU/IBMPlexSerif(0)/m/n/10.95 El punto no es solo que el  |   [] miente, sin
o que usa el habla como herramienta
 []


Overfull \hbox (1.1278pt too wide) in paragraph at lines 3393--3393
 []\TU/IBMPlexSerif(0)/m/n/10.95 La maldad del  |   [] asciende por la garganta
 y se expresa por la boca: engaño
 []



[60]

[61]

[62]
Overfull \hbox (4.22377pt too wide) in paragraph at lines 3491--3491
 []\TU/IBMPlexSerif(0)/m/n/10.95 Esto explica por qué el hombre no entiende, no
 busca, se desvía, habla con corrupción
 []


Overfull \hbox (9.906pt too wide) in paragraph at lines 3534--3534
 []\TU/IBMPlexSerif(0)/m/n/10.95 Pablo introduce una conclusión basada en todo 
lo que acaba de demostrar en Romanos
 []


Overfull \hbox (19.98149pt too wide) in paragraph at lines 3536--3536
 []\TU/IBMPlexSerif(0)/m/n/10.95 “Sabemos” no introduce una opinión nueva, sino
 un conocimiento que resulta inevitable
 []



[63]
Overfull \hbox (9.32347pt too wide) in paragraph at lines 3552--3552
 []\TU/IBMPlexSerif(0)/m/n/10.95 Esto incluye principalmente al pueblo judío, q
ue recibió la ley como revelación directa. 
 []


Overfull \hbox (13.22318pt too wide) in paragraph at lines 3576--3576
 []\TU/IBMPlexSerif(0)/m/n/10.95 En el contexto previo, la boca había sido inst
rumento de engaño, maldición y amargura. 
 []



[64]
Overfull \hbox (11.13243pt too wide) in paragraph at lines 3654--3654
 []\TU/IBMPlexSerif(2)/m/it/10.95 «Obras de la ley» \TU/IBMPlexSerif(0)/m/n/10.
95 se refiere a acciones realizadas en obediencia a mandamientos legales. 
 []


Overfull \hbox (2.57465pt too wide) in paragraph at lines 3660--3660
 []\TU/IBMPlexSerif(0)/m/n/10.95 Pablo no critica la ley como mala, sino el uso
 de las obras como medio de justificación. 
 []



[65]

[66]
Overfull \hbox (28.42976pt too wide) in paragraph at lines 3740--3740
 []\TU/IBMPlexSerif(0)/m/n/10.95 Pablo ha llevado al lector hasta el punto exac
to donde el evangelio se vuelve absolutamente
 []


Overfull \hbox (9.70457pt too wide) in paragraph at lines 3774--3775
[]\TU/IBMPlexSerif(0)/m/n/10.95 Hasta este punto, el lector ha quedado sin defe
nsa: toda boca cerrada, toda la humanidad
 []



[67]
Overfull \hbox (0.83725pt too wide) in paragraph at lines 3821--3821
 []\TU/IBMPlexSerif(0)/m/n/10.95 La justicia que sigue no es una versión mejora
da de la justicia legal, sino algo distinto. 
 []


Overfull \hbox (6.22322pt too wide) in paragraph at lines 3847--3847
 []\TU/IBMPlexSerif(2)/m/it/10.95 «La ley y los profetas» \TU/IBMPlexSerif(0)/m
/n/10.95 es una forma de referirse al conjunto de las Escrituras del Antiguo
 []



[68]

[69]
File: images/justificacion.png Graphic file (type bmp)
<images/justificacion.png>


[70]

[71]

[72]
Overfull \hbox (30.41539pt too wide) in paragraph at lines 4141--4141
 []\TU/IBMPlexSerif(0)/m/n/10.95 La jactancia queda excluida porque lo único qu
e el hombre contribuye para su justificación
 []



[73]
Overfull \hbox (12.39532pt too wide) in paragraph at lines 4163--4163
 []\TU/IBMPlexSerif(0)/m/n/10.95 Se suele pensar que el problema del orgullo se
 resuelve agregando requisitos humanos. 
 []


Overfull \hbox (1.41977pt too wide) in paragraph at lines 4173--4174
[]\TU/IBMPlexSerif(0)/m/n/10.95 Someterse al señorío de Cristo como condición p
revia o como condición
 []


Overfull \hbox (1.33511pt too wide) in paragraph at lines 4183--4183
 []\TU/IBMPlexSerif(0)/m/n/10.95 Todas estas cosas, aunque pueden existir en ot
ros contextos, no eliminan la jactancia
 []


Overfull \hbox (0.74599pt too wide) in paragraph at lines 4185--4185
 []\TU/IBMPlexSerif(0)/m/n/10.95 Si algo de esto funcionara como condición para
 ser justificado, el hombre aún tendría
 []



[74]
Overfull \hbox (22.02914pt too wide) in paragraph at lines 4221--4221
 []\TU/IBMPlexSerif(0)/m/n/10.95 Después de examinar la condición humana y la o
bra de Cristo, la conclusión es inevitable. 
 []



[75]

[76]
Overfull \hbox (8.19418pt too wide) in paragraph at lines 4379--4380
[]\TU/IBMPlexSerif(0)/m/n/10.95 Romanos capítulo 4 funciona como una demostraci
ón bíblica que respalda la afirmación
 []


Overfull \hbox (3.13312pt too wide) in paragraph at lines 4396--4397
[]\TU/IBMPlexSerif(0)/m/n/10.95 Abraham es el caso ideal, porque vivió antes de
 la ley mosaica y antes de la circuncisión. 
 []



[77]
Overfull \hbox (14.46635pt too wide) in paragraph at lines 4439--4441
\TU/IBMPlexSerif(0)/m/n/10.95 Esto indica que cuando Dios acredita justicia al 
hombre, lo hace sin participación humana
 []



[78]
Overfull \hbox (8.0511pt too wide) in paragraph at lines 4489--4489
 []\TU/IBMPlexSerif(0)/m/n/10.95 La pregunta no es qué hizo Abraham espiritualm
ente, sino, ¿qué logró humanamente? 
 []


Overfull \hbox (8.13213pt too wide) in paragraph at lines 4491--4491
 []\TU/IBMPlexSerif(0)/m/n/10.95 La expresión \TU/IBMPlexSerif(2)/m/it/10.95 «s
egún la carne» \TU/IBMPlexSerif(0)/m/n/10.95 limita el análisis a lo que Abraha
m pudo haber producido
 []



[79]
Overfull \hbox (6.9568pt too wide) in paragraph at lines 4547--4547
 \TU/IBMPlexSerif(0)/m/n/10.95 definida por cómo Abraham fue justificado para e
stablecer a Abraham como prototipo
 []


Overfull \hbox (13.80911pt too wide) in paragraph at lines 4561--4561
 []\TU/IBMPlexSerif(0)/m/n/10.95 Abraham no es un caso excepcional; es el patró
n para destacar la promesa de bendición
 []


Overfull \hbox (7.6601pt too wide) in paragraph at lines 4563--4563
 []\TU/IBMPlexSerif(0)/m/n/10.95 Pablo conecta Romanos 4 con Génesis 12 y 17. L
a promesa siempre fue multinacional.
 []



[80]
Overfull \hbox (6.46548pt too wide) in paragraph at lines 4666--4666
[]\TU/IBMPlexSerif(0)/m/n/10.95 Abraham es examinado como evidencia, no present
ado como ejemplo moral. 
 []



[81]
Overfull \hbox (10.15057pt too wide) in paragraph at lines 4691--4691
 []\TU/IBMPlexSerif(0)/m/n/10.95 Pablo introduce una ilustración tomada del mun
do cotidiano del trabajo y la economía. 
 []


Overfull \hbox (14.36786pt too wide) in paragraph at lines 4703--4706
[]\TU/IBMPlexSerif(0)/m/n/10.95 El salario no depende de la buena voluntad del 
empleador, sino de una obligación
 []



[82]
Overfull \hbox (5.6224pt too wide) in paragraph at lines 4825--4825
 []\TU/IBMPlexSerif(0)/m/n/10.95 Es decir, No dice que primero uno no trabaje p
ero luego crea como una etapa posterior
 []



[83]

[84]
Overfull \hbox (0.75475pt too wide) in paragraph at lines 4947--4947
 []\TU/IBMPlexSerif(0)/m/n/10.95 Génesis 22, que cita Santiago, confirma públic
amente lo que Dios ya había declarado. 
 []


Overfull \hbox (12.71898pt too wide) in paragraph at lines 4974--4974
 []\TU/IBMPlexSerif(0)/m/n/10.95 El texto obliga a una sola conclusión. La just
ificación delante de Dios es completamente
 []



[85]
Overfull \hbox (19.24393pt too wide) in paragraph at lines 5021--5021
 []\TU/IBMPlexSerif(0)/m/n/10.95 Pablo no está cambiando de tema; está reforzan
do el mismo principio con otra Escritura. 
 []



[86]

[87]

[88]
Overfull \hbox (36.95764pt too wide) in paragraph at lines 5234--5234
 []\TU/IBMPlexSerif(0)/m/n/10.95 Si la bendición alcanza también a los incircun
cisos, entonces no depende de la circuncisión. 
 []



[89]

[90]
Overfull \hbox (3.46175pt too wide) in paragraph at lines 5314--5314
 []\TU/IBMPlexSerif(0)/m/n/10.95 La justicia es acreditada (LOGIZOMAI) a otros 
de la misma manera. No hay un método
 []


Underfull \hbox (badness 1668) in paragraph at lines 5320--5322
[]\TU/IBMPlexSerif(2)/m/it/10.95 « También Abraham es padre de la circuncisión 
para aquellos que no solamente son de la
 []


Overfull \hbox (32.83904pt too wide) in paragraph at lines 5324--5324
[]| \TU/IBMPlexSerif(2)/m/it/10.95 «También Abraham es padre de la circuncisión
 para aquellos que no solamente son de la circuncisión,» 
 []


Overfull \hbox (3.46501pt too wide) in paragraph at lines 5371--5371
 []\TU/IBMPlexSerif(0)/m/n/10.95 Pablo amplía el argumento. Ya no habla solo de
 justificación. Ahora habla de promesa
 []



[91]

[92]

[93]
Overfull \hbox (1.31999pt too wide) in paragraph at lines 5585--5585
 []\TU/IBMPlexSerif(0)/m/n/10.95 La fe de Abraham no consistió en negar la real
idad. Abraham \TU/IBMPlexSerif(0)/b/n/10.95 consideró \TU/IBMPlexSerif(0)/m/n/1
0.95 su condición
 []



[94]

[95]

[96]
Overfull \hbox (28.17062pt too wide) in paragraph at lines 5735--5735
[]\TU/IBMPlexSerif(0)/m/n/10.95 Abraham creyó cuando la esperanza humana había 
desaparecido. 
 []


Overfull \hbox (4.17068pt too wide) in paragraph at lines 5762--5762
 []\TU/IBMPlexSerif(0)/m/n/10.95 Fue escrito con una intención más amplia. La E
scritura no es meramente descriptiva;
 []



[97]
Overfull \hbox (5.43623pt too wide) in paragraph at lines 5814--5814
 []\TU/IBMPlexSerif(0)/m/n/10.95 Así como Abraham creyó en el Dios que da vida 
a los muertos (4:17), nosotros creemos
 []


Overfull \hbox (15.32507pt too wide) in paragraph at lines 5837--5837
 []\TU/IBMPlexSerif(0)/m/n/10.95 Fue \TU/IBMPlexSerif(2)/m/it/10.95 «por causa 
de» \TU/IBMPlexSerif(0)/m/n/10.95 nuestras transgresiones. La muerte de Cristo 
responde directamente
 []



[98]
Overfull \hbox (4.616pt too wide) in paragraph at lines 5851--5851
 []\TU/IBMPlexSerif(0)/m/n/10.95 La muerte trata con el pecado. La resurrección
 confirma que el problema fue resuelto. 
 []


Overfull \hbox (12.17148pt too wide) in paragraph at lines 5853--5853
 []\TU/IBMPlexSerif(0)/m/n/10.95 La resurrección es la declaración pública de q
ue la obra fue aceptada. Sin resurrección,
 []



[99]
Overfull \hbox (19.67345pt too wide) in paragraph at lines 5954--5954
 []\TU/IBMPlexSerif(0)/m/n/10.95 El participio \TU/IBMPlexSerif(2)/m/it/10.95 «
habiendo sido justificados» \TU/IBMPlexSerif(0)/m/n/10.95 señala una acción com
pleta con efectos vigentes.
 []


Overfull \hbox (3.01636pt too wide) in paragraph at lines 5956--5956
 []\TU/IBMPlexSerif(0)/m/n/10.95 La fe es el medio por el cual ocurrió la justi
ficación, no el medio por el cual se obtienen
 []



[100]
Overfull \hbox (15.05397pt too wide) in paragraph at lines 5966--5966
 []\TU/IBMPlexSerif(2)/m/it/10.95 «Paz» \TU/IBMPlexSerif(0)/m/n/10.95 aquí no d
escribe calma interna, tranquilidad psicológica ni ausencia de ansiedad.
 []


Underfull \hbox (badness 1178) in paragraph at lines 6006--6007
[]\TU/IBMPlexSerif(0)/m/n/10 estar en posesión de, tener (el perfecto de ECHO i
ndica un estado presente
 []


Overfull \hbox (2.33218pt too wide) in paragraph at lines 6010--6010
 []\TU/IBMPlexSerif(0)/m/n/10.95 Así, ESCHAMEN transmite: “tenemos”, “poseemos”
, “estamos en un estado de tener”
 []


Overfull \hbox (13.38449pt too wide) in paragraph at lines 6027--6027
 []\TU/IBMPlexSerif(0)/m/n/10.95 La fe aparece nuevamente como el principio opu
esto a las obras: el medio de recepción,
 []



[101]

[102]
Overfull \hbox (12.08878pt too wide) in paragraph at lines 6115--6115
 []\TU/IBMPlexSerif(0)/m/n/10.95 La esperanza no se debilita; se fortalece. La 
sequencia es de esperanza a una esperanza
 []


Overfull \hbox (14.7218pt too wide) in paragraph at lines 6147--6147
 []\TU/IBMPlexSerif(0)/m/n/10.95 El Espíritu Santo es presentado como don (rega
lado), no como recompensa (no ganado).
 []



[103]
Overfull \hbox (5.96553pt too wide) in paragraph at lines 6197--6197
[]\TU/IBMPlexSerif(0)/m/n/10.95 Las tribulaciones ocurren dentro de la justific
ación, no contra
 []


Overfull \hbox (27.12819pt too wide) in paragraph at lines 6206--6207
[]\TU/IBMPlexSerif(0)/m/n/10.95 (La seguridad del creyente se fundamenta en la 
obra histórica de Cristo, no en su experiencia
 []


Overfull \hbox (9.22737pt too wide) in paragraph at lines 6221--6221
 \TU/IBMPlexSerif(0)/m/n/10.95 de ignorancia temporal. El ser humano no estaba 
buscando, cooperando ni avanzando
 []



[104]
Overfull \hbox (4.76613pt too wide) in paragraph at lines 6274--6274
 []\TU/IBMPlexSerif(0)/m/n/10.95 Incluso cuando una persona es beneficiosa, nob
le o admirable, el sacrificio voluntario
 []



[105]
Overfull \hbox (1.393pt too wide) in paragraph at lines 6356--6356
 []\TU/IBMPlexSerif(0)/m/n/10.95 Pablo intensifica aún más el argumento. La rec
onciliación con Dios sucedió mientras
 []



[106]
Overfull \hbox (12.87128pt too wide) in paragraph at lines 6396--6396
 []\TU/IBMPlexSerif(0)/m/n/10.95 De aquí en adelante, todo lo que procede es ún
icamente sobre la base de la justificación.
 []


Overfull \hbox (13.21075pt too wide) in paragraph at lines 6413--6413
 []\TU/IBMPlexSerif(0)/m/n/10.95 Si decimos que el problema del pecado ha sido 
resuelto, no significa que ya no pecamos.
 []


Overfull \hbox (4.81673pt too wide) in paragraph at lines 6415--6415
 \TU/IBMPlexSerif(0)/m/n/10.95 importante para Dios que en la vida del incrédul
o. Dios no quiere que su hijos pequen. 
 []



[107]
Overfull \hbox (11.86606pt too wide) in paragraph at lines 6475--6475
 []\TU/IBMPlexSerif(0)/m/n/10.95 Solo porque ya fuimos justificados nuestra rel
ación con Dios no es directa ni autónoma.
 []



[108]
Overfull \hbox (8.37666pt too wide) in paragraph at lines 6493--6493
 []\TU/IBMPlexSerif(0)/m/n/10.95 Romanos 5:6–11 establece que la seguridad del 
creyente no depende de su constancia, 
 []



[109]
Overfull \hbox (2.2352pt too wide) in paragraph at lines 6550--6550
 []\TU/IBMPlexSerif(0)/m/n/10.95 El pecado no es descrito aquí como actos aisla
dos, sino como una realidad dominante
 []


Overfull \hbox (11.377pt too wide) in paragraph at lines 6589--6589
 []\TU/IBMPlexSerif(0)/m/n/10.95 La universalidad de la muerte demuestra que el
 problema no es meramente individual.
 []



[110]
Overfull \hbox (3.7838pt too wide) in paragraph at lines 6627--6627
 []\TU/IBMPlexSerif(0)/m/n/10.95 Pablo responde: el pecado existía antes de La 
Ley. La Ley no es la fuente del problema. 
 []



[111]
Overfull \hbox (5.4579pt too wide) in paragraph at lines 6668--6668
[]| \TU/IBMPlexSerif(2)/m/it/10.95 «El problema es más que acciones indebidas. 
Es un problema interno que ocaciona que pequemos
 []


Overfull \hbox (21.70941pt too wide) in paragraph at lines 6676--6676
 []\TU/IBMPlexSerif(0)/m/n/10.95 Adán es figura, no porque sea similar moralmen
te a Cristo, sino porque ambos funcionan
 []


Overfull \hbox (40.85803pt too wide) in paragraph at lines 6699--6699
[]\TU/IBMPlexSerif(0)/m/n/10.95 La universalidad de la muerte demuestra una con
dición corporativa. 
 []


Overfull \hbox (19.47414pt too wide) in paragraph at lines 6713--6714
[]\TU/IBMPlexSerif(0)/m/n/10.95 (La obra de Cristo no solo revierte el daño de 
Adán, sino que lo sobrepasa abundantemente) 
 []



[112]
Overfull \hbox (25.28839pt too wide) in paragraph at lines 6742--6742
[]| \TU/IBMPlexSerif(2)/m/it/10.95 «La transgresión y la dádiva no funcionan ba
jo el mismo principio. No producen efectos equivalentes.
 []

File: images/en-adan-cuadrante.png Graphic file (type bmp)
<images/en-adan-cuadrante.png>

Overfull \hbox (23.7994pt too wide) in paragraph at lines 6776--6776
 []\TU/IBMPlexSerif(0)/m/n/10.95 El énfasis no está en cuántas veces pecaron lo
s muchos, sino en que una sola transgresión
 []



[113]

[114]
File: images/en-cristo.png Graphic file (type bmp)
<images/en-cristo.png>

Overfull \hbox (0.409pt too wide) in paragraph at lines 6841--6841
[]\TU/IBMPlexSerif(0)/m/n/10.95 Aquí vemos el contraste en los resultados. Pabl
o ahora refina el contraste, no solo en términos
 []



[115]
Overfull \hbox (5.4727pt too wide) in paragraph at lines 6849--6849
 []\TU/IBMPlexSerif(0)/m/n/10.95 En contraste, la dádiva surge en un contexto c
ompletamente distinto: Pablo introduce
 []


Overfull \hbox (21.66779pt too wide) in paragraph at lines 6874--6874
\TU/IBMPlexSerif(0)/m/n/10.95 confirma que no está describiendo experiencias ai
sladas, sino \TU/IBMPlexSerif(0)/b/n/10.95 esferas de dominio \TU/IBMPlexSerif(
0)/m/n/10.95 incompatibles. 
 []



[116]
Overfull \hbox (10.17757pt too wide) in paragraph at lines 6932--6932
[]\TU/IBMPlexSerif(0)/m/n/10.95 En estos versículos Pablo ya no introduce nuevo
s conceptos,resume, condensa y fija legalmente
 []



[117]
Overfull \hbox (25.70322pt too wide) in paragraph at lines 6970--6970
 []\TU/IBMPlexSerif(0)/m/n/10.95 La condenación no aparece aquí como castigo ac
umulado por muchas acciones humanas.
 []


Overfull \hbox (10.65575pt too wide) in paragraph at lines 6972--6972
 []\TU/IBMPlexSerif(2)/m/it/10.95 «Todos los hombres» \TU/IBMPlexSerif(0)/m/n/1
0.95 no describe conducta personal, describe \TU/IBMPlexSerif(0)/b/n/10.95 pert
enencia a una esfera\TU/IBMPlexSerif(0)/m/n/10.95 .
 []


Overfull \hbox (46.2156pt too wide) in paragraph at lines 7000--7000
[]| \TU/IBMPlexSerif(2)/m/it/10.95 «La expresión no se refiere a una cualidad i
nterna, sino a una acción concreta, objetiva y representativa.» 
 []


Overfull \hbox (31.37534pt too wide) in paragraph at lines 7013--7013
[]\TU/IBMPlexSerif(0)/m/n/10.95 La explicación del mecanismo representativo: Pa
blo ahora explica \TU/IBMPlexSerif(0)/b/n/10.95 cómo \TU/IBMPlexSerif(0)/m/n/10
.95 funciona este paralelismo. 
 []


Overfull \hbox (3.37622pt too wide) in paragraph at lines 7025--7025
[]| \TU/IBMPlexSerif(2)/m/it/10.95 «Porque así como por la desobediencia de un 
hombre los muchos fueron constituidos pecadores,» 
 []



[118]
File: images/en-cristo-cuadrante.png Graphic file (type bmp)
<images/en-cristo-cuadrante.png>


[119]

[120]
Overfull \hbox (34.85417pt too wide) in paragraph at lines 7101--7101
 []\TU/IBMPlexSerif(0)/m/n/10.95 La representación es total. La pertenencia es 
exclusiva. O bien se está bajo la desobediencia
 []

File: images/no-realidad-compartida.png Graphic file (type bmp)
<images/no-realidad-compartida.png>


[121]
Overfull \hbox (4.42523pt too wide) in paragraph at lines 7141--7141
 []\TU/IBMPlexSerif(0)/m/n/10.95 La Ley no aparece como una reacción al pecado,
 sino como una intervención histórica
 []


Overfull \hbox (10.16083pt too wide) in paragraph at lines 7165--7165
 []\TU/IBMPlexSerif(0)/m/n/10.95 El pecado ya existía, pero La Ley lo define, l
o nombra y lo multiplica como transgresión.
 []

File: images/pecador-.png Graphic file (type bmp)
<images/pecador-.png>


[122]

[123]
Overfull \hbox (8.72586pt too wide) in paragraph at lines 7254--7254
 []\TU/IBMPlexSerif(0)/m/n/10.95 Pablo no está diciendo que la gracia reina aut
omáticamente sobre todos. Está diciendo
 []


Overfull \hbox (1.73546pt too wide) in paragraph at lines 7274--7274
 []\TU/IBMPlexSerif(0)/m/n/10.95 Reina \TU/IBMPlexSerif(2)/m/it/10.95 «por medi
o de la justicia»\TU/IBMPlexSerif(0)/m/n/10.95 . Es decir, no ignora el problem
a del pecado, lo resuelve
 []


Overfull \hbox (26.44931pt too wide) in paragraph at lines 7298--7298
 []\TU/IBMPlexSerif(0)/m/n/10.95 Pablo concluye así todo el argumento de Romano
s 5: Adán introdujo pecado, condenación
 []



[124]
Overfull \hbox (30.45796pt too wide) in paragraph at lines 7302--7302
 []\TU/IBMPlexSerif(0)/m/n/10.95 Romanos 6 explicará cómo este nuevo reinado se
 vive. Romanos 7 mostrará la incapacidad
 []


Overfull \hbox (19.8146pt too wide) in paragraph at lines 7321--7321
 \TU/IBMPlexSerif(0)/b/n/12 ROMANOS 6:1–8:17 SANTIFICACIÓN: LA VIDA QUE BROTA D
E LA JUSTIFICACIÓN| 
 []

File: images/santificacion.png Graphic file (type bmp)
<images/santificacion.png>

Overfull \hbox (11.09377pt too wide) in paragraph at lines 7332--7333
[]\TU/IBMPlexSerif(0)/m/n/10.95 (La gracia abundante provoca una objeción lógic
a: si la gracia reina, ¿importa el pecado?) 
 []



[125]
Overfull \hbox (27.6282pt too wide) in paragraph at lines 7359--7359
 []\TU/IBMPlexSerif(0)/m/n/10.95 Romanos 5 ha afirmado con claridad que: donde 
el pecado abundó, la gracia sobreabundó.
 []


Overfull \hbox (1.81915pt too wide) in paragraph at lines 7392--7394
[]\TU/IBMPlexSerif(0)/m/n/10.95 Finalmente se muestra que el pecado reina, y la
 gracia reina sobre él (5:20-21).
 []



[126]
Overfull \hbox (7.21964pt too wide) in paragraph at lines 7438--7438
 \TU/IBMPlexSerif(0)/m/n/10.95 Pero si es un rechazo categórico a la noción que
 continuariamos viviendo en el pecado. 
 []



[127]
Overfull \hbox (24.49657pt too wide) in paragraph at lines 7562--7562
[]| \TU/IBMPlexSerif(2)/m/it/10.95 «Ilustración conceptual: Sería como ser libe
rado legalmente de prisión, recibir una nueva identidad,
 []



[128]

[129]
Overfull \hbox (7.55545pt too wide) in paragraph at lines 7720--7720
 []\TU/IBMPlexSerif(0)/m/n/10.95 No se trata de una figura retórica: la sepultu
ra elimina la idea de una muerte simbólica
 []


Overfull \hbox (25.84341pt too wide) in paragraph at lines 7728--7728
 []\TU/IBMPlexSerif(0)/m/n/10.95 El medio de esta muerte no fue el esfuerzo hum
ano, sino la acción de Dios al identificarnos
 []



[130]
Overfull \hbox (2.28241pt too wide) in paragraph at lines 7782--7782
[]| \TU/IBMPlexSerif(2)/m/it/10.95 «Pablo todavía cómo andar. Solo afirma que e
sta posibilidad existe porque la unión ya ocurrió.» 
 []


Overfull \hbox (4.38998pt too wide) in paragraph at lines 7802--7802
[]| \TU/IBMPlexSerif(2)/m/it/10.95 « no significa imitación externa. No se afir
ma identidad de ser, sino participación en el resultado
 []



[131]
Overfull \hbox (3.65358pt too wide) in paragraph at lines 7843--7844
[]\TU/IBMPlexSerif(0)/m/n/10.95 (La muerte y resurrección con Cristo implican l
iberación del antiguo señorío y un nuevo
 []



[132]
Overfull \hbox (3.47983pt too wide) in paragraph at lines 7856--7856
 \TU/IBMPlexSerif(0)/m/n/10.95 Saber aquí no significa recordar información doc
trinal, sino \TU/IBMPlexSerif(0)/b/n/10.95 vivir desde una realidad
 []



[133]
Overfull \hbox (1.00732pt too wide) in paragraph at lines 7934--7934
 []\TU/IBMPlexSerif(0)/m/n/10.95 Miremos el significado básico en el griego com
ún: Inutilizar algo quitándole su poder
 []


Overfull \hbox (18.68188pt too wide) in paragraph at lines 7979--7979
 []\TU/IBMPlexSerif(0)/m/n/10.95 La esclavitud no es solo comportamiento forzad
o. Es \TU/IBMPlexSerif(0)/b/n/10.95 pertenencia\TU/IBMPlexSerif(0)/m/n/10.95 . 
Un esclavo pertenece
 []



[134]
Overfull \hbox (5.00069pt too wide) in paragraph at lines 7997--7997
 []\TU/IBMPlexSerif(0)/m/n/10.95 Pablo introduce una afirmación jurídica simple
. En cualquier sistema legal, la muerte
 []


Overfull \hbox (12.40506pt too wide) in paragraph at lines 8037--8037
 []\TU/IBMPlexSerif(0)/m/n/10.95 Todas esas ideas niegan un hecho ya consumado.
 El creyente no muere repetidamente.
 []


Overfull \hbox (5.21263pt too wide) in paragraph at lines 8037--8037
 \TU/IBMPlexSerif(0)/m/n/10.95 Murió una vez para siempre, en Cristo. Romanos 6
:2; Colosenses 2:20, 3:3; 2 Corintios
 []



[135]
Overfull \hbox (8.77089pt too wide) in paragraph at lines 8132--8132
[]\TU/IBMPlexSerif(0)/m/n/10.95 La muerte produjo una liberación real del domin
io del pecado. 
 []



[136]
Overfull \hbox (15.97984pt too wide) in paragraph at lines 8149--8153
[]\TU/IBMPlexSerif(0)/m/n/10.95 El problema práctico que Pablo aborda. Hasta aq
uí, Pablo ha establecido hechos objetivos:
 []


Overfull \hbox (10.40121pt too wide) in paragraph at lines 8149--8153
\TU/IBMPlexSerif(0)/m/n/10.95 El creyente murió con Cristo (Romanos 6:2–4). El 
viejo hombre fue crucificado (Romanos
 []


Overfull \hbox (3.70395pt too wide) in paragraph at lines 8155--8158
[]\TU/IBMPlexSerif(0)/m/n/10.95 Sin embargo, surge una pregunta inevitable: Si 
todo esto es verdad, ¿por qué el creyente
 []


Overfull \hbox (11.35997pt too wide) in paragraph at lines 8155--8158
\TU/IBMPlexSerif(0)/m/n/10.95 todavía peca? Pablo no responde diciendo que la o
bra de Cristo fue incompleta. Tampoco
 []


Overfull \hbox (21.9744pt too wide) in paragraph at lines 8198--8198
 []\TU/IBMPlexSerif(0)/m/n/10.95 La obediencia cristiana no comienza con esfuer
zo, comienza con \TU/IBMPlexSerif(0)/b/n/10.95 alinear el pensamiento
 []



[137]
Underfull \hbox (badness 1810) in paragraph at lines 8230--8232
[]\TU/IBMPlexSerif(2)/m/it/10.95 « ni presenten los miembros de su cuerpo al pe
cado como instrumentos de iniquidad, sino
 []



[138]
Overfull \hbox (18.16112pt too wide) in paragraph at lines 8310--8310
 []\TU/IBMPlexSerif(0)/m/n/10.95 Resumen del flujo del argumento: El pecado rei
nó bajo Adán. El creyente fue transferido
 []



[139]
Overfull \hbox (18.31711pt too wide) in paragraph at lines 8381--8381
 []\TU/IBMPlexSerif(0)/m/n/10.95 La objeción es comprensible: si la ley ya no g
obierna, ¿qué impide una vida pecaminosa? 
 []


Overfull \hbox (1.4103pt too wide) in paragraph at lines 8383--8383
 []\TU/IBMPlexSerif(0)/m/n/10.95 Pablo responde no ajustando su doctrina, sino 
\TU/IBMPlexSerif(0)/b/n/10.95 explicando cómo funciona la libertad
 []


Overfull \hbox (5.24377pt too wide) in paragraph at lines 8391--8391
 []\TU/IBMPlexSerif(0)/m/n/10.95 La gracia nunca es presentada como neutral fre
nte al pecado. Tampoco es presentada
 []



[140]
Overfull \hbox (2.9881pt too wide) in paragraph at lines 8417--8417
 []\TU/IBMPlexSerif(0)/m/n/10.95 No existe un estado neutral sin señorío. Los d
os amos no se definen aquí por nombres
 []



[141]

[142]
Overfull \hbox (1.79208pt too wide) in paragraph at lines 8568--8568
 []\TU/IBMPlexSerif(0)/m/n/10.95 Esto ayuda a leer lo que sigue correctamente: 
Pablo no está redefiniendo el evangelio.
 []



[143]
Overfull \hbox (0.80902pt too wide) in paragraph at lines 8592--8592
 []\TU/IBMPlexSerif(0)/m/n/10.95 Importante: Pablo no dice que la santificación
 sea el medio de justificación. Presenta
 []



[144]
Overfull \hbox (1.00885pt too wide) in paragraph at lines 8680--8683
[]\TU/IBMPlexSerif(2)/m/it/10.95 «habiendo sido libertados del pecado» \TU/IBMP
lexSerif(0)/m/n/10.95 (pasivo: algo recibido, no auto-producido) 
 []


Overfull \hbox (14.55975pt too wide) in paragraph at lines 8694--8694
 []\TU/IBMPlexSerif(2)/m/it/10.95 «Santificación» \TU/IBMPlexSerif(0)/m/n/10.95
 aquí funciona como dirección y resultado progresivo del nuevo dominio. 
 []



[145]
Overfull \hbox (33.29158pt too wide) in paragraph at lines 8773--8774
[]\TU/IBMPlexSerif(0)/m/n/10.95 Pablo explica el argumento con una analogía sim
ple: presentación,
 []



[146]
Overfull \hbox (6.19641pt too wide) in paragraph at lines 8805--8805
 []\TU/IBMPlexSerif(0)/m/n/10.95 Pablo aclara que se dirige a personas que “con
ocen la ley”. Esto no limita el argumento
 []


Overfull \hbox (14.76714pt too wide) in paragraph at lines 8857--8857
 []\TU/IBMPlexSerif(0)/m/n/10.95 Por eso, el matrimonio no es solo una promesa 
privada, sino una relación jurídicamente
 []



[147]
Overfull \hbox (13.94804pt too wide) in paragraph at lines 8881--8881
 []\TU/IBMPlexSerif(0)/m/n/10.95 Cualquier unión con otro hombre sería consider
ada ilegal, no por razones emocionales,
 []



[148]
Underfull \hbox (badness 1442) in paragraph at lines 8969--8971
[]\TU/IBMPlexSerif(2)/m/it/10.95 « Porque mientras estábamos en la carne, las p
asiones pecaminosas despertadas por la ley,
 []



[149]

[150]
Overfull \hbox (2.1432pt too wide) in paragraph at lines 9076--9076
[]| \TU/IBMPlexSerif(2)/m/it/10.95 «Porque yo no hubiera sabido lo que es la co
dicia, si la ley no hubiera dicho: «NO CODICIARÁS».» 
 []


Overfull \hbox (40.02364pt too wide) in paragraph at lines 9116--9116
 \TU/IBMPlexSerif(0)/m/n/10.95 introduce un mandamiento, el pecado se activa y 
produce toda clase de deseos pecaminosos. 
 []


Overfull \hbox (2.67683pt too wide) in paragraph at lines 9120--9120
 []\TU/IBMPlexSerif(0)/m/n/10.95 La personificación del pecado es coherente con
 Romanos 5–6, donde el pecado actúa,
 []



[151]
Overfull \hbox (15.41145pt too wide) in paragraph at lines 9122--9122
 []\TU/IBMPlexSerif(0)/m/n/10.95 La ley nunca es culpada; gramaticalmente es se
cundaria y utilizada instrumentalmente
 []


Overfull \hbox (9.67029pt too wide) in paragraph at lines 9134--9134
 []\TU/IBMPlexSerif(0)/m/n/10.95 La secuencia es explícita y ordenada: vida ant
erior sin la ley, llegada del mandamiento,
 []


Overfull \hbox (28.17943pt too wide) in paragraph at lines 9136--9136
 []\TU/IBMPlexSerif(0)/m/n/10.95 Esto describe un estado anterior de vida sin l
a ley, seguido por la llegada del mandamiento,
 []


Overfull \hbox (32.30148pt too wide) in paragraph at lines 9138--9138
 \TU/IBMPlexSerif(0)/m/n/10.95 del pecado no es frenada por la ley; al contrari
o, el pecado se activa cuando el mandamiento
 []



[152]
Overfull \hbox (15.82516pt too wide) in paragraph at lines 9186--9187
[]\TU/IBMPlexSerif(0)/m/n/10.95 El conocimiento apela a los sentidos y produce 
falsa seguridad. 1 Corintios
 []


Overfull \hbox (13.19614pt too wide) in paragraph at lines 9189--9190
[]\TU/IBMPlexSerif(0)/m/n/10.95 Cumplir mandamientos genera conducta observable
, control y seguridad.
 []


Overfull \hbox (12.6971pt too wide) in paragraph at lines 9194--9196
\TU/IBMPlexSerif(0)/m/n/10.95 inmediato) (Romanos 10:2). El control se siente m
ejor que la dependencia
 []


Overfull \hbox (8.94032pt too wide) in paragraph at lines 9220--9221
[]\TU/IBMPlexSerif(0)/m/n/10.95 La tentación existe, pero Dios provee lo necesa
rio para que no nos engañe
 []



[153]
Overfull \hbox (12.36394pt too wide) in paragraph at lines 9234--9234
 []\TU/IBMPlexSerif(0)/m/n/10.95 Así vemos cómo el pecado puede usar cosas buen
as para engañar, esclavizar y producir
 []



[154]
Overfull \hbox (2.27167pt too wide) in paragraph at lines 9355--9355
 []\TU/IBMPlexSerif(0)/m/n/10.95 En un contexto donde el pecado es engañoso, Pa
blo protege explícitamente la bondad
 []



[155]
File: images/measure-up.png Graphic file (type bmp)
<images/measure-up.png>


[156]
Overfull \hbox (2.65349pt too wide) in paragraph at lines 9455--9455
 []\TU/IBMPlexSerif(0)/m/n/10.95 El pecado es descrito como algo que mora en el
 interior y produce acciones contrarias
 []



[157]
Overfull \hbox (0.78255pt too wide) in paragraph at lines 9501--9501
 []\TU/IBMPlexSerif(0)/m/n/10.95 Romanos 2:13 \TU/IBMPlexSerif(2)/m/it/10.95 «P
orque no son los oidores de la ley los justos ante Dios, sino los que cumplen
 []


Overfull \hbox (1.60498pt too wide) in paragraph at lines 9505--9505
 []\TU/IBMPlexSerif(0)/m/n/10.95 Gálatas 3:3-5 \TU/IBMPlexSerif(2)/m/it/10.95 «
¿Tan insensatos son? Habiendo comenzado por el Espíritu, ¿van a terminar
 []



[158]
Overfull \hbox (10.82587pt too wide) in paragraph at lines 9537--9537
 []\TU/IBMPlexSerif(0)/m/n/10.95 La incapacidad de hacer el bien y la práctica 
del mal no proceden de su nueva identidad
 []


Overfull \hbox (4.49817pt too wide) in paragraph at lines 9573--9573
 []\TU/IBMPlexSerif(0)/m/n/10.95 Esta afirmación mantiene la responsabilidad pe
rsonal, pero distingue correctamente
 []


Overfull \hbox (1.37604pt too wide) in paragraph at lines 9580--9580
[]\TU/IBMPlexSerif(0)/m/n/10.95 El querer hacer el bien no produce la capacidad
 para hacerlo. 
 []



[159]
Overfull \hbox (4.73183pt too wide) in paragraph at lines 9609--9609
 []\TU/IBMPlexSerif(0)/m/n/10.95 siempre que hay una voluntad presente de hacer
 el bien, el mal está simultáneamente
 []


Overfull \hbox (7.29778pt too wide) in paragraph at lines 9621--9621
 []\TU/IBMPlexSerif(0)/m/n/10.95 sitúa el deleite en relación con la ley de Dio
s, no en el esfuerzo propio ni en el resultado. 
 []


Overfull \hbox (5.90323pt too wide) in paragraph at lines 9623--9623
 []\TU/IBMPlexSerif(0)/m/n/10.95 Este versículo refuerza que el conflicto no es
 hostilidad hacia la ley; la persona interior
 []



[160]
Overfull \hbox (15.62929pt too wide) in paragraph at lines 9694--9697
[]\TU/IBMPlexSerif(0)/m/n/10.95 La madurez espiritual impuesta por el hombre no
 significa liberación del pecado. 
 []


Overfull \hbox (1.14603pt too wide) in paragraph at lines 9713--9713
 []\TU/IBMPlexSerif(0)/m/n/10.95 Pablo agradece a la persona que lo liberó y co
ntinúa liberando del pecado: Jesucristo. 
 []



[161]
Overfull \hbox (48.44788pt too wide) in paragraph at lines 9743--9744
[]\TU/IBMPlexSerif(0)/m/n/10.95 El capítulo deja al lector \TU/IBMPlexSerif(0)/
b/n/10.95 sin salida en la ley\TU/IBMPlexSerif(0)/m/n/10.95 , para abrir comple
tamente
 []


Overfull \hbox (4.61377pt too wide) in paragraph at lines 9758--9760
[]\TU/IBMPlexSerif(0)/m/n/10.95 Encontramos en los versículos 1–4 un argumento 
continuo. Gramaticalmente, ninguno
 []


Overfull \hbox (0.2338pt too wide) in paragraph at lines 9780--9780
 []\TU/IBMPlexSerif(2)/m/it/10.95 «Ahora, pues» \TU/IBMPlexSerif(0)/m/n/10.95 m
arca una conclusión inferencial del argumento previo. La afirmación
 []



[162]
Overfull \hbox (16.71626pt too wide) in paragraph at lines 9847--9847
[]| \TU/IBMPlexSerif(2)/m/it/10.95 «No es hasta que entendemos que la vida cris
tiana, provista por la obra de Cristo, es principalmente
 []



[163]
Overfull \hbox (12.80855pt too wide) in paragraph at lines 9887--9887
 []\TU/IBMPlexSerif(0)/m/n/10.95 no como pecador, sino como ofrenda por el peca
do, en lugar del pecador, para condenar
 []



[164]
File: images/regla-y-plataforma.png Graphic file (type bmp)
<images/regla-y-plataforma.png>


[165]

[166]
File: images/mind-flesh.png Graphic file (type bmp)
<images/mind-flesh.png>

Overfull \hbox (11.45876pt too wide) in paragraph at lines 10050--10050
 []\TU/IBMPlexSerif(0)/m/n/10.95 Esta enemistad no se presenta como una elecció
n consciente, sino como una condición
 []



[167]

[168]
Overfull \hbox (8.6069pt too wide) in paragraph at lines 10106--10106
 []\TU/IBMPlexSerif(0)/m/n/10.95 El texto pasa de descripción general (vv. 5–8)
 a aplicación directa, situando al creyente
 []


Overfull \hbox (14.33995pt too wide) in paragraph at lines 10122--10122
 []\TU/IBMPlexSerif(0)/m/n/10.95 La construcción EN + dativo expresa esfera o d
ominio: el creyente existe \TU/IBMPlexSerif(2)/m/it/10.95 «en el Espíritu»\TU/I
BMPlexSerif(0)/m/n/10.95 . 
 []



[169]
File: images/settled.png Graphic file (type bmp)
<images/settled.png>


[170]

[171]
Overfull \hbox (6.2794pt too wide) in paragraph at lines 10242--10245
[]\TU/IBMPlexSerif(0)/m/n/10.95 El pasaje continúa la lógica de 8:1–11, pero in
troduce un nuevo tono: ya no solo describe
 []



[172]
Overfull \hbox (1.6366pt too wide) in paragraph at lines 10291--10291
 []\TU/IBMPlexSerif(2)/m/it/10.95 «hacen morir» \TU/IBMPlexSerif(0)/m/n/10.95 (
presente) indica una actividad continua, pero siempre \TU/IBMPlexSerif(0)/b/n/1
0.95 por el Espíritu\TU/IBMPlexSerif(0)/m/n/10.95 ,
 []



[173]
File: images/hijos-de-dios.png Graphic file (type bmp)
<images/hijos-de-dios.png>


[174]

[175]
Overfull \hbox (23.56445pt too wide) in paragraph at lines 10441--10441
 \TU/IBMPlexSerif(0)/b/n/12 Romanos 8:18-39 GLORIFICACIÓN: ESPERANZA Y SEGURIDA
D EN EL PROPÓSITO
 []

File: images/glorificacion.png Graphic file (type bmp)
<images/glorificacion.png>

Overfull \hbox (0.6204pt too wide) in paragraph at lines 10454--10457
[]\TU/IBMPlexSerif(0)/m/n/10.95 Nuestra esperanza futura da referencia a nuestr
o sufrimiento presente y posiblemente
 []



[176]
File: images/sufrimiento.png Graphic file (type bmp)
<images/sufrimiento.png>

Overfull \hbox (13.2424pt too wide) in paragraph at lines 10494--10494
 []\TU/IBMPlexSerif(0)/m/n/10.95 Esto no significa que el sufrimiento actual se
a agradable. Sin embargo, en comparación
 []



[177]

[178]
File: images/revealed sons....png Graphic file (type bmp)
<images/revealed sons....png>


[179]
Overfull \hbox (17.11258pt too wide) in paragraph at lines 10592--10592
 []\TU/IBMPlexSerif(0)/m/n/10.95 Ejemplos: aumento de entropía (segunda ley de 
la termodinámica), fatiga de materiales,
 []



[180]
Overfull \hbox (7.56667pt too wide) in paragraph at lines 10594--10594
 \TU/IBMPlexSerif(0)/m/n/10.95 bajo tensión, no en equilibrio. Esto coincide co
n la descripción bíblica de una creación
 []


Overfull \hbox (32.0742pt too wide) in paragraph at lines 10622--10622
 []\TU/IBMPlexSerif(0)/m/n/10.95 Gemimos (presente, activo, indicativo). Esta e
s la afirmación principal sobre la experiencia
 []


Overfull \hbox (5.47057pt too wide) in paragraph at lines 10630--10630
 []\TU/IBMPlexSerif(0)/m/n/10.95 Parte de nuestra herencia, aunque ya es legalm
ente nuestra, aún no la hemos recibido
 []


Overfull \hbox (7.81947pt too wide) in paragraph at lines 10630--10630
 \TU/IBMPlexSerif(0)/m/n/10.95 plenamente. Un aspecto de esa herencia es la tra
nsformación corporal. Esto completa
 []


Overfull \hbox (6.31226pt too wide) in paragraph at lines 10638--10638
 []\TU/IBMPlexSerif(0)/m/n/10.95 El cumplimiento total de nuestra adopción es l
a redención del cuerpo, cuando seamos
 []



[181]
Overfull \hbox (14.14368pt too wide) in paragraph at lines 10644--10644
 []\TU/IBMPlexSerif(0)/m/n/10.95 1 Corintios 15:51-54 \TU/IBMPlexSerif(2)/m/it/
10.95 «Todos seremos transformados… lo mortal se vestirá de inmortalidad.» 
 []


Overfull \hbox (11.78091pt too wide) in paragraph at lines 10682--10682
 []\TU/IBMPlexSerif(0)/m/n/10.95 “Esperamos con ansias mediante la perseveranci
a.” La cláusula condicional especifica
 []


Overfull \hbox (5.8363pt too wide) in paragraph at lines 10689--10689
[]\TU/IBMPlexSerif(0)/m/n/10.95 El sufrimiento presente no es comparable con la
 gloria futura. 
 []



[182]
Overfull \hbox (15.60367pt too wide) in paragraph at lines 10706--10707
[]\TU/IBMPlexSerif(0)/m/n/10.95 (La intercesión divina suple la incapacidad hum
ana y garantiza alineación con la voluntad
 []


Overfull \hbox (8.53365pt too wide) in paragraph at lines 10721--10721
 []\TU/IBMPlexSerif(0)/m/n/10.95 La debilidad no se presenta como un defecto mo
ral ni como una falta de espiritualidad.
 []



[183]
Overfull \hbox (0.38712pt too wide) in paragraph at lines 10762--10762
 \TU/IBMPlexSerif(0)/m/n/10.95 del creyente. El texto no dice que el creyente g
ime aquí, sino que el Espíritu intercede
 []


Overfull \hbox (26.2668pt too wide) in paragraph at lines 10780--10780
 []\TU/IBMPlexSerif(0)/m/n/10.95 El énfasis aquí no está en los corazones human
os, sino en que \TU/IBMPlexSerif(0)/b/n/10.95 Dios conoce perfectamente
 []


Overfull \hbox (5.36542pt too wide) in paragraph at lines 10784--10784
 []\TU/IBMPlexSerif(0)/m/n/10.95 El texto afirma una \TU/IBMPlexSerif(0)/b/n/10
.95 plena correspondencia de entendimiento \TU/IBMPlexSerif(0)/m/n/10.95 entre 
Dios y el Espíritu. 
 []


Overfull \hbox (14.82872pt too wide) in paragraph at lines 10794--10794
 []\TU/IBMPlexSerif(0)/m/n/10.95 No hay tensión entre lo que el Espíritu pide y
 lo que Dios desea hacer. No hay corrección,
 []


Overfull \hbox (2.88124pt too wide) in paragraph at lines 10796--10796
 []\TU/IBMPlexSerif(0)/m/n/10.95 El Espíritu no intercede según emociones human
as, necesidades percibidas o deseos
 []



[184]
Overfull \hbox (8.98257pt too wide) in paragraph at lines 10807--10807
[]\TU/IBMPlexSerif(0)/m/n/10.95 El Espíritu acompaña activamente al creyente en
 su debilidad. 
 []


Overfull \hbox (24.31989pt too wide) in paragraph at lines 10815--10816
[]\TU/IBMPlexSerif(0)/m/n/10.95 La voluntad de Dios nunca queda comprometida po
r la limitación
 []


Overfull \hbox (7.3194pt too wide) in paragraph at lines 10858--10858
 []\TU/IBMPlexSerif(0)/m/n/10.95 La misma frase aparece tres veces en el Nuevo 
Testamento (Romanos 8:28; 1 Corintios
 []



[185]
Overfull \hbox (30.39348pt too wide) in paragraph at lines 10868--10868
 []\TU/IBMPlexSerif(0)/m/n/10.95 Las cosas que cooperan para bien no son identi
ficadas aquí porque ya fueron mencionadas
 []


Overfull \hbox (6.97144pt too wide) in paragraph at lines 10881--10881
 []\TU/IBMPlexSerif(0)/m/n/10.95 En los versículos siguientes veremos más acerc
a de \TU/IBMPlexSerif(2)/m/it/10.95 «todas las cosas» \TU/IBMPlexSerif(0)/m/n/1
0.95 y del bien provisto
 []


Overfull \hbox (1.41908pt too wide) in paragraph at lines 10897--10897
 []\TU/IBMPlexSerif(2)/m/it/10.95 «los que aman a Dios» \TU/IBMPlexSerif(0)/m/n
/10.95 (presente, activo, participio) expresa la respuesta humana hacia
 []



[186]
Overfull \hbox (10.35498pt too wide) in paragraph at lines 10911--10911
 []\TU/IBMPlexSerif(0)/m/n/10.95 La gramática presenta esta secuencia como un t
odo: \TU/IBMPlexSerif(0)/b/n/10.95 todos los verbos están en aoristo\TU/IBMPlex
Serif(0)/m/n/10.95 ,
 []


Overfull \hbox (8.44604pt too wide) in paragraph at lines 10933--10933
 []\TU/IBMPlexSerif(0)/m/n/10.95 Dios conoce todas las cosas. 1 Juan 3:20; 1 Sa
muel 2:3; Salmo 44:21; 147:5; Proverbios
 []


Overfull \hbox (10.10822pt too wide) in paragraph at lines 10945--10945
 []\TU/IBMPlexSerif(0)/m/n/10.95 Lo que sí afirma claramente es que Dios \TU/IB
MPlexSerif(0)/b/n/10.95 causó los siguientes eslabones\TU/IBMPlexSerif(0)/m/n/1
0.95 , todos basados
 []


Overfull \hbox (18.7798pt too wide) in paragraph at lines 10951--10951
 []\TU/IBMPlexSerif(0)/m/n/10.95 A los que Dios conoció de antemano, también lo
s predestinó con un propósito específico:
 []



[187]
Overfull \hbox (2.28117pt too wide) in paragraph at lines 11002--11002
[]\TU/IBMPlexSerif(0)/m/n/10.95 La glorificación futura se declara segura desde
 la perspectiva
 []



[188]
Overfull \hbox (14.22421pt too wide) in paragraph at lines 11042--11042
 []\TU/IBMPlexSerif(0)/m/n/10.95 Hemos visto que Dios ha estado, sigue estando 
y estará siempre por nosotros. Entonces,
 []



[189]
Overfull \hbox (3.36668pt too wide) in paragraph at lines 11134--11134
 []\TU/IBMPlexSerif(0)/m/n/10.95 Cristo no puede ser quien nos condene, porque 
Dios confirmó que aceptó plenamente
 []



[190]
Overfull \hbox (47.0922pt too wide) in paragraph at lines 11152--11152
 []\TU/IBMPlexSerif(0)/m/n/10.95 Pablo presenta siete posibles situaciones extr
emas que podrían hacernos sentir abandonados
 []


Overfull \hbox (17.91653pt too wide) in paragraph at lines 11158--11158
 []\TU/IBMPlexSerif(0)/m/n/10.95 ¿Qué pasa si atravesamos grandes problemas o s
ufrimos fuertes aflicciones? 2 Corintios
 []


Overfull \hbox (7.3644pt too wide) in paragraph at lines 11188--11188
 []\TU/IBMPlexSerif(0)/m/n/10.95 ¿Qué si enfrentamos riesgos extremos y amenaza
s constantes? (2 Corintios 11:23–27) 
 []



[191]
Overfull \hbox (0.42696pt too wide) in paragraph at lines 11254--11254
 []\TU/IBMPlexSerif(0)/m/n/10.95 Ningún poder espiritual o sobrenatural puede s
epararnos del amor de Dios en Cristo. 
 []



[192]
Overfull \hbox (12.36618pt too wide) in paragraph at lines 11312--11312
[]| \TU/IBMPlexSerif(2)/m/it/10.95 «Nuestra unión con Cristo garantiza que nada
 en toda la creación hará que Dios deje de amarnos.» 
 []


Overfull \hbox (7.76135pt too wide) in paragraph at lines 11316--11316
[]| \TU/IBMPlexSerif(2)/m/it/10.95 «Para que eso ocurriera, Dios tendría que de
jar de amar a Su propio Hijo —y eso nunca sucederá.» 
 []


Overfull \hbox (20.8366pt too wide) in paragraph at lines 11339--11343
[]\TU/IBMPlexSerif(0)/m/n/10.95 Romanos 8 no es una afirmación aislada ni abstr
acta. Romanos 9–11 existen precisamente
 []


Overfull \hbox (8.474pt too wide) in paragraph at lines 11339--11343
\TU/IBMPlexSerif(0)/m/n/10.95 porque Romanos 8 \TU/IBMPlexSerif(0)/b/n/10.95 po
dría ser cuestionado\TU/IBMPlexSerif(0)/m/n/10.95 . Pablo anticipa que alguien 
haga la pregunta,
 []


Overfull \hbox (25.82516pt too wide) in paragraph at lines 11339--11343
\TU/IBMPlexSerif(0)/m/n/10.95 “si Dios cumple sus promesas sin importar la part
icipación del hombre, ¿Cómo entendemos
 []



[193]

[194]

[195]

[196]

LaTeX Font Warning: Font shape `TU/IBMPlexSerif(2)/b/n' undefined
(Font)              using `TU/IBMPlexSerif(2)/m/n' instead on input line 11566.



Overfull \hbox (26.60255pt too wide) in paragraph at lines 11572--11591
\TU/IBMPlexSerif(0)/b/n/10.95 Futuro \TU/IBMPlexSerif(0)/m/n/10.95 | Esperado |
 \TU/IBMPlexSerif(0)/b/n/10.95 Consumado \TU/IBMPlexSerif(0)/m/n/10.95 | Futuro
 | \TU/IBMPlexSerif(0)/b/n/10.95 Estado plenamente realizado \TU/IBMPlexSerif(0
)/m/n/10.95 | \TU/IBMPlexSerif(2)/m/it/10.95 «será salvo»\TU/IBMPlexSerif(0)/m/
n/10.95 , \TU/IBMPlexSerif(2)/m/it/10.95 «glorificado»\TU/IBMPlexSerif(0)/m/n/1
0.95 ,
 []



[197]

[198] (./student_manual.aux)
 ***********
LaTeX2e <2024-11-01> patch level 2
L3 programming layer <2025-01-18>
 ***********


LaTeX Font Warning: Some font shapes were not available, defaults substituted.

Package rerunfilecheck Info: File `student_manual.out' has not changed.
(rerunfilecheck)             Checksum: A96C2104316D1DE54BF32692C779848A;53477.
 ) 
Here is how much of TeX's memory you used:
 31304 strings out of 473832
 675565 string characters out of 5729482
 1219205 words of memory out of 5000000
 53849 multiletter control sequences out of 15000+600000
 564312 words of font info for 84 fonts, out of 8000000 for 9000
 1348 hyphenation exceptions out of 8191
 121i,17n,124p,540b,1427s stack positions out of 10000i,1000n,20000p,200000b,200000s

Output written on student_manual.pdf (198 pages).
