This is XeTeX, Version 3.141592653-2.6-0.999997 (TeX Live 2025) (preloaded format=xelatex 2025.3.8)  6 MAR 2026 15:43
entering extended mode
 restricted \write18 enabled.
 %&-line parsing enabled.
**temp/teacher_manual.tex
(./temp/teacher_manual.tex
LaTeX2e <2024-11-01> patch level 2
L3 programming layer <2025-01-18>
(/usr/local/texlive/2025/texmf-dist/tex/latex/base/article.cls
Document Class: article 2024/06/29 v1.4n Standard LaTeX document class
(/usr/local/texlive/2025/texmf-dist/tex/latex/base/size11.clo
File: size11.clo 2024/06/29 v1.4n Standard LaTeX file (size option)
)
\c@part=\count192
\c@section=\count193
\c@subsection=\count194
\c@subsubsection=\count195
\c@paragraph=\count196
\c@subparagraph=\count197
\c@figure=\count198
\c@table=\count199
\abovecaptionskip=\skip49
\belowcaptionskip=\skip50
\bibindent=\dimen141
)
(/usr/local/texlive/2025/texmf-dist/tex/latex/geometry/geometry.sty
Package: geometry 2020/01/02 v5.9 Page Geometry

(/usr/local/texlive/2025/texmf-dist/tex/latex/graphics/keyval.sty
Package: keyval 2022/05/29 v1.15 key=value parser (DPC)
\KV@toks@=\toks17
)
(/usr/local/texlive/2025/texmf-dist/tex/generic/iftex/ifvtex.sty
Package: ifvtex 2019/10/25 v1.7 ifvtex legacy package. Use iftex instead.

(/usr/local/texlive/2025/texmf-dist/tex/generic/iftex/iftex.sty
Package: iftex 2024/12/12 v1.0g TeX engine tests
))
\Gm@cnth=\count266
\Gm@cntv=\count267
\c@Gm@tempcnt=\count268
\Gm@bindingoffset=\dimen142
\Gm@wd@mp=\dimen143
\Gm@odd@mp=\dimen144
\Gm@even@mp=\dimen145
\Gm@layoutwidth=\dimen146
\Gm@layoutheight=\dimen147
\Gm@layouthoffset=\dimen148
\Gm@layoutvoffset=\dimen149
\Gm@dimlist=\toks18
)
(/usr/local/texlive/2025/texmf-dist/tex/latex/fontspec/fontspec.sty
(/usr/local/texlive/2025/texmf-dist/tex/latex/l3packages/xparse/xparse.sty
(/usr/local/texlive/2025/texmf-dist/tex/latex/l3kernel/expl3.sty
Package: expl3 2025-01-18 L3 programming layer (loader) 

(/usr/local/texlive/2025/texmf-dist/tex/latex/l3backend/l3backend-xetex.def
File: l3backend-xetex.def 2024-05-08 L3 backend support: XeTeX
\g__graphics_track_int=\count269
\l__pdf_internal_box=\box52
\g__pdf_backend_annotation_int=\count270
\g__pdf_backend_link_int=\count271
))
Package: xparse 2024-08-16 L3 Experimental document command parser
)
Package: fontspec 2024/05/11 v2.9e Font selection for XeLaTeX and LuaLaTeX

(/usr/local/texlive/2025/texmf-dist/tex/latex/fontspec/fontspec-xetex.sty
Package: fontspec-xetex 2024/05/11 v2.9e Font selection for XeLaTeX and LuaLaTe
X
\l__fontspec_script_int=\count272
\l__fontspec_language_int=\count273
\l__fontspec_strnum_int=\count274
\l__fontspec_tmp_int=\count275
\l__fontspec_tmpa_int=\count276
\l__fontspec_tmpb_int=\count277
\l__fontspec_tmpc_int=\count278
\l__fontspec_em_int=\count279
\l__fontspec_emdef_int=\count280
\l__fontspec_strong_int=\count281
\l__fontspec_strongdef_int=\count282
\l__fontspec_tmpa_dim=\dimen150
\l__fontspec_tmpb_dim=\dimen151
\l__fontspec_tmpc_dim=\dimen152

(/usr/local/texlive/2025/texmf-dist/tex/latex/base/fontenc.sty
Package: fontenc 2021/04/29 v2.0v Standard LaTeX package
)
(/usr/local/texlive/2025/texmf-dist/tex/latex/fontspec/fontspec.cfg)))
(./manual_template.tex
(/usr/local/texlive/2025/texmf-dist/tex/latex/tcolorbox/tcolorbox.sty
Package: tcolorbox 2024/10/22 version 6.4.1 text color boxes

(/usr/local/texlive/2025/texmf-dist/tex/latex/pgf/frontendlayer/tikz.sty
(/usr/local/texlive/2025/texmf-dist/tex/latex/pgf/basiclayer/pgf.sty
(/usr/local/texlive/2025/texmf-dist/tex/latex/pgf/utilities/pgfrcs.sty
(/usr/local/texlive/2025/texmf-dist/tex/generic/pgf/utilities/pgfutil-common.te
x
\pgfutil@everybye=\toks19
\pgfutil@tempdima=\dimen153
\pgfutil@tempdimb=\dimen154
)
(/usr/local/texlive/2025/texmf-dist/tex/generic/pgf/utilities/pgfutil-latex.def
\pgfutil@abb=\box53
) (/usr/local/texlive/2025/texmf-dist/tex/generic/pgf/utilities/pgfrcs.code.tex
(/usr/local/texlive/2025/texmf-dist/tex/generic/pgf/pgf.revision.tex)
Package: pgfrcs 2023-01-15 v3.1.10 (3.1.10)
))
Package: pgf 2023-01-15 v3.1.10 (3.1.10)

(/usr/local/texlive/2025/texmf-dist/tex/latex/pgf/basiclayer/pgfcore.sty
(/usr/local/texlive/2025/texmf-dist/tex/latex/graphics/graphicx.sty
Package: graphicx 2021/09/16 v1.2d Enhanced LaTeX Graphics (DPC,SPQR)

(/usr/local/texlive/2025/texmf-dist/tex/latex/graphics/graphics.sty
Package: graphics 2024/08/06 v1.4g Standard LaTeX Graphics (DPC,SPQR)

(/usr/local/texlive/2025/texmf-dist/tex/latex/graphics/trig.sty
Package: trig 2023/12/02 v1.11 sin cos tan (DPC)
)
(/usr/local/texlive/2025/texmf-dist/tex/latex/graphics-cfg/graphics.cfg
File: graphics.cfg 2016/06/04 v1.11 sample graphics configuration
)
Package graphics Info: Driver file: xetex.def on input line 106.

(/usr/local/texlive/2025/texmf-dist/tex/latex/graphics-def/xetex.def
File: xetex.def 2022/09/22 v5.0n Graphics/color driver for xetex
))
\Gin@req@height=\dimen155
\Gin@req@width=\dimen156
)
(/usr/local/texlive/2025/texmf-dist/tex/latex/pgf/systemlayer/pgfsys.sty
(/usr/local/texlive/2025/texmf-dist/tex/generic/pgf/systemlayer/pgfsys.code.tex
Package: pgfsys 2023-01-15 v3.1.10 (3.1.10)
(/usr/local/texlive/2025/texmf-dist/tex/generic/pgf/utilities/pgfkeys.code.tex
\pgfkeys@pathtoks=\toks20
\pgfkeys@temptoks=\toks21

(/usr/local/texlive/2025/texmf-dist/tex/generic/pgf/utilities/pgfkeyslibraryfil
tered.code.tex
\pgfkeys@tmptoks=\toks22
))
\pgf@x=\dimen157
\pgf@y=\dimen158
\pgf@xa=\dimen159
\pgf@ya=\dimen160
\pgf@xb=\dimen161
\pgf@yb=\dimen162
\pgf@xc=\dimen163
\pgf@yc=\dimen164
\pgf@xd=\dimen165
\pgf@yd=\dimen166
\w@pgf@writea=\write3
\r@pgf@reada=\read2
\c@pgf@counta=\count283
\c@pgf@countb=\count284
\c@pgf@countc=\count285
\c@pgf@countd=\count286
\t@pgf@toka=\toks23
\t@pgf@tokb=\toks24
\t@pgf@tokc=\toks25
\pgf@sys@id@count=\count287

(/usr/local/texlive/2025/texmf-dist/tex/generic/pgf/systemlayer/pgf.cfg
File: pgf.cfg 2023-01-15 v3.1.10 (3.1.10)
)
Driver file for pgf: pgfsys-xetex.def

(/usr/local/texlive/2025/texmf-dist/tex/generic/pgf/systemlayer/pgfsys-xetex.de
f
File: pgfsys-xetex.def 2023-01-15 v3.1.10 (3.1.10)

(/usr/local/texlive/2025/texmf-dist/tex/generic/pgf/systemlayer/pgfsys-dvipdfmx
.def
File: pgfsys-dvipdfmx.def 2023-01-15 v3.1.10 (3.1.10)

(/usr/local/texlive/2025/texmf-dist/tex/generic/pgf/systemlayer/pgfsys-common-p
df.def
File: pgfsys-common-pdf.def 2023-01-15 v3.1.10 (3.1.10)
)
\pgfsys@objnum=\count288
)))
(/usr/local/texlive/2025/texmf-dist/tex/generic/pgf/systemlayer/pgfsyssoftpath.
code.tex
File: pgfsyssoftpath.code.tex 2023-01-15 v3.1.10 (3.1.10)
\pgfsyssoftpath@smallbuffer@items=\count289
\pgfsyssoftpath@bigbuffer@items=\count290
)
(/usr/local/texlive/2025/texmf-dist/tex/generic/pgf/systemlayer/pgfsysprotocol.
code.tex
File: pgfsysprotocol.code.tex 2023-01-15 v3.1.10 (3.1.10)
)) (/usr/local/texlive/2025/texmf-dist/tex/latex/xcolor/xcolor.sty
Package: xcolor 2024/09/29 v3.02 LaTeX color extensions (UK)

(/usr/local/texlive/2025/texmf-dist/tex/latex/graphics-cfg/color.cfg
File: color.cfg 2016/01/02 v1.6 sample color configuration
)
Package xcolor Info: Driver file: xetex.def on input line 274.

(/usr/local/texlive/2025/texmf-dist/tex/latex/graphics/mathcolor.ltx)
Package xcolor Info: Model `cmy' substituted by `cmy0' on input line 1349.
Package xcolor Info: Model `RGB' extended on input line 1365.
Package xcolor Info: Model `HTML' substituted by `rgb' on input line 1367.
Package xcolor Info: Model `Hsb' substituted by `hsb' on input line 1368.
Package xcolor Info: Model `tHsb' substituted by `hsb' on input line 1369.
Package xcolor Info: Model `HSB' substituted by `hsb' on input line 1370.
Package xcolor Info: Model `Gray' substituted by `gray' on input line 1371.
Package xcolor Info: Model `wave' substituted by `hsb' on input line 1372.
)
(/usr/local/texlive/2025/texmf-dist/tex/generic/pgf/basiclayer/pgfcore.code.tex
Package: pgfcore 2023-01-15 v3.1.10 (3.1.10)
(/usr/local/texlive/2025/texmf-dist/tex/generic/pgf/math/pgfmath.code.tex
(/usr/local/texlive/2025/texmf-dist/tex/generic/pgf/math/pgfmathutil.code.tex)
(/usr/local/texlive/2025/texmf-dist/tex/generic/pgf/math/pgfmathparser.code.tex
\pgfmath@dimen=\dimen167
\pgfmath@count=\count291
\pgfmath@box=\box54
\pgfmath@toks=\toks26
\pgfmath@stack@operand=\toks27
\pgfmath@stack@operation=\toks28
)
(/usr/local/texlive/2025/texmf-dist/tex/generic/pgf/math/pgfmathfunctions.code.
tex)
(/usr/local/texlive/2025/texmf-dist/tex/generic/pgf/math/pgfmathfunctions.basic
.code.tex)
(/usr/local/texlive/2025/texmf-dist/tex/generic/pgf/math/pgfmathfunctions.trigo
nometric.code.tex)
(/usr/local/texlive/2025/texmf-dist/tex/generic/pgf/math/pgfmathfunctions.rando
m.code.tex)
(/usr/local/texlive/2025/texmf-dist/tex/generic/pgf/math/pgfmathfunctions.compa
rison.code.tex)
(/usr/local/texlive/2025/texmf-dist/tex/generic/pgf/math/pgfmathfunctions.base.
code.tex)
(/usr/local/texlive/2025/texmf-dist/tex/generic/pgf/math/pgfmathfunctions.round
.code.tex)
(/usr/local/texlive/2025/texmf-dist/tex/generic/pgf/math/pgfmathfunctions.misc.
code.tex)
(/usr/local/texlive/2025/texmf-dist/tex/generic/pgf/math/pgfmathfunctions.integ
erarithmetics.code.tex)
(/usr/local/texlive/2025/texmf-dist/tex/generic/pgf/math/pgfmathcalc.code.tex)
(/usr/local/texlive/2025/texmf-dist/tex/generic/pgf/math/pgfmathfloat.code.tex
\c@pgfmathroundto@lastzeros=\count292
)) (/usr/local/texlive/2025/texmf-dist/tex/generic/pgf/math/pgfint.code.tex)
(/usr/local/texlive/2025/texmf-dist/tex/generic/pgf/basiclayer/pgfcorepoints.co
de.tex
File: pgfcorepoints.code.tex 2023-01-15 v3.1.10 (3.1.10)
\pgf@picminx=\dimen168
\pgf@picmaxx=\dimen169
\pgf@picminy=\dimen170
\pgf@picmaxy=\dimen171
\pgf@pathminx=\dimen172
\pgf@pathmaxx=\dimen173
\pgf@pathminy=\dimen174
\pgf@pathmaxy=\dimen175
\pgf@xx=\dimen176
\pgf@xy=\dimen177
\pgf@yx=\dimen178
\pgf@yy=\dimen179
\pgf@zx=\dimen180
\pgf@zy=\dimen181
)
(/usr/local/texlive/2025/texmf-dist/tex/generic/pgf/basiclayer/pgfcorepathconst
ruct.code.tex
File: pgfcorepathconstruct.code.tex 2023-01-15 v3.1.10 (3.1.10)
\pgf@path@lastx=\dimen182
\pgf@path@lasty=\dimen183
)
(/usr/local/texlive/2025/texmf-dist/tex/generic/pgf/basiclayer/pgfcorepathusage
.code.tex
File: pgfcorepathusage.code.tex 2023-01-15 v3.1.10 (3.1.10)
\pgf@shorten@end@additional=\dimen184
\pgf@shorten@start@additional=\dimen185
)
(/usr/local/texlive/2025/texmf-dist/tex/generic/pgf/basiclayer/pgfcorescopes.co
de.tex
File: pgfcorescopes.code.tex 2023-01-15 v3.1.10 (3.1.10)
\pgfpic=\box55
\pgf@hbox=\box56
\pgf@layerbox@main=\box57
\pgf@picture@serial@count=\count293
)
(/usr/local/texlive/2025/texmf-dist/tex/generic/pgf/basiclayer/pgfcoregraphicst
ate.code.tex
File: pgfcoregraphicstate.code.tex 2023-01-15 v3.1.10 (3.1.10)
\pgflinewidth=\dimen186
)
(/usr/local/texlive/2025/texmf-dist/tex/generic/pgf/basiclayer/pgfcoretransform
ations.code.tex
File: pgfcoretransformations.code.tex 2023-01-15 v3.1.10 (3.1.10)
\pgf@pt@x=\dimen187
\pgf@pt@y=\dimen188
\pgf@pt@temp=\dimen189
)
(/usr/local/texlive/2025/texmf-dist/tex/generic/pgf/basiclayer/pgfcorequick.cod
e.tex
File: pgfcorequick.code.tex 2023-01-15 v3.1.10 (3.1.10)
)
(/usr/local/texlive/2025/texmf-dist/tex/generic/pgf/basiclayer/pgfcoreobjects.c
ode.tex
File: pgfcoreobjects.code.tex 2023-01-15 v3.1.10 (3.1.10)
)
(/usr/local/texlive/2025/texmf-dist/tex/generic/pgf/basiclayer/pgfcorepathproce
ssing.code.tex
File: pgfcorepathprocessing.code.tex 2023-01-15 v3.1.10 (3.1.10)
)
(/usr/local/texlive/2025/texmf-dist/tex/generic/pgf/basiclayer/pgfcorearrows.co
de.tex
File: pgfcorearrows.code.tex 2023-01-15 v3.1.10 (3.1.10)
\pgfarrowsep=\dimen190
)
(/usr/local/texlive/2025/texmf-dist/tex/generic/pgf/basiclayer/pgfcoreshade.cod
e.tex
File: pgfcoreshade.code.tex 2023-01-15 v3.1.10 (3.1.10)
\pgf@max=\dimen191
\pgf@sys@shading@range@num=\count294
\pgf@shadingcount=\count295
)
(/usr/local/texlive/2025/texmf-dist/tex/generic/pgf/basiclayer/pgfcoreimage.cod
e.tex
File: pgfcoreimage.code.tex 2023-01-15 v3.1.10 (3.1.10)
)
(/usr/local/texlive/2025/texmf-dist/tex/generic/pgf/basiclayer/pgfcoreexternal.
code.tex
File: pgfcoreexternal.code.tex 2023-01-15 v3.1.10 (3.1.10)
\pgfexternal@startupbox=\box58
)
(/usr/local/texlive/2025/texmf-dist/tex/generic/pgf/basiclayer/pgfcorelayers.co
de.tex
File: pgfcorelayers.code.tex 2023-01-15 v3.1.10 (3.1.10)
)
(/usr/local/texlive/2025/texmf-dist/tex/generic/pgf/basiclayer/pgfcoretranspare
ncy.code.tex
File: pgfcoretransparency.code.tex 2023-01-15 v3.1.10 (3.1.10)
)
(/usr/local/texlive/2025/texmf-dist/tex/generic/pgf/basiclayer/pgfcorepatterns.
code.tex
File: pgfcorepatterns.code.tex 2023-01-15 v3.1.10 (3.1.10)
)
(/usr/local/texlive/2025/texmf-dist/tex/generic/pgf/basiclayer/pgfcorerdf.code.
tex
File: pgfcorerdf.code.tex 2023-01-15 v3.1.10 (3.1.10)
)))
(/usr/local/texlive/2025/texmf-dist/tex/generic/pgf/modules/pgfmoduleshapes.cod
e.tex
File: pgfmoduleshapes.code.tex 2023-01-15 v3.1.10 (3.1.10)
\pgfnodeparttextbox=\box59
)
(/usr/local/texlive/2025/texmf-dist/tex/generic/pgf/modules/pgfmoduleplot.code.
tex
File: pgfmoduleplot.code.tex 2023-01-15 v3.1.10 (3.1.10)
)
(/usr/local/texlive/2025/texmf-dist/tex/latex/pgf/compatibility/pgfcomp-version
-0-65.sty
Package: pgfcomp-version-0-65 2023-01-15 v3.1.10 (3.1.10)
\pgf@nodesepstart=\dimen192
\pgf@nodesepend=\dimen193
)
(/usr/local/texlive/2025/texmf-dist/tex/latex/pgf/compatibility/pgfcomp-version
-1-18.sty
Package: pgfcomp-version-1-18 2023-01-15 v3.1.10 (3.1.10)
))
(/usr/local/texlive/2025/texmf-dist/tex/latex/pgf/utilities/pgffor.sty
(/usr/local/texlive/2025/texmf-dist/tex/latex/pgf/utilities/pgfkeys.sty
(/usr/local/texlive/2025/texmf-dist/tex/generic/pgf/utilities/pgfkeys.code.tex)
) (/usr/local/texlive/2025/texmf-dist/tex/latex/pgf/math/pgfmath.sty
(/usr/local/texlive/2025/texmf-dist/tex/generic/pgf/math/pgfmath.code.tex))
(/usr/local/texlive/2025/texmf-dist/tex/generic/pgf/utilities/pgffor.code.tex
Package: pgffor 2023-01-15 v3.1.10 (3.1.10)
\pgffor@iter=\dimen194
\pgffor@skip=\dimen195
\pgffor@stack=\toks29
\pgffor@toks=\toks30
))
(/usr/local/texlive/2025/texmf-dist/tex/generic/pgf/frontendlayer/tikz/tikz.cod
e.tex
Package: tikz 2023-01-15 v3.1.10 (3.1.10)

(/usr/local/texlive/2025/texmf-dist/tex/generic/pgf/libraries/pgflibraryplothan
dlers.code.tex
File: pgflibraryplothandlers.code.tex 2023-01-15 v3.1.10 (3.1.10)
\pgf@plot@mark@count=\count296
\pgfplotmarksize=\dimen196
)
\tikz@lastx=\dimen197
\tikz@lasty=\dimen198
\tikz@lastxsaved=\dimen199
\tikz@lastysaved=\dimen256
\tikz@lastmovetox=\dimen257
\tikz@lastmovetoy=\dimen258
\tikzleveldistance=\dimen259
\tikzsiblingdistance=\dimen260
\tikz@figbox=\box60
\tikz@figbox@bg=\box61
\tikz@tempbox=\box62
\tikz@tempbox@bg=\box63
\tikztreelevel=\count297
\tikznumberofchildren=\count298
\tikznumberofcurrentchild=\count299
\tikz@fig@count=\count300

(/usr/local/texlive/2025/texmf-dist/tex/generic/pgf/modules/pgfmodulematrix.cod
e.tex
File: pgfmodulematrix.code.tex 2023-01-15 v3.1.10 (3.1.10)
\pgfmatrixcurrentrow=\count301
\pgfmatrixcurrentcolumn=\count302
\pgf@matrix@numberofcolumns=\count303
)
\tikz@expandcount=\count304

(/usr/local/texlive/2025/texmf-dist/tex/generic/pgf/frontendlayer/tikz/librarie
s/tikzlibrarytopaths.code.tex
File: tikzlibrarytopaths.code.tex 2023-01-15 v3.1.10 (3.1.10)
)))
(/usr/local/texlive/2025/texmf-dist/tex/latex/tools/verbatim.sty
Package: verbatim 2024-01-22 v1.5x LaTeX2e package for verbatim enhancements
\every@verbatim=\toks31
\verbatim@line=\toks32
\verbatim@in@stream=\read3
)
(/usr/local/texlive/2025/texmf-dist/tex/latex/environ/environ.sty
Package: environ 2014/05/04 v0.3 A new way to define environments

(/usr/local/texlive/2025/texmf-dist/tex/latex/trimspaces/trimspaces.sty
Package: trimspaces 2009/09/17 v1.1 Trim spaces around a token list
)
\@envbody=\toks33
)
(/usr/local/texlive/2025/texmf-dist/tex/latex/etoolbox/etoolbox.sty
Package: etoolbox 2025/02/11 v2.5l e-TeX tools for LaTeX (JAW)
\etb@tempcnta=\count305
)
\tcb@titlebox=\box64
\tcb@upperbox=\box65
\tcb@lowerbox=\box66
\tcb@phantombox=\box67
\c@tcbbreakpart=\count306
\c@tcblayer=\count307
\c@tcolorbox@number=\count308
\l__tcobox_tmpa_box=\box68
\l__tcobox_tmpa_dim=\dimen261
\tcb@temp=\box69
\tcb@temp=\box70
\tcb@temp=\box71
\tcb@temp=\box72

(/usr/local/texlive/2025/texmf-dist/tex/latex/tcolorbox/tcbraster.code.tex
Library (tcolorbox): 'tcbraster.code.tex' version '6.4.1'
\c@tcbrastercolumn=\count309
\c@tcbrasterrow=\count310
\c@tcbrasternum=\count311
\c@tcbraster=\count312
) (/usr/local/texlive/2025/texmf-dist/tex/latex/tcolorbox/tcbskins.code.tex
Library (tcolorbox): 'tcbskins.code.tex' version '6.4.1'
(/usr/local/texlive/2025/texmf-dist/tex/latex/tikzfill/tikzfill.image.sty
Package: tikzfill.image 2023/08/08 v1.0.1 Image filling library for TikZ

(/usr/local/texlive/2025/texmf-dist/tex/latex/tikzfill/tikzfill-common.sty
Package: tikzfill-common 2023/08/08 v1.0.1 Auxiliary code for tikzfill
)
(/usr/local/texlive/2025/texmf-dist/tex/latex/tikzfill/tikzlibraryfill.image.co
de.tex
File: tikzlibraryfill.image.code.tex 2023/08/08 v1.0.1 Image filling library
\l__tikzfill_img_box=\box73
))
(/usr/local/texlive/2025/texmf-dist/tex/latex/tcolorbox/tcbskinsjigsaw.code.tex
Library (tcolorbox): 'tcbskinsjigsaw.code.tex' version '6.4.1'
))
(/usr/local/texlive/2025/texmf-dist/tex/latex/tcolorbox/tcbbreakable.code.tex
Library (tcolorbox): 'tcbbreakable.code.tex' version '6.4.1'
(/usr/local/texlive/2025/texmf-dist/tex/latex/pdfcol/pdfcol.sty
Package: pdfcol 2022-09-21 v1.7 Handle new color stacks for pdfTeX (HO)

(/usr/local/texlive/2025/texmf-dist/tex/generic/ltxcmds/ltxcmds.sty
Package: ltxcmds 2023-12-04 v1.26 LaTeX kernel commands for general use (HO)
)
(/usr/local/texlive/2025/texmf-dist/tex/generic/infwarerr/infwarerr.sty
Package: infwarerr 2019/12/03 v1.5 Providing info/warning/error messages (HO)
)
Package pdfcol Info: Interface disabled because of missing PDF mode of pdfTeX.
)
Package pdfcol Info: pdfTeX's color stacks are not available.
\tcb@testbox=\box74
\tcb@totalupperbox=\box75
\tcb@totallowerbox=\box76
)
(/usr/local/texlive/2025/texmf-dist/tex/latex/tcolorbox/tcbhooks.code.tex
Library (tcolorbox): 'tcbhooks.code.tex' version '6.4.1'
) (/usr/local/texlive/2025/texmf-dist/tex/latex/tcolorbox/tcbtheorems.code.tex
Library (tcolorbox): 'tcbtheorems.code.tex' version '6.4.1'
(/usr/local/texlive/2025/texmf-dist/tex/latex/amsmath/amsmath.sty
Package: amsmath 2024/11/05 v2.17t AMS math features
\@mathmargin=\skip51

For additional information on amsmath, use the `?' option.
(/usr/local/texlive/2025/texmf-dist/tex/latex/amsmath/amstext.sty
Package: amstext 2021/08/26 v2.01 AMS text

(/usr/local/texlive/2025/texmf-dist/tex/latex/amsmath/amsgen.sty
File: amsgen.sty 1999/11/30 v2.0 generic functions
\@emptytoks=\toks34
\ex@=\dimen262
))
(/usr/local/texlive/2025/texmf-dist/tex/latex/amsmath/amsbsy.sty
Package: amsbsy 1999/11/29 v1.2d Bold Symbols
\pmbraise@=\dimen263
)
(/usr/local/texlive/2025/texmf-dist/tex/latex/amsmath/amsopn.sty
Package: amsopn 2022/04/08 v2.04 operator names
)
\inf@bad=\count313
LaTeX Info: Redefining \frac on input line 233.
\uproot@=\count314
\leftroot@=\count315
LaTeX Info: Redefining \overline on input line 398.
LaTeX Info: Redefining \colon on input line 409.
\classnum@=\count316
\DOTSCASE@=\count317
LaTeX Info: Redefining \ldots on input line 495.
LaTeX Info: Redefining \dots on input line 498.
LaTeX Info: Redefining \cdots on input line 619.
\Mathstrutbox@=\box77
\strutbox@=\box78
LaTeX Info: Redefining \big on input line 721.
LaTeX Info: Redefining \Big on input line 722.
LaTeX Info: Redefining \bigg on input line 723.
LaTeX Info: Redefining \Bigg on input line 724.
\big@size=\dimen264
LaTeX Font Info:    Redeclaring font encoding OML on input line 742.
LaTeX Font Info:    Redeclaring font encoding OMS on input line 743.
\macc@depth=\count318
LaTeX Info: Redefining \bmod on input line 904.
LaTeX Info: Redefining \pmod on input line 909.
LaTeX Info: Redefining \smash on input line 939.
LaTeX Info: Redefining \relbar on input line 969.
LaTeX Info: Redefining \Relbar on input line 970.
\c@MaxMatrixCols=\count319
\dotsspace@=\muskip17
\c@parentequation=\count320
\dspbrk@lvl=\count321
\tag@help=\toks35
\row@=\count322
\column@=\count323
\maxfields@=\count324
\andhelp@=\toks36
\eqnshift@=\dimen265
\alignsep@=\dimen266
\tagshift@=\dimen267
\tagwidth@=\dimen268
\totwidth@=\dimen269
\lineht@=\dimen270
\@envbody=\toks37
\multlinegap=\skip52
\multlinetaggap=\skip53
\mathdisplay@stack=\toks38
LaTeX Info: Redefining \[ on input line 2953.
LaTeX Info: Redefining \] on input line 2954.
))
(/usr/local/texlive/2025/texmf-dist/tex/latex/tcolorbox/tcbfitting.code.tex
Library (tcolorbox): 'tcbfitting.code.tex' version '6.4.1'
\tcbfitdim=\dimen271
\tcb@lowerfitdim=\dimen272
\tcb@upperfitdim=\dimen273
\tcb@cur@hbadness=\count325
)
(/usr/local/texlive/2025/texmf-dist/tex/latex/tcolorbox/tcblistingsutf8.code.te
x
Library (tcolorbox): 'tcblistingsutf8.code.tex' version '6.4.1'
(/usr/local/texlive/2025/texmf-dist/tex/latex/tcolorbox/tcblistings.code.tex
Library (tcolorbox): 'tcblistings.code.tex' version '6.4.1'
(/usr/local/texlive/2025/texmf-dist/tex/latex/listings/listings.sty
\lst@mode=\count326
\lst@gtempboxa=\box79
\lst@token=\toks39
\lst@length=\count327
\lst@currlwidth=\dimen274
\lst@column=\count328
\lst@pos=\count329
\lst@lostspace=\dimen275
\lst@width=\dimen276
\lst@newlines=\count330
\lst@lineno=\count331
\lst@maxwidth=\dimen277

(/usr/local/texlive/2025/texmf-dist/tex/latex/listings/lstpatch.sty
File: lstpatch.sty 2024/09/23 1.10c (Carsten Heinz)
)
(/usr/local/texlive/2025/texmf-dist/tex/latex/listings/lstmisc.sty
File: lstmisc.sty 2024/09/23 1.10c (Carsten Heinz)
\c@lstnumber=\count332
\lst@skipnumbers=\count333
\lst@framebox=\box80
)
(/usr/local/texlive/2025/texmf-dist/tex/latex/listings/listings.cfg
File: listings.cfg 2024/09/23 1.10c listings configuration
))
Package: listings 2024/09/23 1.10c (Carsten Heinz)

(/usr/local/texlive/2025/texmf-dist/tex/latex/tcolorbox/tcblistingscore.code.te
x
Library (tcolorbox): 'tcblistingscore.code.tex' version '6.4.1'
(/usr/local/texlive/2025/texmf-dist/tex/latex/tcolorbox/tcbprocessing.code.tex
Library (tcolorbox): 'tcbprocessing.code.tex' version '6.4.1'
)
\c@tcblisting=\count334
))
Package tcolorbox Info: Library `listingsutf8' is compatible with pdftex only. 
Library `listings` is loaded instead. on input line 29.
)
(/usr/local/texlive/2025/texmf-dist/tex/latex/tcolorbox/tcbexternal.code.tex
Library (tcolorbox): 'tcbexternal.code.tex' version '6.4.1'
) (/usr/local/texlive/2025/texmf-dist/tex/latex/tcolorbox/tcbmagazine.code.tex
Library (tcolorbox): 'tcbmagazine.code.tex' version '6.4.1'
) (/usr/local/texlive/2025/texmf-dist/tex/latex/tcolorbox/tcbvignette.code.tex
Library (tcolorbox): 'tcbvignette.code.tex' version '6.4.1'

(/usr/local/texlive/2025/texmf-dist/tex/generic/pgf/frontendlayer/tikz/librarie
s/tikzlibraryfadings.code.tex
File: tikzlibraryfadings.code.tex 2023-01-15 v3.1.10 (3.1.10)

(/usr/local/texlive/2025/texmf-dist/tex/generic/pgf/libraries/pgflibraryfadings
.code.tex
File: pgflibraryfadings.code.tex 2023-01-15 v3.1.10 (3.1.10)
)))
(/usr/local/texlive/2025/texmf-dist/tex/latex/tcolorbox/tcbposter.code.tex
Library (tcolorbox): 'tcbposter.code.tex' version '6.4.1'
)) (/usr/local/texlive/2025/texmf-dist/tex/latex/changepage/changepage.sty
Package: changepage 2009/10/20 v1.0c check page and change page layout
\c@cp@cntr=\count335
\cp@tempcnt=\count336
)
(/usr/local/texlive/2025/texmf-dist/tex/latex/titlesec/titlesec.sty
Package: titlesec 2025/01/04 v2.17 Sectioning titles
\ttl@box=\box81
\beforetitleunit=\skip54
\aftertitleunit=\skip55
\ttl@plus=\dimen278
\ttl@minus=\dimen279
\ttl@toksa=\toks40
\titlewidth=\dimen280
\titlewidthlast=\dimen281
\titlewidthfirst=\dimen282
)
(/usr/local/texlive/2025/texmf-dist/tex/generic/ulem/ulem.sty
\UL@box=\box82
\UL@hyphenbox=\box83
\UL@skip=\skip56
\UL@hook=\toks41
\UL@height=\dimen283
\UL@pe=\count337
\UL@pixel=\dimen284
\ULC@box=\box84
Package: ulem 2019/11/18
\ULdepth=\dimen285
)
(/usr/local/texlive/2025/texmf-dist/tex/latex/tools/longtable.sty
Package: longtable 2024-10-27 v4.22 Multi-page Table package (DPC)
\LTleft=\skip57
\LTright=\skip58
\LTpre=\skip59
\LTpost=\skip60
\LTchunksize=\count338
\LTcapwidth=\dimen286
\LT@head=\box85
\LT@firsthead=\box86
\LT@foot=\box87
\LT@lastfoot=\box88
\LT@gbox=\box89
\LT@cols=\count339
\LT@rows=\count340
\c@LT@tables=\count341
\c@LT@chunks=\count342
\LT@p@ftn=\toks42
)
(/usr/local/texlive/2025/texmf-dist/tex/latex/grffile/grffile.sty
Package: grffile 2019/11/11 v2.1 Extended file name support for graphics (legac
y)
Package grffile Info: This package is an empty stub for compatibility on input 
line 40.
)

Package fontspec Info: 
(fontspec)             Font family 'IBMPlexSerif(0)' created for font 'IBM
(fontspec)             Plex Serif' with options [Ligatures=TeX,Path =
(fontspec)             /Users/johnwry/Library/Fonts/,Ligatures=TeX,UprightFont
(fontspec)             = IBMPlexSerif-Regular.ttf,ItalicFont =
(fontspec)             IBMPlexSerif-Italic.ttf,BoldFont =
(fontspec)             IBMPlexSerif-SemiBold.ttf,BoldItalicFont =
(fontspec)             IBMPlexSerif-BoldItalic.ttf].
(fontspec)              
(fontspec)              This font family consists of the following NFSS
(fontspec)             series/shapes:
(fontspec)              
(fontspec)             - 'normal' (m/n) with NFSS spec.:
(fontspec)             <->"[/Users/johnwry/Library/Fonts/IBMPlexSerif-Regular.t
tf]/OT:script=latn;language=dflt;mapping=tex-text;"
(fontspec)             - 'bold' (b/n) with NFSS spec.:
(fontspec)             <->"[/Users/johnwry/Library/Fonts/IBMPlexSerif-SemiBold.
ttf]/OT:script=latn;language=dflt;mapping=tex-text;"
(fontspec)             - 'italic' (m/it) with NFSS spec.:
(fontspec)             <->"[/Users/johnwry/Library/Fonts/IBMPlexSerif-Italic.tt
f]/OT:script=latn;language=dflt;mapping=tex-text;"
(fontspec)             - 'bold italic' (b/it) with NFSS spec.:
(fontspec)             <->"[/Users/johnwry/Library/Fonts/IBMPlexSerif-BoldItali
c.ttf]/OT:script=latn;language=dflt;mapping=tex-text;"


Package fontspec Info: 
(fontspec)             Font family 'IBMPlexSerif(1)' created for font
(fontspec)             'IBMPlexSerif' with options [Path =
(fontspec)             /Users/johnwry/Library/Fonts/,UprightFont =
(fontspec)             *-Light.ttf,ItalicFont = *-LightItalic.ttf].
(fontspec)              
(fontspec)              This font family consists of the following NFSS
(fontspec)             series/shapes:
(fontspec)              
(fontspec)             - 'normal' (m/n) with NFSS spec.:
(fontspec)             <->"[/Users/johnwry/Library/Fonts/IBMPlexSerif-Light.ttf
]/OT:script=latn;language=dflt;"
(fontspec)             - 'italic' (m/it) with NFSS spec.:
(fontspec)             <->"[/Users/johnwry/Library/Fonts/IBMPlexSerif-LightItal
ic.ttf]/OT:script=latn;language=dflt;"


Package fontspec Info: 
(fontspec)             Font family 'IBMPlexSerif(2)' created for font
(fontspec)             'IBMPlexSerif' with options [Path =
(fontspec)             /Users/johnwry/Library/Fonts/,UprightFont =
(fontspec)             *-Regular.ttf,ItalicFont = *-MediumItalic.ttf].
(fontspec)              
(fontspec)              This font family consists of the following NFSS
(fontspec)             series/shapes:
(fontspec)              
(fontspec)             - 'normal' (m/n) with NFSS spec.:
(fontspec)             <->"[/Users/johnwry/Library/Fonts/IBMPlexSerif-Regular.t
tf]/OT:script=latn;language=dflt;"
(fontspec)             - 'italic' (m/it) with NFSS spec.:
(fontspec)             <->"[/Users/johnwry/Library/Fonts/IBMPlexSerif-MediumIta
lic.ttf]/OT:script=latn;language=dflt;"


(/usr/local/texlive/2025/texmf-dist/tex/latex/framed/framed.sty
Package: framed 2011/10/22 v 0.96: framed or shaded text with page breaks
\OuterFrameSep=\skip61
\fb@frw=\dimen287
\fb@frh=\dimen288
\FrameRule=\dimen289
\FrameSep=\dimen290
)
(/usr/local/texlive/2025/texmf-dist/tex/latex/fancyvrb/fancyvrb.sty
Package: fancyvrb 2024/01/20 4.5c verbatim text (tvz,hv)
\FV@CodeLineNo=\count343
\FV@InFile=\read4
\FV@TabBox=\box90
\c@FancyVerbLine=\count344
\FV@StepNumber=\count345
\FV@OutFile=\write4
)
(/usr/local/texlive/2025/texmf-dist/tex/latex/enumitem/enumitem.sty
Package: enumitem 2025/02/06 v3.11 Customized lists
\labelindent=\skip62
\enit@outerparindent=\dimen291
\enit@toks=\toks43
\enit@inbox=\box91
\enit@count@id=\count346
\enitdp@description=\count347
)
(/usr/local/texlive/2025/texmf-dist/tex/latex/eso-pic/eso-pic.sty
Package: eso-pic 2023/05/03 v3.0c eso-pic (RN)
\ESO@tempdima=\dimen292
\ESO@tempdimb=\dimen293
)
\c@none=\count348

(/usr/local/texlive/2025/texmf-dist/tex/latex/booktabs/booktabs.sty
Package: booktabs 2020/01/12 v1.61803398 Publication quality tables
\heavyrulewidth=\dimen294
\lightrulewidth=\dimen295
\cmidrulewidth=\dimen296
\belowrulesep=\dimen297
\belowbottomsep=\dimen298
\aboverulesep=\dimen299
\abovetopsep=\dimen300
\cmidrulesep=\dimen301
\cmidrulekern=\dimen302
\defaultaddspace=\dimen303
\@cmidla=\count349
\@cmidlb=\count350
\@aboverulesep=\dimen304
\@belowrulesep=\dimen305
\@thisruleclass=\count351
\@lastruleclass=\count352
\@thisrulewidth=\dimen306
)
(./outline.tex
(/usr/local/texlive/2025/texmf-dist/tex/latex/hyperref/hyperref.sty
Package: hyperref 2024-11-05 v7.01l Hypertext links for LaTeX

(/usr/local/texlive/2025/texmf-dist/tex/latex/kvsetkeys/kvsetkeys.sty
Package: kvsetkeys 2022-10-05 v1.19 Key value parser (HO)
)
(/usr/local/texlive/2025/texmf-dist/tex/generic/kvdefinekeys/kvdefinekeys.sty
Package: kvdefinekeys 2019-12-19 v1.6 Define keys (HO)
)
(/usr/local/texlive/2025/texmf-dist/tex/generic/pdfescape/pdfescape.sty
Package: pdfescape 2019/12/09 v1.15 Implements pdfTeX's escape features (HO)

(/usr/local/texlive/2025/texmf-dist/tex/generic/pdftexcmds/pdftexcmds.sty
Package: pdftexcmds 2020-06-27 v0.33 Utility functions of pdfTeX for LuaTeX (HO
)
Package pdftexcmds Info: \pdf@primitive is available.
Package pdftexcmds Info: \pdf@ifprimitive is available.
Package pdftexcmds Info: \pdfdraftmode not found.
))
(/usr/local/texlive/2025/texmf-dist/tex/latex/hycolor/hycolor.sty
Package: hycolor 2020-01-27 v1.10 Color options for hyperref/bookmark (HO)
)
(/usr/local/texlive/2025/texmf-dist/tex/latex/hyperref/nameref.sty
Package: nameref 2023-11-26 v2.56 Cross-referencing by name of section

(/usr/local/texlive/2025/texmf-dist/tex/latex/refcount/refcount.sty
Package: refcount 2019/12/15 v3.6 Data extraction from label references (HO)
)
(/usr/local/texlive/2025/texmf-dist/tex/generic/gettitlestring/gettitlestring.s
ty
Package: gettitlestring 2019/12/15 v1.6 Cleanup title references (HO)
 (/usr/local/texlive/2025/texmf-dist/tex/latex/kvoptions/kvoptions.sty
Package: kvoptions 2022-06-15 v3.15 Key value format for package options (HO)
))
\c@section@level=\count353
)
(/usr/local/texlive/2025/texmf-dist/tex/generic/stringenc/stringenc.sty
Package: stringenc 2019/11/29 v1.12 Convert strings between diff. encodings (HO
)
)
\@linkdim=\dimen307
\Hy@linkcounter=\count354
\Hy@pagecounter=\count355

(/usr/local/texlive/2025/texmf-dist/tex/latex/hyperref/pd1enc.def
File: pd1enc.def 2024-11-05 v7.01l Hyperref: PDFDocEncoding definition (HO)
)
(/usr/local/texlive/2025/texmf-dist/tex/generic/intcalc/intcalc.sty
Package: intcalc 2019/12/15 v1.3 Expandable calculations with integers (HO)
)
\Hy@SavedSpaceFactor=\count356

(/usr/local/texlive/2025/texmf-dist/tex/latex/hyperref/puenc.def
File: puenc.def 2024-11-05 v7.01l Hyperref: PDF Unicode definition (HO)
)
Package hyperref Info: Hyper figures OFF on input line 4157.
Package hyperref Info: Link nesting OFF on input line 4162.
Package hyperref Info: Hyper index ON on input line 4165.
Package hyperref Info: Plain pages OFF on input line 4172.
Package hyperref Info: Backreferencing OFF on input line 4177.
Package hyperref Info: Implicit mode ON; LaTeX internals redefined.
Package hyperref Info: Bookmarks ON on input line 4424.
\c@Hy@tempcnt=\count357

(/usr/local/texlive/2025/texmf-dist/tex/latex/url/url.sty
\Urlmuskip=\muskip18
Package: url 2013/09/16  ver 3.4  Verb mode for urls, etc.
)
LaTeX Info: Redefining \url on input line 4763.
\XeTeXLinkMargin=\dimen308

(/usr/local/texlive/2025/texmf-dist/tex/generic/bitset/bitset.sty
Package: bitset 2019/12/09 v1.3 Handle bit-vector datatype (HO)

(/usr/local/texlive/2025/texmf-dist/tex/generic/bigintcalc/bigintcalc.sty
Package: bigintcalc 2019/12/15 v1.5 Expandable calculations on big integers (HO
)
))
\Fld@menulength=\count358
\Field@Width=\dimen309
\Fld@charsize=\dimen310
Package hyperref Info: Hyper figures OFF on input line 6042.
Package hyperref Info: Link nesting OFF on input line 6047.
Package hyperref Info: Hyper index ON on input line 6050.
Package hyperref Info: backreferencing OFF on input line 6057.
Package hyperref Info: Link coloring OFF on input line 6062.
Package hyperref Info: Link coloring with OCG OFF on input line 6067.
Package hyperref Info: PDF/A mode OFF on input line 6072.

(/usr/local/texlive/2025/texmf-dist/tex/latex/base/atbegshi-ltx.sty
Package: atbegshi-ltx 2021/01/10 v1.0c Emulation of the original atbegshi
package with kernel methods
)
\Hy@abspage=\count359
\c@Item=\count360
\c@Hfootnote=\count361
)
Package hyperref Info: Driver (autodetected): hxetex.

(/usr/local/texlive/2025/texmf-dist/tex/latex/hyperref/hxetex.def
File: hxetex.def 2024-11-05 v7.01l Hyperref driver for XeTeX
\pdfm@box=\box92
\c@Hy@AnnotLevel=\count362
\HyField@AnnotCount=\count363
\Fld@listcount=\count364
\c@bookmark@seq@number=\count365

(/usr/local/texlive/2025/texmf-dist/tex/latex/rerunfilecheck/rerunfilecheck.sty
Package: rerunfilecheck 2022-07-10 v1.10 Rerun checks for auxiliary files (HO)
(/usr/local/texlive/2025/texmf-dist/tex/latex/base/atveryend-ltx.sty
Package: atveryend-ltx 2020/08/19 v1.0a Emulation of the original atveryend pac
kage
with kernel methods
)
(/usr/local/texlive/2025/texmf-dist/tex/generic/uniquecounter/uniquecounter.sty
Package: uniquecounter 2019/12/15 v1.4 Provide unlimited unique counter (HO)
)
Package uniquecounter Info: New unique counter `rerunfilecheck' on input line 2
85.
)
\Hy@SectionHShift=\skip63
) (/usr/local/texlive/2025/texmf-dist/tex/latex/needspace/needspace.sty
Package: needspace 2010/09/12 v1.3d reserve vertical space
)
(/usr/local/texlive/2025/texmf-dist/tex/latex/hyphenat/hyphenat.sty
Package: hyphenat 2009/09/02 v2.3c hyphenation utilities
\langwohyphens=\language90
LaTeX Info: Redefining \_ on input line 43.
)
(/usr/local/texlive/2025/texmf-dist/tex/latex/setspace/setspace.sty
Package: setspace 2022/12/04 v6.7b set line spacing
)
(/usr/local/texlive/2025/texmf-dist/tex/latex/fancyhdr/fancyhdr.sty
Package: fancyhdr 2025/02/07 v5.2 Extensive control of page headers and footers

\f@nch@headwidth=\skip64
\f@nch@offset@elh=\skip65
\f@nch@offset@erh=\skip66
\f@nch@offset@olh=\skip67
\f@nch@offset@orh=\skip68
\f@nch@offset@elf=\skip69
\f@nch@offset@erf=\skip70
\f@nch@offset@olf=\skip71
\f@nch@offset@orf=\skip72
\f@nch@height=\skip73
\f@nch@footalignment=\skip74
\f@nch@widthL=\skip75
\f@nch@widthC=\skip76
\f@nch@widthR=\skip77
\@temptokenb=\toks44
)
Package hyperref Info: Option `colorlinks' set `true' on input line 157.


Package hyperref Warning: Token not allowed in a PDF string (Unicode):
(hyperref)                removing `math shift' on input line 157.


Package hyperref Warning: Token not allowed in a PDF string (Unicode):
(hyperref)                removing `math shift' on input line 157.


Package hyperref Warning: Token not allowed in a PDF string (Unicode):
(hyperref)                removing `math shift' on input line 157.


Package hyperref Warning: Token not allowed in a PDF string (Unicode):
(hyperref)                removing `math shift' on input line 157.


Package fancyhdr Warning: \fancyhead's `E' option without twoside option is use
less.
(fancyhdr)                Please consider using the `twoside' option on input l
ine 162.

(/usr/local/texlive/2025/texmf-dist/tex/latex/footmisc/footmisc.sty
Package: footmisc 2024/12/24 v6.0g a miscellany of footnote facilities
\FN@temptoken=\toks45
\footnotemargin=\dimen311
\@outputbox@depth=\dimen312
Package footmisc Info: Declaring symbol style bringhurst on input line 699.
Package footmisc Info: Declaring symbol style chicago on input line 707.
Package footmisc Info: Declaring symbol style wiley on input line 716.
Package footmisc Info: Declaring symbol style lamport-robust on input line 727.

Package footmisc Info: Declaring symbol style lamport* on input line 747.
Package footmisc Info: Declaring symbol style lamport*-robust on input line 768
.
)))
(./teacher_manual.aux)
\openout1 = `teacher_manual.aux'.

LaTeX Font Info:    Checking defaults for OML/cmm/m/it on input line 24.
LaTeX Font Info:    ... okay on input line 24.
LaTeX Font Info:    Checking defaults for OMS/cmsy/m/n on input line 24.
LaTeX Font Info:    ... okay on input line 24.
LaTeX Font Info:    Checking defaults for OT1/cmr/m/n on input line 24.
LaTeX Font Info:    ... okay on input line 24.
LaTeX Font Info:    Checking defaults for T1/cmr/m/n on input line 24.
LaTeX Font Info:    ... okay on input line 24.
LaTeX Font Info:    Checking defaults for TS1/cmr/m/n on input line 24.
LaTeX Font Info:    ... okay on input line 24.
LaTeX Font Info:    Checking defaults for TU/lmr/m/n on input line 24.
LaTeX Font Info:    ... okay on input line 24.
LaTeX Font Info:    Checking defaults for OMX/cmex/m/n on input line 24.
LaTeX Font Info:    ... okay on input line 24.
LaTeX Font Info:    Checking defaults for U/cmr/m/n on input line 24.
LaTeX Font Info:    ... okay on input line 24.
LaTeX Font Info:    Checking defaults for PD1/pdf/m/n on input line 24.
LaTeX Font Info:    ... okay on input line 24.
LaTeX Font Info:    Checking defaults for PU/pdf/m/n on input line 24.
LaTeX Font Info:    ... okay on input line 24.

*geometry* driver: auto-detecting
*geometry* detected driver: xetex
*geometry* verbose mode - [ preamble ] result:
* driver: xetex
* paper: <default>
* layout: <same size as paper>
* layoutoffset:(h,v)=(0.0pt,0.0pt)
* modes: 
* h-part:(L,W,R)=(72.26999pt, 469.75502pt, 72.26999pt)
* v-part:(T,H,B)=(72.26999pt, 650.43001pt, 72.26999pt)
* \paperwidth=614.295pt
* \paperheight=794.96999pt
* \textwidth=469.75502pt
* \textheight=650.43001pt
* \oddsidemargin=0.0pt
* \evensidemargin=0.0pt
* \topmargin=-37.0pt
* \headheight=14.0pt
* \headsep=18.0pt
* \topskip=11.0pt
* \footskip=30.0pt
* \marginparwidth=59.0pt
* \marginparsep=10.0pt
* \columnsep=10.0pt
* \skip\footins=4.0pt
* \hoffset=0.0pt
* \voffset=0.0pt
* \mag=1000
* \@twocolumnfalse
* \@twosidefalse
* \@mparswitchfalse
* \@reversemarginfalse
* (1in=72.27pt=25.4mm, 1cm=28.453pt)


Package fontspec Info: 
(fontspec)             Adjusting the maths setup (use [no-math] to avoid
(fontspec)             this).

\symlegacymaths=\mathgroup4
LaTeX Font Info:    Overwriting symbol font `legacymaths' in version `bold'
(Font)                  OT1/cmr/m/n --> OT1/cmr/bx/n on input line 24.
LaTeX Font Info:    Redeclaring math accent \acute on input line 24.
LaTeX Font Info:    Redeclaring math accent \grave on input line 24.
LaTeX Font Info:    Redeclaring math accent \ddot on input line 24.
LaTeX Font Info:    Redeclaring math accent \tilde on input line 24.
LaTeX Font Info:    Redeclaring math accent \bar on input line 24.
LaTeX Font Info:    Redeclaring math accent \breve on input line 24.
LaTeX Font Info:    Redeclaring math accent \check on input line 24.
LaTeX Font Info:    Redeclaring math accent \hat on input line 24.
LaTeX Font Info:    Redeclaring math accent \dot on input line 24.
LaTeX Font Info:    Redeclaring math accent \mathring on input line 24.
LaTeX Font Info:    Redeclaring math symbol \Gamma on input line 24.
LaTeX Font Info:    Redeclaring math symbol \Delta on input line 24.
LaTeX Font Info:    Redeclaring math symbol \Theta on input line 24.
LaTeX Font Info:    Redeclaring math symbol \Lambda on input line 24.
LaTeX Font Info:    Redeclaring math symbol \Xi on input line 24.
LaTeX Font Info:    Redeclaring math symbol \Pi on input line 24.
LaTeX Font Info:    Redeclaring math symbol \Sigma on input line 24.
LaTeX Font Info:    Redeclaring math symbol \Upsilon on input line 24.
LaTeX Font Info:    Redeclaring math symbol \Phi on input line 24.
LaTeX Font Info:    Redeclaring math symbol \Psi on input line 24.
LaTeX Font Info:    Redeclaring math symbol \Omega on input line 24.
LaTeX Font Info:    Redeclaring math symbol \mathdollar on input line 24.
LaTeX Font Info:    Redeclaring symbol font `operators' on input line 24.
LaTeX Font Info:    Encoding `OT1' has changed to `TU' for symbol font
(Font)              `operators' in the math version `normal' on input line 24.
LaTeX Font Info:    Overwriting symbol font `operators' in version `normal'
(Font)                  OT1/cmr/m/n --> TU/IBMPlexSerif(0)/m/n on input line 24
.
LaTeX Font Info:    Encoding `OT1' has changed to `TU' for symbol font
(Font)              `operators' in the math version `bold' on input line 24.
LaTeX Font Info:    Overwriting symbol font `operators' in version `bold'
(Font)                  OT1/cmr/bx/n --> TU/IBMPlexSerif(0)/m/n on input line 2
4.
LaTeX Font Info:    Overwriting symbol font `operators' in version `normal'
(Font)                  TU/IBMPlexSerif(0)/m/n --> TU/IBMPlexSerif(0)/m/n on in
put line 24.
LaTeX Font Info:    Overwriting math alphabet `\mathit' in version `normal'
(Font)                  OT1/cmr/m/it --> TU/IBMPlexSerif(0)/m/it on input line 
24.
LaTeX Font Info:    Overwriting math alphabet `\mathbf' in version `normal'
(Font)                  OT1/cmr/bx/n --> TU/IBMPlexSerif(0)/b/n on input line 2
4.
LaTeX Font Info:    Overwriting math alphabet `\mathsf' in version `normal'
(Font)                  OT1/cmss/m/n --> TU/lmss/m/n on input line 24.
LaTeX Font Info:    Overwriting math alphabet `\mathtt' in version `normal'
(Font)                  OT1/cmtt/m/n --> TU/lmtt/m/n on input line 24.
LaTeX Font Info:    Overwriting symbol font `operators' in version `bold'
(Font)                  TU/IBMPlexSerif(0)/m/n --> TU/IBMPlexSerif(0)/b/n on in
put line 24.
LaTeX Font Info:    Overwriting math alphabet `\mathit' in version `bold'
(Font)                  OT1/cmr/bx/it --> TU/IBMPlexSerif(0)/b/it on input line
 24.
LaTeX Font Info:    Overwriting math alphabet `\mathsf' in version `bold'
(Font)                  OT1/cmss/bx/n --> TU/lmss/b/n on input line 24.
LaTeX Font Info:    Overwriting math alphabet `\mathtt' in version `bold'
(Font)                  OT1/cmtt/m/n --> TU/lmtt/b/n on input line 24.
\c@lstlisting=\count366
Package hyperref Info: Link coloring ON on input line 24.
(./teacher_manual.out) (./teacher_manual.out)
\@outlinefile=\write5
\openout5 = `teacher_manual.out'.



[1

]
*geometry* verbose mode - [ newgeometry ] result:
* driver: xetex
* paper: <default>
* layout: <same size as paper>
* layoutoffset:(h,v)=(0.0pt,0.0pt)
* modes: 
* h-part:(L,W,R)=(71.13188pt, 472.03123pt, 71.13188pt)
* v-part:(T,H,B)=(71.13188pt, 652.70622pt, 71.13188pt)
* \paperwidth=614.295pt
* \paperheight=794.96999pt
* \textwidth=472.03123pt
* \textheight=652.70622pt
* \oddsidemargin=-1.1381pt
* \evensidemargin=-1.1381pt
* \topmargin=-33.1381pt
* \headheight=14.0pt
* \headsep=18.0pt
* \topskip=11.0pt
* \footskip=30.0pt
* \marginparwidth=59.0pt
* \marginparsep=10.0pt
* \columnsep=10.0pt
* \skip\footins=4.0pt
* \hoffset=0.0pt
* \voffset=0.0pt
* \mag=1000
* \@twocolumnfalse
* \@twosidefalse
* \@mparswitchfalse
* \@reversemarginfalse
* (1in=72.27pt=25.4mm, 1cm=28.453pt)



[2

]
File: images/cgv.png Graphic file (type bmp)
<images/cgv.png>


[3

]
Overfull \hbox (11.16447pt too wide) in paragraph at lines 67--71
[]\TU/IBMPlexSerif(0)/m/n/10.95 Este manual ha sido desarrollado para enseñar l
a Escritura de manera textual, progresiva
 []


Overfull \hbox (41.9021pt too wide) in paragraph at lines 67--71
\TU/IBMPlexSerif(0)/m/n/10.95 y consciente del lenguaje. Su propósito principal
 es ayudar al lector a observar cuidadosamente
 []


Overfull \hbox (37.95186pt too wide) in paragraph at lines 92--96
[]\TU/IBMPlexSerif(0)/m/n/10.95 El contenido está organizado para seguir el flu
jo y el desarrollo del Texto bíblico, presentándolo
 []


Overfull \hbox (25.2961pt too wide) in paragraph at lines 100--103
\TU/IBMPlexSerif(0)/m/n/10.95 antes de exhortar conductas. Por ello, este manua
l enseña primero a observar y comprender
 []



[4

]
Missing character: There is no ᾿ (U+1FBF) in font [/Users/johnwry/Library/Fonts
/IBMPlexSerif-Regular.ttf]/OT:script=latn;language=dflt;mapping=tex-text;!
Missing character: There is no Ε (U+0395) in font [/Users/johnwry/Library/Fonts
/IBMPlexSerif-Regular.ttf]/OT:script=latn;language=dflt;mapping=tex-text;!
Missing character: There is no ν (U+03BD) in font [/Users/johnwry/Library/Fonts
/IBMPlexSerif-Regular.ttf]/OT:script=latn;language=dflt;mapping=tex-text;!
Missing character: There is no ἀ (U+1F00) in font [/Users/johnwry/Library/Fonts
/IBMPlexSerif-Regular.ttf]/OT:script=latn;language=dflt;mapping=tex-text;!
Missing character: There is no ρ (U+03C1) in font [/Users/johnwry/Library/Fonts
/IBMPlexSerif-Regular.ttf]/OT:script=latn;language=dflt;mapping=tex-text;!
Missing character: There is no χ (U+03C7) in font [/Users/johnwry/Library/Fonts
/IBMPlexSerif-Regular.ttf]/OT:script=latn;language=dflt;mapping=tex-text;!
Missing character: There is no ῇ (U+1FC7) in font [/Users/johnwry/Library/Fonts
/IBMPlexSerif-Regular.ttf]/OT:script=latn;language=dflt;mapping=tex-text;!
Missing character: There is no ἦ (U+1F26) in font [/Users/johnwry/Library/Fonts
/IBMPlexSerif-Regular.ttf]/OT:script=latn;language=dflt;mapping=tex-text;!
Missing character: There is no ν (U+03BD) in font [/Users/johnwry/Library/Fonts
/IBMPlexSerif-Regular.ttf]/OT:script=latn;language=dflt;mapping=tex-text;!
Missing character: There is no ὁ (U+1F41) in font [/Users/johnwry/Library/Fonts
/IBMPlexSerif-Regular.ttf]/OT:script=latn;language=dflt;mapping=tex-text;!
Missing character: There is no Λ (U+039B) in font [/Users/johnwry/Library/Fonts
/IBMPlexSerif-Regular.ttf]/OT:script=latn;language=dflt;mapping=tex-text;!
Missing character: There is no ό (U+03CC) in font [/Users/johnwry/Library/Fonts
/IBMPlexSerif-Regular.ttf]/OT:script=latn;language=dflt;mapping=tex-text;!
Missing character: There is no γ (U+03B3) in font [/Users/johnwry/Library/Fonts
/IBMPlexSerif-Regular.ttf]/OT:script=latn;language=dflt;mapping=tex-text;!
Missing character: There is no ο (U+03BF) in font [/Users/johnwry/Library/Fonts
/IBMPlexSerif-Regular.ttf]/OT:script=latn;language=dflt;mapping=tex-text;!
Missing character: There is no ς (U+03C2) in font [/Users/johnwry/Library/Fonts
/IBMPlexSerif-Regular.ttf]/OT:script=latn;language=dflt;mapping=tex-text;!
Missing character: There is no κ (U+03BA) in font [/Users/johnwry/Library/Fonts
/IBMPlexSerif-Regular.ttf]/OT:script=latn;language=dflt;mapping=tex-text;!
Missing character: There is no α (U+03B1) in font [/Users/johnwry/Library/Fonts
/IBMPlexSerif-Regular.ttf]/OT:script=latn;language=dflt;mapping=tex-text;!
Missing character: There is no ὶ (U+1F76) in font [/Users/johnwry/Library/Fonts
/IBMPlexSerif-Regular.ttf]/OT:script=latn;language=dflt;mapping=tex-text;!
Missing character: There is no ὁ (U+1F41) in font [/Users/johnwry/Library/Fonts
/IBMPlexSerif-Regular.ttf]/OT:script=latn;language=dflt;mapping=tex-text;!
Missing character: There is no Λ (U+039B) in font [/Users/johnwry/Library/Fonts
/IBMPlexSerif-Regular.ttf]/OT:script=latn;language=dflt;mapping=tex-text;!
Missing character: There is no ό (U+03CC) in font [/Users/johnwry/Library/Fonts
/IBMPlexSerif-Regular.ttf]/OT:script=latn;language=dflt;mapping=tex-text;!
Missing character: There is no γ (U+03B3) in font [/Users/johnwry/Library/Fonts
/IBMPlexSerif-Regular.ttf]/OT:script=latn;language=dflt;mapping=tex-text;!
Missing character: There is no ο (U+03BF) in font [/Users/johnwry/Library/Fonts
/IBMPlexSerif-Regular.ttf]/OT:script=latn;language=dflt;mapping=tex-text;!
Missing character: There is no ς (U+03C2) in font [/Users/johnwry/Library/Fonts
/IBMPlexSerif-Regular.ttf]/OT:script=latn;language=dflt;mapping=tex-text;!
Missing character: There is no ἦ (U+1F26) in font [/Users/johnwry/Library/Fonts
/IBMPlexSerif-Regular.ttf]/OT:script=latn;language=dflt;mapping=tex-text;!
Missing character: There is no ν (U+03BD) in font [/Users/johnwry/Library/Fonts
/IBMPlexSerif-Regular.ttf]/OT:script=latn;language=dflt;mapping=tex-text;!
Missing character: There is no ρ (U+03C1) in font [/Users/johnwry/Library/Fonts
/IBMPlexSerif-Regular.ttf]/OT:script=latn;language=dflt;mapping=tex-text;!
Missing character: There is no ὸ (U+1F78) in font [/Users/johnwry/Library/Fonts
/IBMPlexSerif-Regular.ttf]/OT:script=latn;language=dflt;mapping=tex-text;!
Missing character: There is no ς (U+03C2) in font [/Users/johnwry/Library/Fonts
/IBMPlexSerif-Regular.ttf]/OT:script=latn;language=dflt;mapping=tex-text;!
Missing character: There is no τ (U+03C4) in font [/Users/johnwry/Library/Fonts
/IBMPlexSerif-Regular.ttf]/OT:script=latn;language=dflt;mapping=tex-text;!
Missing character: There is no ὸ (U+1F78) in font [/Users/johnwry/Library/Fonts
/IBMPlexSerif-Regular.ttf]/OT:script=latn;language=dflt;mapping=tex-text;!
Missing character: There is no ν (U+03BD) in font [/Users/johnwry/Library/Fonts
/IBMPlexSerif-Regular.ttf]/OT:script=latn;language=dflt;mapping=tex-text;!
Missing character: There is no Θ (U+0398) in font [/Users/johnwry/Library/Fonts
/IBMPlexSerif-Regular.ttf]/OT:script=latn;language=dflt;mapping=tex-text;!
Missing character: There is no ε (U+03B5) in font [/Users/johnwry/Library/Fonts
/IBMPlexSerif-Regular.ttf]/OT:script=latn;language=dflt;mapping=tex-text;!
Missing character: There is no ό (U+03CC) in font [/Users/johnwry/Library/Fonts
/IBMPlexSerif-Regular.ttf]/OT:script=latn;language=dflt;mapping=tex-text;!
Missing character: There is no ν (U+03BD) in font [/Users/johnwry/Library/Fonts
/IBMPlexSerif-Regular.ttf]/OT:script=latn;language=dflt;mapping=tex-text;!
Missing character: There is no κ (U+03BA) in font [/Users/johnwry/Library/Fonts
/IBMPlexSerif-Regular.ttf]/OT:script=latn;language=dflt;mapping=tex-text;!
Missing character: There is no α (U+03B1) in font [/Users/johnwry/Library/Fonts
/IBMPlexSerif-Regular.ttf]/OT:script=latn;language=dflt;mapping=tex-text;!
Missing character: There is no ὶ (U+1F76) in font [/Users/johnwry/Library/Fonts
/IBMPlexSerif-Regular.ttf]/OT:script=latn;language=dflt;mapping=tex-text;!
Missing character: There is no Θ (U+0398) in font [/Users/johnwry/Library/Fonts
/IBMPlexSerif-Regular.ttf]/OT:script=latn;language=dflt;mapping=tex-text;!
Missing character: There is no ε (U+03B5) in font [/Users/johnwry/Library/Fonts
/IBMPlexSerif-Regular.ttf]/OT:script=latn;language=dflt;mapping=tex-text;!
Missing character: There is no ὸ (U+1F78) in font [/Users/johnwry/Library/Fonts
/IBMPlexSerif-Regular.ttf]/OT:script=latn;language=dflt;mapping=tex-text;!
Missing character: There is no ς (U+03C2) in font [/Users/johnwry/Library/Fonts
/IBMPlexSerif-Regular.ttf]/OT:script=latn;language=dflt;mapping=tex-text;!
Missing character: There is no ἦ (U+1F26) in font [/Users/johnwry/Library/Fonts
/IBMPlexSerif-Regular.ttf]/OT:script=latn;language=dflt;mapping=tex-text;!
Missing character: There is no ν (U+03BD) in font [/Users/johnwry/Library/Fonts
/IBMPlexSerif-Regular.ttf]/OT:script=latn;language=dflt;mapping=tex-text;!
Missing character: There is no ὁ (U+1F41) in font [/Users/johnwry/Library/Fonts
/IBMPlexSerif-Regular.ttf]/OT:script=latn;language=dflt;mapping=tex-text;!
Missing character: There is no Λ (U+039B) in font [/Users/johnwry/Library/Fonts
/IBMPlexSerif-Regular.ttf]/OT:script=latn;language=dflt;mapping=tex-text;!
Missing character: There is no ό (U+03CC) in font [/Users/johnwry/Library/Fonts
/IBMPlexSerif-Regular.ttf]/OT:script=latn;language=dflt;mapping=tex-text;!
Missing character: There is no γ (U+03B3) in font [/Users/johnwry/Library/Fonts
/IBMPlexSerif-Regular.ttf]/OT:script=latn;language=dflt;mapping=tex-text;!
Missing character: There is no ο (U+03BF) in font [/Users/johnwry/Library/Fonts
/IBMPlexSerif-Regular.ttf]/OT:script=latn;language=dflt;mapping=tex-text;!
Missing character: There is no ς (U+03C2) in font [/Users/johnwry/Library/Fonts
/IBMPlexSerif-Regular.ttf]/OT:script=latn;language=dflt;mapping=tex-text;!

Overfull \hbox (35.7336pt too wide) in paragraph at lines 124--126
[]\TU/IBMPlexSerif(0)/m/n/10.95 Este manual no |   [] para producir expertos. E
xiste para producir estudiantes disciplinados.
 []


Overfull \hbox (29.64078pt too wide) in paragraph at lines 161--163
[]\TU/IBMPlexSerif(0)/m/n/10.95 Cuando abrimos una Biblia en español estamos le
yendo una traducción |   [], cuidadosamente
 []



[5

]
Missing character: There is no λ (U+03BB) in font [/Users/johnwry/Library/Fonts
/IBMPlexSerif-Regular.ttf]/OT:script=latn;language=dflt;mapping=tex-text;!
Missing character: There is no ό (U+03CC) in font [/Users/johnwry/Library/Fonts
/IBMPlexSerif-Regular.ttf]/OT:script=latn;language=dflt;mapping=tex-text;!
Missing character: There is no γ (U+03B3) in font [/Users/johnwry/Library/Fonts
/IBMPlexSerif-Regular.ttf]/OT:script=latn;language=dflt;mapping=tex-text;!
Missing character: There is no ο (U+03BF) in font [/Users/johnwry/Library/Fonts
/IBMPlexSerif-Regular.ttf]/OT:script=latn;language=dflt;mapping=tex-text;!
Missing character: There is no ς (U+03C2) in font [/Users/johnwry/Library/Fonts
/IBMPlexSerif-Regular.ttf]/OT:script=latn;language=dflt;mapping=tex-text;!

Overfull \hbox (5.32814pt too wide) in paragraph at lines 213--213
\TU/IBMPlexSerif(0)/m/n/10.95 Cuando una palabra griega aparece en una herramie
nta, normalmente estás |   [] tres cosas: 
 []



[6]
Overfull \hbox (14.07205pt too wide) in paragraph at lines 234--236
[]\TU/IBMPlexSerif(0)/m/n/10.95 En muchos contextos cristianos se escucha: “En 
el |   [] original esta palabra significa…”
 []


Overfull \hbox (18.5741pt too wide) in paragraph at lines 240--242
[]\TU/IBMPlexSerif(0)/m/n/10.95 Y como todo |   []: - Las palabras cambian de |
   []. - El |   [] determina significado.
 []



[7]
Missing character: There is no ἀ (U+1F00) in font [/Users/johnwry/Library/Fonts
/IBMPlexSerif-Regular.ttf]/OT:script=latn;language=dflt;mapping=tex-text;!
Missing character: There is no γ (U+03B3) in font [/Users/johnwry/Library/Fonts
/IBMPlexSerif-Regular.ttf]/OT:script=latn;language=dflt;mapping=tex-text;!
Missing character: There is no ά (U+03AC) in font [/Users/johnwry/Library/Fonts
/IBMPlexSerif-Regular.ttf]/OT:script=latn;language=dflt;mapping=tex-text;!
Missing character: There is no η (U+03B7) in font [/Users/johnwry/Library/Fonts
/IBMPlexSerif-Regular.ttf]/OT:script=latn;language=dflt;mapping=tex-text;!
Missing character: There is no λ (U+03BB) in font [/Users/johnwry/Library/Fonts
/IBMPlexSerif-Regular.ttf]/OT:script=latn;language=dflt;mapping=tex-text;!
Missing character: There is no έ (U+03AD) in font [/Users/johnwry/Library/Fonts
/IBMPlexSerif-Regular.ttf]/OT:script=latn;language=dflt;mapping=tex-text;!
Missing character: There is no γ (U+03B3) in font [/Users/johnwry/Library/Fonts
/IBMPlexSerif-Regular.ttf]/OT:script=latn;language=dflt;mapping=tex-text;!
Missing character: There is no ε (U+03B5) in font [/Users/johnwry/Library/Fonts
/IBMPlexSerif-Regular.ttf]/OT:script=latn;language=dflt;mapping=tex-text;!
Missing character: There is no ι (U+03B9) in font [/Users/johnwry/Library/Fonts
/IBMPlexSerif-Regular.ttf]/OT:script=latn;language=dflt;mapping=tex-text;!
Missing character: There is no ἐ (U+1F10) in font [/Users/johnwry/Library/Fonts
/IBMPlexSerif-Regular.ttf]/OT:script=latn;language=dflt;mapping=tex-text;!
Missing character: There is no σ (U+03C3) in font [/Users/johnwry/Library/Fonts
/IBMPlexSerif-Regular.ttf]/OT:script=latn;language=dflt;mapping=tex-text;!
Missing character: There is no τ (U+03C4) in font [/Users/johnwry/Library/Fonts
/IBMPlexSerif-Regular.ttf]/OT:script=latn;language=dflt;mapping=tex-text;!
Missing character: There is no ί (U+03AF) in font [/Users/johnwry/Library/Fonts
/IBMPlexSerif-Regular.ttf]/OT:script=latn;language=dflt;mapping=tex-text;!
Missing character: There is no ν (U+03BD) in font [/Users/johnwry/Library/Fonts
/IBMPlexSerif-Regular.ttf]/OT:script=latn;language=dflt;mapping=tex-text;!
Missing character: There is no λ (U+03BB) in font [/Users/johnwry/Library/Fonts
/IBMPlexSerif-Regular.ttf]/OT:script=latn;language=dflt;mapping=tex-text;!
Missing character: There is no ό (U+03CC) in font [/Users/johnwry/Library/Fonts
/IBMPlexSerif-Regular.ttf]/OT:script=latn;language=dflt;mapping=tex-text;!
Missing character: There is no γ (U+03B3) in font [/Users/johnwry/Library/Fonts
/IBMPlexSerif-Regular.ttf]/OT:script=latn;language=dflt;mapping=tex-text;!
Missing character: There is no ο (U+03BF) in font [/Users/johnwry/Library/Fonts
/IBMPlexSerif-Regular.ttf]/OT:script=latn;language=dflt;mapping=tex-text;!
Missing character: There is no ς (U+03C2) in font [/Users/johnwry/Library/Fonts
/IBMPlexSerif-Regular.ttf]/OT:script=latn;language=dflt;mapping=tex-text;!


[8]
Missing character: There is no λ (U+03BB) in font [/Users/johnwry/Library/Fonts
/IBMPlexSerif-Regular.ttf]/OT:script=latn;language=dflt;mapping=tex-text;!
Missing character: There is no ό (U+03CC) in font [/Users/johnwry/Library/Fonts
/IBMPlexSerif-Regular.ttf]/OT:script=latn;language=dflt;mapping=tex-text;!
Missing character: There is no γ (U+03B3) in font [/Users/johnwry/Library/Fonts
/IBMPlexSerif-Regular.ttf]/OT:script=latn;language=dflt;mapping=tex-text;!
Missing character: There is no ο (U+03BF) in font [/Users/johnwry/Library/Fonts
/IBMPlexSerif-Regular.ttf]/OT:script=latn;language=dflt;mapping=tex-text;!
Missing character: There is no ς (U+03C2) in font [/Users/johnwry/Library/Fonts
/IBMPlexSerif-Regular.ttf]/OT:script=latn;language=dflt;mapping=tex-text;!
Missing character: There is no ἀ (U+1F00) in font [/Users/johnwry/Library/Fonts
/IBMPlexSerif-Regular.ttf]/OT:script=latn;language=dflt;mapping=tex-text;!
Missing character: There is no γ (U+03B3) in font [/Users/johnwry/Library/Fonts
/IBMPlexSerif-Regular.ttf]/OT:script=latn;language=dflt;mapping=tex-text;!
Missing character: There is no ά (U+03AC) in font [/Users/johnwry/Library/Fonts
/IBMPlexSerif-Regular.ttf]/OT:script=latn;language=dflt;mapping=tex-text;!
Missing character: There is no η (U+03B7) in font [/Users/johnwry/Library/Fonts
/IBMPlexSerif-Regular.ttf]/OT:script=latn;language=dflt;mapping=tex-text;!
Missing character: There is no θ (U+03B8) in font [/Users/johnwry/Library/Fonts
/IBMPlexSerif-Regular.ttf]/OT:script=latn;language=dflt;mapping=tex-text;!
Missing character: There is no ε (U+03B5) in font [/Users/johnwry/Library/Fonts
/IBMPlexSerif-Regular.ttf]/OT:script=latn;language=dflt;mapping=tex-text;!
Missing character: There is no ό (U+03CC) in font [/Users/johnwry/Library/Fonts
/IBMPlexSerif-Regular.ttf]/OT:script=latn;language=dflt;mapping=tex-text;!
Missing character: There is no ς (U+03C2) in font [/Users/johnwry/Library/Fonts
/IBMPlexSerif-Regular.ttf]/OT:script=latn;language=dflt;mapping=tex-text;!
Missing character: There is no ἐ (U+1F10) in font [/Users/johnwry/Library/Fonts
/IBMPlexSerif-Regular.ttf]/OT:script=latn;language=dflt;mapping=tex-text;!
Missing character: There is no σ (U+03C3) in font [/Users/johnwry/Library/Fonts
/IBMPlexSerif-Regular.ttf]/OT:script=latn;language=dflt;mapping=tex-text;!
Missing character: There is no τ (U+03C4) in font [/Users/johnwry/Library/Fonts
/IBMPlexSerif-Regular.ttf]/OT:script=latn;language=dflt;mapping=tex-text;!
Missing character: There is no ί (U+03AF) in font [/Users/johnwry/Library/Fonts
/IBMPlexSerif-Regular.ttf]/OT:script=latn;language=dflt;mapping=tex-text;!
Missing character: There is no ν (U+03BD) in font [/Users/johnwry/Library/Fonts
/IBMPlexSerif-Regular.ttf]/OT:script=latn;language=dflt;mapping=tex-text;!
Missing character: There is no α (U+03B1) in font [/Users/johnwry/Library/Fonts
/IBMPlexSerif-Regular.ttf]/OT:script=latn;language=dflt;mapping=tex-text;!
Missing character: There is no Α (U+0391) in font [/Users/johnwry/Library/Fonts
/IBMPlexSerif-Regular.ttf]/OT:script=latn;language=dflt;mapping=tex-text;!
Missing character: There is no β (U+03B2) in font [/Users/johnwry/Library/Fonts
/IBMPlexSerif-Regular.ttf]/OT:script=latn;language=dflt;mapping=tex-text;!
Missing character: There is no Β (U+0392) in font [/Users/johnwry/Library/Fonts
/IBMPlexSerif-Regular.ttf]/OT:script=latn;language=dflt;mapping=tex-text;!
Missing character: There is no γ (U+03B3) in font [/Users/johnwry/Library/Fonts
/IBMPlexSerif-Regular.ttf]/OT:script=latn;language=dflt;mapping=tex-text;!
Missing character: There is no Γ (U+0393) in font [/Users/johnwry/Library/Fonts
/IBMPlexSerif-Regular.ttf]/OT:script=latn;language=dflt;mapping=tex-text;!
Missing character: There is no δ (U+03B4) in font [/Users/johnwry/Library/Fonts
/IBMPlexSerif-Regular.ttf]/OT:script=latn;language=dflt;mapping=tex-text;!
Missing character: There is no Δ (U+0394) in font [/Users/johnwry/Library/Fonts
/IBMPlexSerif-Regular.ttf]/OT:script=latn;language=dflt;mapping=tex-text;!
Missing character: There is no ε (U+03B5) in font [/Users/johnwry/Library/Fonts
/IBMPlexSerif-Regular.ttf]/OT:script=latn;language=dflt;mapping=tex-text;!
Missing character: There is no Ε (U+0395) in font [/Users/johnwry/Library/Fonts
/IBMPlexSerif-Regular.ttf]/OT:script=latn;language=dflt;mapping=tex-text;!
Missing character: There is no ζ (U+03B6) in font [/Users/johnwry/Library/Fonts
/IBMPlexSerif-Regular.ttf]/OT:script=latn;language=dflt;mapping=tex-text;!
Missing character: There is no Ζ (U+0396) in font [/Users/johnwry/Library/Fonts
/IBMPlexSerif-Regular.ttf]/OT:script=latn;language=dflt;mapping=tex-text;!
Missing character: There is no η (U+03B7) in font [/Users/johnwry/Library/Fonts
/IBMPlexSerif-Regular.ttf]/OT:script=latn;language=dflt;mapping=tex-text;!
Missing character: There is no Η (U+0397) in font [/Users/johnwry/Library/Fonts
/IBMPlexSerif-Regular.ttf]/OT:script=latn;language=dflt;mapping=tex-text;!
[9]
Missing character: There is no θ (U+03B8) in font [/Users/johnwry/Library/Fonts
/IBMPlexSerif-Regular.ttf]/OT:script=latn;language=dflt;mapping=tex-text;!
Missing character: There is no Θ (U+0398) in font [/Users/johnwry/Library/Fonts
/IBMPlexSerif-Regular.ttf]/OT:script=latn;language=dflt;mapping=tex-text;!
Missing character: There is no ι (U+03B9) in font [/Users/johnwry/Library/Fonts
/IBMPlexSerif-Regular.ttf]/OT:script=latn;language=dflt;mapping=tex-text;!
Missing character: There is no Ι (U+0399) in font [/Users/johnwry/Library/Fonts
/IBMPlexSerif-Regular.ttf]/OT:script=latn;language=dflt;mapping=tex-text;!
Missing character: There is no κ (U+03BA) in font [/Users/johnwry/Library/Fonts
/IBMPlexSerif-Regular.ttf]/OT:script=latn;language=dflt;mapping=tex-text;!
Missing character: There is no Κ (U+039A) in font [/Users/johnwry/Library/Fonts
/IBMPlexSerif-Regular.ttf]/OT:script=latn;language=dflt;mapping=tex-text;!
Missing character: There is no λ (U+03BB) in font [/Users/johnwry/Library/Fonts
/IBMPlexSerif-Regular.ttf]/OT:script=latn;language=dflt;mapping=tex-text;!
Missing character: There is no Λ (U+039B) in font [/Users/johnwry/Library/Fonts
/IBMPlexSerif-Regular.ttf]/OT:script=latn;language=dflt;mapping=tex-text;!
Missing character: There is no μ (U+03BC) in font [/Users/johnwry/Library/Fonts
/IBMPlexSerif-Regular.ttf]/OT:script=latn;language=dflt;mapping=tex-text;!
Missing character: There is no Μ (U+039C) in font [/Users/johnwry/Library/Fonts
/IBMPlexSerif-Regular.ttf]/OT:script=latn;language=dflt;mapping=tex-text;!
Missing character: There is no ν (U+03BD) in font [/Users/johnwry/Library/Fonts
/IBMPlexSerif-Regular.ttf]/OT:script=latn;language=dflt;mapping=tex-text;!
Missing character: There is no Ν (U+039D) in font [/Users/johnwry/Library/Fonts
/IBMPlexSerif-Regular.ttf]/OT:script=latn;language=dflt;mapping=tex-text;!
Missing character: There is no ξ (U+03BE) in font [/Users/johnwry/Library/Fonts
/IBMPlexSerif-Regular.ttf]/OT:script=latn;language=dflt;mapping=tex-text;!
Missing character: There is no Ξ (U+039E) in font [/Users/johnwry/Library/Fonts
/IBMPlexSerif-Regular.ttf]/OT:script=latn;language=dflt;mapping=tex-text;!
Missing character: There is no ο (U+03BF) in font [/Users/johnwry/Library/Fonts
/IBMPlexSerif-Regular.ttf]/OT:script=latn;language=dflt;mapping=tex-text;!
Missing character: There is no Ο (U+039F) in font [/Users/johnwry/Library/Fonts
/IBMPlexSerif-Regular.ttf]/OT:script=latn;language=dflt;mapping=tex-text;!
Missing character: There is no Π (U+03A0) in font [/Users/johnwry/Library/Fonts
/IBMPlexSerif-Regular.ttf]/OT:script=latn;language=dflt;mapping=tex-text;!
Missing character: There is no ρ (U+03C1) in font [/Users/johnwry/Library/Fonts
/IBMPlexSerif-Regular.ttf]/OT:script=latn;language=dflt;mapping=tex-text;!
Missing character: There is no Ρ (U+03A1) in font [/Users/johnwry/Library/Fonts
/IBMPlexSerif-Regular.ttf]/OT:script=latn;language=dflt;mapping=tex-text;!
Missing character: There is no σ (U+03C3) in font [/Users/johnwry/Library/Fonts
/IBMPlexSerif-Regular.ttf]/OT:script=latn;language=dflt;mapping=tex-text;!
Missing character: There is no ς (U+03C2) in font [/Users/johnwry/Library/Fonts
/IBMPlexSerif-Regular.ttf]/OT:script=latn;language=dflt;mapping=tex-text;!
Missing character: There is no Σ (U+03A3) in font [/Users/johnwry/Library/Fonts
/IBMPlexSerif-Regular.ttf]/OT:script=latn;language=dflt;mapping=tex-text;!
Missing character: There is no τ (U+03C4) in font [/Users/johnwry/Library/Fonts
/IBMPlexSerif-Regular.ttf]/OT:script=latn;language=dflt;mapping=tex-text;!
Missing character: There is no Τ (U+03A4) in font [/Users/johnwry/Library/Fonts
/IBMPlexSerif-Regular.ttf]/OT:script=latn;language=dflt;mapping=tex-text;!
Missing character: There is no υ (U+03C5) in font [/Users/johnwry/Library/Fonts
/IBMPlexSerif-Regular.ttf]/OT:script=latn;language=dflt;mapping=tex-text;!
Missing character: There is no Υ (U+03A5) in font [/Users/johnwry/Library/Fonts
/IBMPlexSerif-Regular.ttf]/OT:script=latn;language=dflt;mapping=tex-text;!
Missing character: There is no φ (U+03C6) in font [/Users/johnwry/Library/Fonts
/IBMPlexSerif-Regular.ttf]/OT:script=latn;language=dflt;mapping=tex-text;!
Missing character: There is no Φ (U+03A6) in font [/Users/johnwry/Library/Fonts
/IBMPlexSerif-Regular.ttf]/OT:script=latn;language=dflt;mapping=tex-text;!
Missing character: There is no χ (U+03C7) in font [/Users/johnwry/Library/Fonts
/IBMPlexSerif-Regular.ttf]/OT:script=latn;language=dflt;mapping=tex-text;!
Missing character: There is no Χ (U+03A7) in font [/Users/johnwry/Library/Fonts
/IBMPlexSerif-Regular.ttf]/OT:script=latn;language=dflt;mapping=tex-text;!
Missing character: There is no ψ (U+03C8) in font [/Users/johnwry/Library/Fonts
/IBMPlexSerif-Regular.ttf]/OT:script=latn;language=dflt;mapping=tex-text;!
Missing character: There is no Ψ (U+03A8) in font [/Users/johnwry/Library/Fonts
/IBMPlexSerif-Regular.ttf]/OT:script=latn;language=dflt;mapping=tex-text;!
Missing character: There is no ω (U+03C9) in font [/Users/johnwry/Library/Fonts
/IBMPlexSerif-Regular.ttf]/OT:script=latn;language=dflt;mapping=tex-text;!
Missing character: There is no Ω (U+03A9) in font [/Users/johnwry/Library/Fonts
/IBMPlexSerif-Regular.ttf]/OT:script=latn;language=dflt;mapping=tex-text;!
Missing character: There is no ρ (U+03C1) in font [/Users/johnwry/Library/Fonts
/IBMPlexSerif-Regular.ttf]/OT:script=latn;language=dflt;mapping=tex-text;!
Missing character: There is no ν (U+03BD) in font [/Users/johnwry/Library/Fonts
/IBMPlexSerif-Regular.ttf]/OT:script=latn;language=dflt;mapping=tex-text;!
Missing character: There is no η (U+03B7) in font [/Users/johnwry/Library/Fonts
/IBMPlexSerif-Regular.ttf]/OT:script=latn;language=dflt;mapping=tex-text;!
Missing character: There is no χ (U+03C7) in font [/Users/johnwry/Library/Fonts
/IBMPlexSerif-Regular.ttf]/OT:script=latn;language=dflt;mapping=tex-text;!
Missing character: There is no ς (U+03C2) in font [/Users/johnwry/Library/Fonts
/IBMPlexSerif-Regular.ttf]/OT:script=latn;language=dflt;mapping=tex-text;!
[10]
Missing character: There is no σ (U+03C3) in font [/Users/johnwry/Library/Fonts
/IBMPlexSerif-Regular.ttf]/OT:script=latn;language=dflt;mapping=tex-text;!
Missing character: There is no ς (U+03C2) in font [/Users/johnwry/Library/Fonts
/IBMPlexSerif-Regular.ttf]/OT:script=latn;language=dflt;mapping=tex-text;!
Missing character: There is no λ (U+03BB) in font [/Users/johnwry/Library/Fonts
/IBMPlexSerif-Regular.ttf]/OT:script=latn;language=dflt;mapping=tex-text;!
Missing character: There is no ό (U+03CC) in font [/Users/johnwry/Library/Fonts
/IBMPlexSerif-Regular.ttf]/OT:script=latn;language=dflt;mapping=tex-text;!
Missing character: There is no γ (U+03B3) in font [/Users/johnwry/Library/Fonts
/IBMPlexSerif-Regular.ttf]/OT:script=latn;language=dflt;mapping=tex-text;!
Missing character: There is no ο (U+03BF) in font [/Users/johnwry/Library/Fonts
/IBMPlexSerif-Regular.ttf]/OT:script=latn;language=dflt;mapping=tex-text;!
Missing character: There is no ς (U+03C2) in font [/Users/johnwry/Library/Fonts
/IBMPlexSerif-Regular.ttf]/OT:script=latn;language=dflt;mapping=tex-text;!
Missing character: There is no ς (U+03C2) in font [/Users/johnwry/Library/Fonts
/IBMPlexSerif-Regular.ttf]/OT:script=latn;language=dflt;mapping=tex-text;!


[11]
File: images/alfa.png Graphic file (type bmp)
<images/alfa.png>
File: images/beta.png Graphic file (type bmp)
<images/beta.png>
File: images/gamma.png Graphic file (type bmp)
<images/gamma.png>
File: images/delta.png Graphic file (type bmp)
<images/delta.png>
File: images/epsilon.png Graphic file (type bmp)
<images/epsilon.png>


[12]

[13]

[14]

[15]

[16]
File: images/zeta.png Graphic file (type bmp)
<images/zeta.png>
File: images/eta.png Graphic file (type bmp)
<images/eta.png>
File: images/theta.png Graphic file (type bmp)
<images/theta.png>
File: images/iota.png Graphic file (type bmp)
<images/iota.png>
File: images/kappa.png Graphic file (type bmp)
<images/kappa.png>
File: images/lambda.png Graphic file (type bmp)
<images/lambda.png>


[17]

[18]

[19]

[20]

[21]

[22]
File: images/mu.png Graphic file (type bmp)
<images/mu.png>
File: images/nu.png Graphic file (type bmp)
<images/nu.png>
File: images/xi.png Graphic file (type bmp)
<images/xi.png>
File: images/omicron.png Graphic file (type bmp)
<images/omicron.png>
File: images/pi.png Graphic file (type bmp)
<images/pi.png>
File: images/rho.png Graphic file (type bmp)
<images/rho.png>


[23]

[24]

[25]

[26]

[27]

[28]
File: images/sigma.png Graphic file (type bmp)
<images/sigma.png>
File: images/tau.png Graphic file (type bmp)
<images/tau.png>
File: images/upsilon.png Graphic file (type bmp)
<images/upsilon.png>
File: images/phi.png Graphic file (type bmp)
<images/phi.png>
File: images/chi.png Graphic file (type bmp)
<images/chi.png>
File: images/psi.png Graphic file (type bmp)
<images/psi.png>


[29]

[30]

[31]

[32]

[33]

[34]
File: images/omega.png Graphic file (type bmp)
<images/omega.png>

Missing character: There is no Κ (U+039A) in font [/Users/johnwry/Library/Fonts
/IBMPlexSerif-SemiBold.ttf]/OT:script=latn;language=dflt;mapping=tex-text;!
Missing character: There is no α (U+03B1) in font [/Users/johnwry/Library/Fonts
/IBMPlexSerif-SemiBold.ttf]/OT:script=latn;language=dflt;mapping=tex-text;!
Missing character: There is no ν (U+03BD) in font [/Users/johnwry/Library/Fonts
/IBMPlexSerif-SemiBold.ttf]/OT:script=latn;language=dflt;mapping=tex-text;!
Missing character: There is no τ (U+03C4) in font [/Users/johnwry/Library/Fonts
/IBMPlexSerif-SemiBold.ttf]/OT:script=latn;language=dflt;mapping=tex-text;!
Missing character: There is no ε (U+03B5) in font [/Users/johnwry/Library/Fonts
/IBMPlexSerif-SemiBold.ttf]/OT:script=latn;language=dflt;mapping=tex-text;!
Missing character: There is no μ (U+03BC) in font [/Users/johnwry/Library/Fonts
/IBMPlexSerif-SemiBold.ttf]/OT:script=latn;language=dflt;mapping=tex-text;!
Missing character: There is no ο (U+03BF) in font [/Users/johnwry/Library/Fonts
/IBMPlexSerif-SemiBold.ttf]/OT:script=latn;language=dflt;mapping=tex-text;!
Missing character: There is no ς (U+03C2) in font [/Users/johnwry/Library/Fonts
/IBMPlexSerif-SemiBold.ttf]/OT:script=latn;language=dflt;mapping=tex-text;!
Missing character: There is no λ (U+03BB) in font [/Users/johnwry/Library/Fonts
/IBMPlexSerif-SemiBold.ttf]/OT:script=latn;language=dflt;mapping=tex-text;!
Missing character: There is no α (U+03B1) in font [/Users/johnwry/Library/Fonts
/IBMPlexSerif-SemiBold.ttf]/OT:script=latn;language=dflt;mapping=tex-text;!
Missing character: There is no ς (U+03C2) in font [/Users/johnwry/Library/Fonts
/IBMPlexSerif-SemiBold.ttf]/OT:script=latn;language=dflt;mapping=tex-text;!
Missing character: There is no Λ (U+039B) in font [/Users/johnwry/Library/Fonts
/IBMPlexSerif-SemiBold.ttf]/OT:script=latn;language=dflt;mapping=tex-text;!
Missing character: There is no ε (U+03B5) in font [/Users/johnwry/Library/Fonts
/IBMPlexSerif-SemiBold.ttf]/OT:script=latn;language=dflt;mapping=tex-text;!
Missing character: There is no τ (U+03C4) in font [/Users/johnwry/Library/Fonts
/IBMPlexSerif-SemiBold.ttf]/OT:script=latn;language=dflt;mapping=tex-text;!
Missing character: There is no ρ (U+03C1) in font [/Users/johnwry/Library/Fonts
/IBMPlexSerif-SemiBold.ttf]/OT:script=latn;language=dflt;mapping=tex-text;!
Missing character: There is no α (U+03B1) in font [/Users/johnwry/Library/Fonts
/IBMPlexSerif-SemiBold.ttf]/OT:script=latn;language=dflt;mapping=tex-text;!
Missing character: There is no ς (U+03C2) in font [/Users/johnwry/Library/Fonts
/IBMPlexSerif-SemiBold.ttf]/OT:script=latn;language=dflt;mapping=tex-text;!
Missing character: There is no λ (U+03BB) in font [/Users/johnwry/Library/Fonts
/IBMPlexSerif-Regular.ttf]/OT:script=latn;language=dflt;mapping=tex-text;!
Missing character: There is no ό (U+03CC) in font [/Users/johnwry/Library/Fonts
/IBMPlexSerif-Regular.ttf]/OT:script=latn;language=dflt;mapping=tex-text;!
Missing character: There is no γ (U+03B3) in font [/Users/johnwry/Library/Fonts
/IBMPlexSerif-Regular.ttf]/OT:script=latn;language=dflt;mapping=tex-text;!
Missing character: There is no ο (U+03BF) in font [/Users/johnwry/Library/Fonts
/IBMPlexSerif-Regular.ttf]/OT:script=latn;language=dflt;mapping=tex-text;!
Missing character: There is no ς (U+03C2) in font [/Users/johnwry/Library/Fonts
/IBMPlexSerif-Regular.ttf]/OT:script=latn;language=dflt;mapping=tex-text;!
Missing character: There is no ἀ (U+1F00) in font [/Users/johnwry/Library/Fonts
/IBMPlexSerif-Regular.ttf]/OT:script=latn;language=dflt;mapping=tex-text;!
Missing character: There is no γ (U+03B3) in font [/Users/johnwry/Library/Fonts
/IBMPlexSerif-Regular.ttf]/OT:script=latn;language=dflt;mapping=tex-text;!
Missing character: There is no ά (U+03AC) in font [/Users/johnwry/Library/Fonts
/IBMPlexSerif-Regular.ttf]/OT:script=latn;language=dflt;mapping=tex-text;!
Missing character: There is no η (U+03B7) in font [/Users/johnwry/Library/Fonts
/IBMPlexSerif-Regular.ttf]/OT:script=latn;language=dflt;mapping=tex-text;!
Missing character: There is no θ (U+03B8) in font [/Users/johnwry/Library/Fonts
/IBMPlexSerif-Regular.ttf]/OT:script=latn;language=dflt;mapping=tex-text;!
Missing character: There is no ε (U+03B5) in font [/Users/johnwry/Library/Fonts
/IBMPlexSerif-Regular.ttf]/OT:script=latn;language=dflt;mapping=tex-text;!
Missing character: There is no ό (U+03CC) in font [/Users/johnwry/Library/Fonts
/IBMPlexSerif-Regular.ttf]/OT:script=latn;language=dflt;mapping=tex-text;!
Missing character: There is no ς (U+03C2) in font [/Users/johnwry/Library/Fonts
/IBMPlexSerif-Regular.ttf]/OT:script=latn;language=dflt;mapping=tex-text;!
Missing character: There is no ἁ (U+1F01) in font [/Users/johnwry/Library/Fonts
/IBMPlexSerif-Regular.ttf]/OT:script=latn;language=dflt;mapping=tex-text;!
Missing character: There is no μ (U+03BC) in font [/Users/johnwry/Library/Fonts
/IBMPlexSerif-Regular.ttf]/OT:script=latn;language=dflt;mapping=tex-text;!
Missing character: There is no α (U+03B1) in font [/Users/johnwry/Library/Fonts
/IBMPlexSerif-Regular.ttf]/OT:script=latn;language=dflt;mapping=tex-text;!
Missing character: There is no ρ (U+03C1) in font [/Users/johnwry/Library/Fonts
/IBMPlexSerif-Regular.ttf]/OT:script=latn;language=dflt;mapping=tex-text;!
Missing character: There is no τ (U+03C4) in font [/Users/johnwry/Library/Fonts
/IBMPlexSerif-Regular.ttf]/OT:script=latn;language=dflt;mapping=tex-text;!
Missing character: There is no ί (U+03AF) in font [/Users/johnwry/Library/Fonts
/IBMPlexSerif-Regular.ttf]/OT:script=latn;language=dflt;mapping=tex-text;!
Missing character: There is no α (U+03B1) in font [/Users/johnwry/Library/Fonts
/IBMPlexSerif-Regular.ttf]/OT:script=latn;language=dflt;mapping=tex-text;!
Missing character: There is no ἐ (U+1F10) in font [/Users/johnwry/Library/Fonts
/IBMPlexSerif-Regular.ttf]/OT:script=latn;language=dflt;mapping=tex-text;!
Missing character: There is no σ (U+03C3) in font [/Users/johnwry/Library/Fonts
/IBMPlexSerif-Regular.ttf]/OT:script=latn;language=dflt;mapping=tex-text;!
Missing character: There is no τ (U+03C4) in font [/Users/johnwry/Library/Fonts
/IBMPlexSerif-Regular.ttf]/OT:script=latn;language=dflt;mapping=tex-text;!
Missing character: There is no ί (U+03AF) in font [/Users/johnwry/Library/Fonts
/IBMPlexSerif-Regular.ttf]/OT:script=latn;language=dflt;mapping=tex-text;!
Missing character: There is no ν (U+03BD) in font [/Users/johnwry/Library/Fonts
/IBMPlexSerif-Regular.ttf]/OT:script=latn;language=dflt;mapping=tex-text;!


[35]
Overfull \hbox (6.06787pt too wide) in paragraph at lines 758--758
[]\TU/IBMPlexSerif(0)/m/n/10.95 Nota Importante: En este curso, el |   [] no se
rá un obstáculo. Será información estructurada.
 []

Missing character: There is no λ (U+03BB) in font [/Users/johnwry/Library/Fonts
/IBMPlexSerif-Regular.ttf]/OT:script=latn;language=dflt;mapping=tex-text;!
Missing character: There is no ό (U+03CC) in font [/Users/johnwry/Library/Fonts
/IBMPlexSerif-Regular.ttf]/OT:script=latn;language=dflt;mapping=tex-text;!
Missing character: There is no γ (U+03B3) in font [/Users/johnwry/Library/Fonts
/IBMPlexSerif-Regular.ttf]/OT:script=latn;language=dflt;mapping=tex-text;!
Missing character: There is no ο (U+03BF) in font [/Users/johnwry/Library/Fonts
/IBMPlexSerif-Regular.ttf]/OT:script=latn;language=dflt;mapping=tex-text;!
Missing character: There is no ς (U+03C2) in font [/Users/johnwry/Library/Fonts
/IBMPlexSerif-Regular.ttf]/OT:script=latn;language=dflt;mapping=tex-text;!

Overfull \hbox (16.35332pt too wide) in paragraph at lines 786--786
 []\TU/IBMPlexSerif(0)/m/n/10.95 Ese número permite buscar |   [] las veces que
 esa palabra aparece en el Nuevo Testamento.
 []



[36]

[37]

[38]

[39]
Missing character: There is no λ (U+03BB) in font [/Users/johnwry/Library/Fonts
/IBMPlexSerif-SemiBold.ttf]/OT:script=latn;language=dflt;mapping=tex-text;!
Missing character: There is no ό (U+03CC) in font [/Users/johnwry/Library/Fonts
/IBMPlexSerif-SemiBold.ttf]/OT:script=latn;language=dflt;mapping=tex-text;!
Missing character: There is no γ (U+03B3) in font [/Users/johnwry/Library/Fonts
/IBMPlexSerif-SemiBold.ttf]/OT:script=latn;language=dflt;mapping=tex-text;!
Missing character: There is no ο (U+03BF) in font [/Users/johnwry/Library/Fonts
/IBMPlexSerif-SemiBold.ttf]/OT:script=latn;language=dflt;mapping=tex-text;!
Missing character: There is no ς (U+03C2) in font [/Users/johnwry/Library/Fonts
/IBMPlexSerif-SemiBold.ttf]/OT:script=latn;language=dflt;mapping=tex-text;!
Missing character: There is no λ (U+03BB) in font [/Users/johnwry/Library/Fonts
/IBMPlexSerif-Regular.ttf]/OT:script=latn;language=dflt;mapping=tex-text;!
Missing character: There is no ό (U+03CC) in font [/Users/johnwry/Library/Fonts
/IBMPlexSerif-Regular.ttf]/OT:script=latn;language=dflt;mapping=tex-text;!
Missing character: There is no γ (U+03B3) in font [/Users/johnwry/Library/Fonts
/IBMPlexSerif-Regular.ttf]/OT:script=latn;language=dflt;mapping=tex-text;!
Missing character: There is no ο (U+03BF) in font [/Users/johnwry/Library/Fonts
/IBMPlexSerif-Regular.ttf]/OT:script=latn;language=dflt;mapping=tex-text;!
Missing character: There is no ς (U+03C2) in font [/Users/johnwry/Library/Fonts
/IBMPlexSerif-Regular.ttf]/OT:script=latn;language=dflt;mapping=tex-text;!
Missing character: There is no λ (U+03BB) in font [/Users/johnwry/Library/Fonts
/IBMPlexSerif-Regular.ttf]/OT:script=latn;language=dflt;mapping=tex-text;!
Missing character: There is no ό (U+03CC) in font [/Users/johnwry/Library/Fonts
/IBMPlexSerif-Regular.ttf]/OT:script=latn;language=dflt;mapping=tex-text;!
Missing character: There is no γ (U+03B3) in font [/Users/johnwry/Library/Fonts
/IBMPlexSerif-Regular.ttf]/OT:script=latn;language=dflt;mapping=tex-text;!
Missing character: There is no ο (U+03BF) in font [/Users/johnwry/Library/Fonts
/IBMPlexSerif-Regular.ttf]/OT:script=latn;language=dflt;mapping=tex-text;!
Missing character: There is no υ (U+03C5) in font [/Users/johnwry/Library/Fonts
/IBMPlexSerif-Regular.ttf]/OT:script=latn;language=dflt;mapping=tex-text;!
Missing character: There is no λ (U+03BB) in font [/Users/johnwry/Library/Fonts
/IBMPlexSerif-Regular.ttf]/OT:script=latn;language=dflt;mapping=tex-text;!
Missing character: There is no ό (U+03CC) in font [/Users/johnwry/Library/Fonts
/IBMPlexSerif-Regular.ttf]/OT:script=latn;language=dflt;mapping=tex-text;!
Missing character: There is no γ (U+03B3) in font [/Users/johnwry/Library/Fonts
/IBMPlexSerif-Regular.ttf]/OT:script=latn;language=dflt;mapping=tex-text;!
Missing character: There is no ο (U+03BF) in font [/Users/johnwry/Library/Fonts
/IBMPlexSerif-Regular.ttf]/OT:script=latn;language=dflt;mapping=tex-text;!
Missing character: There is no ν (U+03BD) in font [/Users/johnwry/Library/Fonts
/IBMPlexSerif-Regular.ttf]/OT:script=latn;language=dflt;mapping=tex-text;!
Missing character: There is no λ (U+03BB) in font [/Users/johnwry/Library/Fonts
/IBMPlexSerif-Regular.ttf]/OT:script=latn;language=dflt;mapping=tex-text;!
Missing character: There is no ό (U+03CC) in font [/Users/johnwry/Library/Fonts
/IBMPlexSerif-Regular.ttf]/OT:script=latn;language=dflt;mapping=tex-text;!
Missing character: There is no γ (U+03B3) in font [/Users/johnwry/Library/Fonts
/IBMPlexSerif-Regular.ttf]/OT:script=latn;language=dflt;mapping=tex-text;!
Missing character: There is no ο (U+03BF) in font [/Users/johnwry/Library/Fonts
/IBMPlexSerif-Regular.ttf]/OT:script=latn;language=dflt;mapping=tex-text;!
Missing character: There is no ι (U+03B9) in font [/Users/johnwry/Library/Fonts
/IBMPlexSerif-Regular.ttf]/OT:script=latn;language=dflt;mapping=tex-text;!
Missing character: There is no λ (U+03BB) in font [/Users/johnwry/Library/Fonts
/IBMPlexSerif-Regular.ttf]/OT:script=latn;language=dflt;mapping=tex-text;!
Missing character: There is no ό (U+03CC) in font [/Users/johnwry/Library/Fonts
/IBMPlexSerif-Regular.ttf]/OT:script=latn;language=dflt;mapping=tex-text;!
Missing character: There is no γ (U+03B3) in font [/Users/johnwry/Library/Fonts
/IBMPlexSerif-Regular.ttf]/OT:script=latn;language=dflt;mapping=tex-text;!
Missing character: There is no ο (U+03BF) in font [/Users/johnwry/Library/Fonts
/IBMPlexSerif-Regular.ttf]/OT:script=latn;language=dflt;mapping=tex-text;!
Missing character: There is no υ (U+03C5) in font [/Users/johnwry/Library/Fonts
/IBMPlexSerif-Regular.ttf]/OT:script=latn;language=dflt;mapping=tex-text;!
Missing character: There is no ς (U+03C2) in font [/Users/johnwry/Library/Fonts
/IBMPlexSerif-Regular.ttf]/OT:script=latn;language=dflt;mapping=tex-text;!

Overfull \hbox (1.75801pt too wide) in paragraph at lines 981--981
 []\TU/IBMPlexSerif(0)/m/n/10.95 Pero en el Nuevo Testamento puede aparecer com
o: λόγος, λόγου, λόγον, λόγοι, λόγους. Todas
 []

Missing character: There is no λ (U+03BB) in font [/Users/johnwry/Library/Fonts
/IBMPlexSerif-SemiBold.ttf]/OT:script=latn;language=dflt;mapping=tex-text;!
Missing character: There is no ό (U+03CC) in font [/Users/johnwry/Library/Fonts
/IBMPlexSerif-SemiBold.ttf]/OT:script=latn;language=dflt;mapping=tex-text;!
Missing character: There is no γ (U+03B3) in font [/Users/johnwry/Library/Fonts
/IBMPlexSerif-SemiBold.ttf]/OT:script=latn;language=dflt;mapping=tex-text;!
Missing character: There is no ο (U+03BF) in font [/Users/johnwry/Library/Fonts
/IBMPlexSerif-SemiBold.ttf]/OT:script=latn;language=dflt;mapping=tex-text;!
Missing character: There is no ς (U+03C2) in font [/Users/johnwry/Library/Fonts
/IBMPlexSerif-SemiBold.ttf]/OT:script=latn;language=dflt;mapping=tex-text;!


[40]
Missing character: There is no λ (U+03BB) in font [/Users/johnwry/Library/Fonts
/IBMPlexSerif-Regular.ttf]/OT:script=latn;language=dflt;mapping=tex-text;!
Missing character: There is no ό (U+03CC) in font [/Users/johnwry/Library/Fonts
/IBMPlexSerif-Regular.ttf]/OT:script=latn;language=dflt;mapping=tex-text;!
Missing character: There is no γ (U+03B3) in font [/Users/johnwry/Library/Fonts
/IBMPlexSerif-Regular.ttf]/OT:script=latn;language=dflt;mapping=tex-text;!
Missing character: There is no ο (U+03BF) in font [/Users/johnwry/Library/Fonts
/IBMPlexSerif-Regular.ttf]/OT:script=latn;language=dflt;mapping=tex-text;!
Missing character: There is no ν (U+03BD) in font [/Users/johnwry/Library/Fonts
/IBMPlexSerif-Regular.ttf]/OT:script=latn;language=dflt;mapping=tex-text;!
Missing character: There is no λ (U+03BB) in font [/Users/johnwry/Library/Fonts
/IBMPlexSerif-Regular.ttf]/OT:script=latn;language=dflt;mapping=tex-text;!
Missing character: There is no ό (U+03CC) in font [/Users/johnwry/Library/Fonts
/IBMPlexSerif-Regular.ttf]/OT:script=latn;language=dflt;mapping=tex-text;!
Missing character: There is no γ (U+03B3) in font [/Users/johnwry/Library/Fonts
/IBMPlexSerif-Regular.ttf]/OT:script=latn;language=dflt;mapping=tex-text;!
Missing character: There is no ο (U+03BF) in font [/Users/johnwry/Library/Fonts
/IBMPlexSerif-Regular.ttf]/OT:script=latn;language=dflt;mapping=tex-text;!
Missing character: There is no ν (U+03BD) in font [/Users/johnwry/Library/Fonts
/IBMPlexSerif-Regular.ttf]/OT:script=latn;language=dflt;mapping=tex-text;!
Missing character: There is no λ (U+03BB) in font [/Users/johnwry/Library/Fonts
/IBMPlexSerif-SemiBold.ttf]/OT:script=latn;language=dflt;mapping=tex-text;!
Missing character: There is no ό (U+03CC) in font [/Users/johnwry/Library/Fonts
/IBMPlexSerif-SemiBold.ttf]/OT:script=latn;language=dflt;mapping=tex-text;!
Missing character: There is no γ (U+03B3) in font [/Users/johnwry/Library/Fonts
/IBMPlexSerif-SemiBold.ttf]/OT:script=latn;language=dflt;mapping=tex-text;!
Missing character: There is no ο (U+03BF) in font [/Users/johnwry/Library/Fonts
/IBMPlexSerif-SemiBold.ttf]/OT:script=latn;language=dflt;mapping=tex-text;!
Missing character: There is no ς (U+03C2) in font [/Users/johnwry/Library/Fonts
/IBMPlexSerif-SemiBold.ttf]/OT:script=latn;language=dflt;mapping=tex-text;!

Overfull \hbox (6.59567pt too wide) in paragraph at lines 989--989
\TU/IBMPlexSerif(0)/m/n/10.95 básico se estudia a nivel de lema. Pero la funció
n en el versículo depende de la forma específica.[] 
 []



[41]
Missing character: There is no λ (U+03BB) in font [/Users/johnwry/Library/Fonts
/IBMPlexSerif-SemiBold.ttf]/OT:script=latn;language=dflt;mapping=tex-text;!
Missing character: There is no ό (U+03CC) in font [/Users/johnwry/Library/Fonts
/IBMPlexSerif-SemiBold.ttf]/OT:script=latn;language=dflt;mapping=tex-text;!
Missing character: There is no γ (U+03B3) in font [/Users/johnwry/Library/Fonts
/IBMPlexSerif-SemiBold.ttf]/OT:script=latn;language=dflt;mapping=tex-text;!
Missing character: There is no ο (U+03BF) in font [/Users/johnwry/Library/Fonts
/IBMPlexSerif-SemiBold.ttf]/OT:script=latn;language=dflt;mapping=tex-text;!
Missing character: There is no ς (U+03C2) in font [/Users/johnwry/Library/Fonts
/IBMPlexSerif-SemiBold.ttf]/OT:script=latn;language=dflt;mapping=tex-text;!
Missing character: There is no λ (U+03BB) in font [/Users/johnwry/Library/Fonts
/IBMPlexSerif-SemiBold.ttf]/OT:script=latn;language=dflt;mapping=tex-text;!
Missing character: There is no έ (U+03AD) in font [/Users/johnwry/Library/Fonts
/IBMPlexSerif-SemiBold.ttf]/OT:script=latn;language=dflt;mapping=tex-text;!
Missing character: There is no γ (U+03B3) in font [/Users/johnwry/Library/Fonts
/IBMPlexSerif-SemiBold.ttf]/OT:script=latn;language=dflt;mapping=tex-text;!
Missing character: There is no ε (U+03B5) in font [/Users/johnwry/Library/Fonts
/IBMPlexSerif-SemiBold.ttf]/OT:script=latn;language=dflt;mapping=tex-text;!
Missing character: There is no ι (U+03B9) in font [/Users/johnwry/Library/Fonts
/IBMPlexSerif-SemiBold.ttf]/OT:script=latn;language=dflt;mapping=tex-text;!


[42]
Overfull \hbox (29.1505pt too wide) in paragraph at lines 1075--1075
 []\TU/IBMPlexSerif(0)/m/n/10.95 La reacción común es: “Esto es demasiado técni
co.” Pero en realidad, estás viendo información
 []

Missing character: There is no λ (U+03BB) in font [/Users/johnwry/Library/Fonts
/IBMPlexSerif-Regular.ttf]/OT:script=latn;language=dflt;mapping=tex-text;!
Missing character: There is no ό (U+03CC) in font [/Users/johnwry/Library/Fonts
/IBMPlexSerif-Regular.ttf]/OT:script=latn;language=dflt;mapping=tex-text;!
Missing character: There is no γ (U+03B3) in font [/Users/johnwry/Library/Fonts
/IBMPlexSerif-Regular.ttf]/OT:script=latn;language=dflt;mapping=tex-text;!
Missing character: There is no ο (U+03BF) in font [/Users/johnwry/Library/Fonts
/IBMPlexSerif-Regular.ttf]/OT:script=latn;language=dflt;mapping=tex-text;!
Missing character: There is no ς (U+03C2) in font [/Users/johnwry/Library/Fonts
/IBMPlexSerif-Regular.ttf]/OT:script=latn;language=dflt;mapping=tex-text;!


[43]
Missing character: There is no λ (U+03BB) in font [/Users/johnwry/Library/Fonts
/IBMPlexSerif-Regular.ttf]/OT:script=latn;language=dflt;mapping=tex-text;!
Missing character: There is no ό (U+03CC) in font [/Users/johnwry/Library/Fonts
/IBMPlexSerif-Regular.ttf]/OT:script=latn;language=dflt;mapping=tex-text;!
Missing character: There is no γ (U+03B3) in font [/Users/johnwry/Library/Fonts
/IBMPlexSerif-Regular.ttf]/OT:script=latn;language=dflt;mapping=tex-text;!
Missing character: There is no ο (U+03BF) in font [/Users/johnwry/Library/Fonts
/IBMPlexSerif-Regular.ttf]/OT:script=latn;language=dflt;mapping=tex-text;!
Missing character: There is no ν (U+03BD) in font [/Users/johnwry/Library/Fonts
/IBMPlexSerif-Regular.ttf]/OT:script=latn;language=dflt;mapping=tex-text;!
Missing character: There is no λ (U+03BB) in font [/Users/johnwry/Library/Fonts
/IBMPlexSerif-Regular.ttf]/OT:script=latn;language=dflt;mapping=tex-text;!
Missing character: There is no ό (U+03CC) in font [/Users/johnwry/Library/Fonts
/IBMPlexSerif-Regular.ttf]/OT:script=latn;language=dflt;mapping=tex-text;!
Missing character: There is no γ (U+03B3) in font [/Users/johnwry/Library/Fonts
/IBMPlexSerif-Regular.ttf]/OT:script=latn;language=dflt;mapping=tex-text;!
Missing character: There is no ο (U+03BF) in font [/Users/johnwry/Library/Fonts
/IBMPlexSerif-Regular.ttf]/OT:script=latn;language=dflt;mapping=tex-text;!
Missing character: There is no ς (U+03C2) in font [/Users/johnwry/Library/Fonts
/IBMPlexSerif-Regular.ttf]/OT:script=latn;language=dflt;mapping=tex-text;!
Missing character: There is no λ (U+03BB) in font [/Users/johnwry/Library/Fonts
/IBMPlexSerif-Regular.ttf]/OT:script=latn;language=dflt;mapping=tex-text;!
Missing character: There is no ό (U+03CC) in font [/Users/johnwry/Library/Fonts
/IBMPlexSerif-Regular.ttf]/OT:script=latn;language=dflt;mapping=tex-text;!
Missing character: There is no γ (U+03B3) in font [/Users/johnwry/Library/Fonts
/IBMPlexSerif-Regular.ttf]/OT:script=latn;language=dflt;mapping=tex-text;!
Missing character: There is no ο (U+03BF) in font [/Users/johnwry/Library/Fonts
/IBMPlexSerif-Regular.ttf]/OT:script=latn;language=dflt;mapping=tex-text;!
Missing character: There is no ν (U+03BD) in font [/Users/johnwry/Library/Fonts
/IBMPlexSerif-Regular.ttf]/OT:script=latn;language=dflt;mapping=tex-text;!
Missing character: There is no λ (U+03BB) in font [/Users/johnwry/Library/Fonts
/IBMPlexSerif-Regular.ttf]/OT:script=latn;language=dflt;mapping=tex-text;!
Missing character: There is no έ (U+03AD) in font [/Users/johnwry/Library/Fonts
/IBMPlexSerif-Regular.ttf]/OT:script=latn;language=dflt;mapping=tex-text;!
Missing character: There is no γ (U+03B3) in font [/Users/johnwry/Library/Fonts
/IBMPlexSerif-Regular.ttf]/OT:script=latn;language=dflt;mapping=tex-text;!
Missing character: There is no ε (U+03B5) in font [/Users/johnwry/Library/Fonts
/IBMPlexSerif-Regular.ttf]/OT:script=latn;language=dflt;mapping=tex-text;!
Missing character: There is no ι (U+03B9) in font [/Users/johnwry/Library/Fonts
/IBMPlexSerif-Regular.ttf]/OT:script=latn;language=dflt;mapping=tex-text;!


[44]

[45]
Missing character: There is no ἦ (U+1F26) in font [/Users/johnwry/Library/Fonts
/IBMPlexSerif-Regular.ttf]/OT:script=latn;language=dflt;mapping=tex-text;!
Missing character: There is no ν (U+03BD) in font [/Users/johnwry/Library/Fonts
/IBMPlexSerif-Regular.ttf]/OT:script=latn;language=dflt;mapping=tex-text;!
Missing character: There is no Θ (U+0398) in font [/Users/johnwry/Library/Fonts
/IBMPlexSerif-Regular.ttf]/OT:script=latn;language=dflt;mapping=tex-text;!
Missing character: There is no ε (U+03B5) in font [/Users/johnwry/Library/Fonts
/IBMPlexSerif-Regular.ttf]/OT:script=latn;language=dflt;mapping=tex-text;!
Missing character: There is no ὸ (U+1F78) in font [/Users/johnwry/Library/Fonts
/IBMPlexSerif-Regular.ttf]/OT:script=latn;language=dflt;mapping=tex-text;!
Missing character: There is no ς (U+03C2) in font [/Users/johnwry/Library/Fonts
/IBMPlexSerif-Regular.ttf]/OT:script=latn;language=dflt;mapping=tex-text;!


[46]

[47]

[48]
Overfull \hbox (4.16135pt too wide) in paragraph at lines 1431--1431
 []\TU/IBMPlexSerif(0)/m/n/10.95 Di mejor: “El verbo está en aoristo, lo cual d
escribe la acción como un todo; ahora debemos
 []



[49]

[50]
Missing character: There is no ὁ (U+1F41) in font [/Users/johnwry/Library/Fonts
/IBMPlexSerif-Regular.ttf]/OT:script=latn;language=dflt;mapping=tex-text;!
Missing character: There is no λ (U+03BB) in font [/Users/johnwry/Library/Fonts
/IBMPlexSerif-Regular.ttf]/OT:script=latn;language=dflt;mapping=tex-text;!
Missing character: There is no ό (U+03CC) in font [/Users/johnwry/Library/Fonts
/IBMPlexSerif-Regular.ttf]/OT:script=latn;language=dflt;mapping=tex-text;!
Missing character: There is no γ (U+03B3) in font [/Users/johnwry/Library/Fonts
/IBMPlexSerif-Regular.ttf]/OT:script=latn;language=dflt;mapping=tex-text;!
Missing character: There is no ο (U+03BF) in font [/Users/johnwry/Library/Fonts
/IBMPlexSerif-Regular.ttf]/OT:script=latn;language=dflt;mapping=tex-text;!
Missing character: There is no ς (U+03C2) in font [/Users/johnwry/Library/Fonts
/IBMPlexSerif-Regular.ttf]/OT:script=latn;language=dflt;mapping=tex-text;!
Missing character: There is no ἦ (U+1F26) in font [/Users/johnwry/Library/Fonts
/IBMPlexSerif-Regular.ttf]/OT:script=latn;language=dflt;mapping=tex-text;!
Missing character: There is no ν (U+03BD) in font [/Users/johnwry/Library/Fonts
/IBMPlexSerif-Regular.ttf]/OT:script=latn;language=dflt;mapping=tex-text;!
Missing character: There is no ρ (U+03C1) in font [/Users/johnwry/Library/Fonts
/IBMPlexSerif-Regular.ttf]/OT:script=latn;language=dflt;mapping=tex-text;!
Missing character: There is no ὸ (U+1F78) in font [/Users/johnwry/Library/Fonts
/IBMPlexSerif-Regular.ttf]/OT:script=latn;language=dflt;mapping=tex-text;!
Missing character: There is no ς (U+03C2) in font [/Users/johnwry/Library/Fonts
/IBMPlexSerif-Regular.ttf]/OT:script=latn;language=dflt;mapping=tex-text;!
Missing character: There is no τ (U+03C4) in font [/Users/johnwry/Library/Fonts
/IBMPlexSerif-Regular.ttf]/OT:script=latn;language=dflt;mapping=tex-text;!
Missing character: There is no ὸ (U+1F78) in font [/Users/johnwry/Library/Fonts
/IBMPlexSerif-Regular.ttf]/OT:script=latn;language=dflt;mapping=tex-text;!
Missing character: There is no ν (U+03BD) in font [/Users/johnwry/Library/Fonts
/IBMPlexSerif-Regular.ttf]/OT:script=latn;language=dflt;mapping=tex-text;!
Missing character: There is no θ (U+03B8) in font [/Users/johnwry/Library/Fonts
/IBMPlexSerif-Regular.ttf]/OT:script=latn;language=dflt;mapping=tex-text;!
Missing character: There is no ε (U+03B5) in font [/Users/johnwry/Library/Fonts
/IBMPlexSerif-Regular.ttf]/OT:script=latn;language=dflt;mapping=tex-text;!
Missing character: There is no ό (U+03CC) in font [/Users/johnwry/Library/Fonts
/IBMPlexSerif-Regular.ttf]/OT:script=latn;language=dflt;mapping=tex-text;!
Missing character: There is no ν (U+03BD) in font [/Users/johnwry/Library/Fonts
/IBMPlexSerif-Regular.ttf]/OT:script=latn;language=dflt;mapping=tex-text;!
Missing character: There is no ὁ (U+1F41) in font [/Users/johnwry/Library/Fonts
/IBMPlexSerif-Regular.ttf]/OT:script=latn;language=dflt;mapping=tex-text;!
Missing character: There is no λ (U+03BB) in font [/Users/johnwry/Library/Fonts
/IBMPlexSerif-Regular.ttf]/OT:script=latn;language=dflt;mapping=tex-text;!
Missing character: There is no ό (U+03CC) in font [/Users/johnwry/Library/Fonts
/IBMPlexSerif-Regular.ttf]/OT:script=latn;language=dflt;mapping=tex-text;!
Missing character: There is no γ (U+03B3) in font [/Users/johnwry/Library/Fonts
/IBMPlexSerif-Regular.ttf]/OT:script=latn;language=dflt;mapping=tex-text;!
Missing character: There is no ο (U+03BF) in font [/Users/johnwry/Library/Fonts
/IBMPlexSerif-Regular.ttf]/OT:script=latn;language=dflt;mapping=tex-text;!
Missing character: There is no ς (U+03C2) in font [/Users/johnwry/Library/Fonts
/IBMPlexSerif-Regular.ttf]/OT:script=latn;language=dflt;mapping=tex-text;!


[51]
Missing character: There is no β (U+03B2) in font [/Users/johnwry/Library/Fonts
/IBMPlexSerif-Regular.ttf]/OT:script=latn;language=dflt;mapping=tex-text;!
Missing character: There is no λ (U+03BB) in font [/Users/johnwry/Library/Fonts
/IBMPlexSerif-Regular.ttf]/OT:script=latn;language=dflt;mapping=tex-text;!
Missing character: There is no έ (U+03AD) in font [/Users/johnwry/Library/Fonts
/IBMPlexSerif-Regular.ttf]/OT:script=latn;language=dflt;mapping=tex-text;!
Missing character: There is no ε (U+03B5) in font [/Users/johnwry/Library/Fonts
/IBMPlexSerif-Regular.ttf]/OT:script=latn;language=dflt;mapping=tex-text;!
Missing character: There is no ι (U+03B9) in font [/Users/johnwry/Library/Fonts
/IBMPlexSerif-Regular.ttf]/OT:script=latn;language=dflt;mapping=tex-text;!
Missing character: There is no τ (U+03C4) in font [/Users/johnwry/Library/Fonts
/IBMPlexSerif-Regular.ttf]/OT:script=latn;language=dflt;mapping=tex-text;!
Missing character: There is no ὸ (U+1F78) in font [/Users/johnwry/Library/Fonts
/IBMPlexSerif-Regular.ttf]/OT:script=latn;language=dflt;mapping=tex-text;!
Missing character: There is no ν (U+03BD) in font [/Users/johnwry/Library/Fonts
/IBMPlexSerif-Regular.ttf]/OT:script=latn;language=dflt;mapping=tex-text;!
Missing character: There is no ἄ (U+1F04) in font [/Users/johnwry/Library/Fonts
/IBMPlexSerif-Regular.ttf]/OT:script=latn;language=dflt;mapping=tex-text;!
Missing character: There is no ν (U+03BD) in font [/Users/johnwry/Library/Fonts
/IBMPlexSerif-Regular.ttf]/OT:script=latn;language=dflt;mapping=tex-text;!
Missing character: There is no θ (U+03B8) in font [/Users/johnwry/Library/Fonts
/IBMPlexSerif-Regular.ttf]/OT:script=latn;language=dflt;mapping=tex-text;!
Missing character: There is no ρ (U+03C1) in font [/Users/johnwry/Library/Fonts
/IBMPlexSerif-Regular.ttf]/OT:script=latn;language=dflt;mapping=tex-text;!
Missing character: There is no ω (U+03C9) in font [/Users/johnwry/Library/Fonts
/IBMPlexSerif-Regular.ttf]/OT:script=latn;language=dflt;mapping=tex-text;!
Missing character: There is no ο (U+03BF) in font [/Users/johnwry/Library/Fonts
/IBMPlexSerif-Regular.ttf]/OT:script=latn;language=dflt;mapping=tex-text;!
Missing character: There is no ν (U+03BD) in font [/Users/johnwry/Library/Fonts
/IBMPlexSerif-Regular.ttf]/OT:script=latn;language=dflt;mapping=tex-text;!
Missing character: There is no λ (U+03BB) in font [/Users/johnwry/Library/Fonts
/IBMPlexSerif-Regular.ttf]/OT:script=latn;language=dflt;mapping=tex-text;!
Missing character: There is no ό (U+03CC) in font [/Users/johnwry/Library/Fonts
/IBMPlexSerif-Regular.ttf]/OT:script=latn;language=dflt;mapping=tex-text;!
Missing character: There is no γ (U+03B3) in font [/Users/johnwry/Library/Fonts
/IBMPlexSerif-Regular.ttf]/OT:script=latn;language=dflt;mapping=tex-text;!
Missing character: There is no ο (U+03BF) in font [/Users/johnwry/Library/Fonts
/IBMPlexSerif-Regular.ttf]/OT:script=latn;language=dflt;mapping=tex-text;!
Missing character: There is no ς (U+03C2) in font [/Users/johnwry/Library/Fonts
/IBMPlexSerif-Regular.ttf]/OT:script=latn;language=dflt;mapping=tex-text;!
Missing character: There is no θ (U+03B8) in font [/Users/johnwry/Library/Fonts
/IBMPlexSerif-Regular.ttf]/OT:script=latn;language=dflt;mapping=tex-text;!
Missing character: There is no ε (U+03B5) in font [/Users/johnwry/Library/Fonts
/IBMPlexSerif-Regular.ttf]/OT:script=latn;language=dflt;mapping=tex-text;!
Missing character: There is no ο (U+03BF) in font [/Users/johnwry/Library/Fonts
/IBMPlexSerif-Regular.ttf]/OT:script=latn;language=dflt;mapping=tex-text;!
Missing character: There is no ῦ (U+1FE6) in font [/Users/johnwry/Library/Fonts
/IBMPlexSerif-Regular.ttf]/OT:script=latn;language=dflt;mapping=tex-text;!


[52]
Overfull \hbox (18.4764pt too wide) in paragraph at lines 1608--1608
 []\TU/IBMPlexSerif(0)/m/n/10.95 Eso es información estructural. No significa a
utomáticamente “Este es un genitivo subjetivo”
 []



[53]
Missing character: There is no Θ (U+0398) in font [/Users/johnwry/Library/Fonts
/IBMPlexSerif-Regular.ttf]/OT:script=latn;language=dflt;mapping=tex-text;!
Missing character: There is no ε (U+03B5) in font [/Users/johnwry/Library/Fonts
/IBMPlexSerif-Regular.ttf]/OT:script=latn;language=dflt;mapping=tex-text;!
Missing character: There is no ό (U+03CC) in font [/Users/johnwry/Library/Fonts
/IBMPlexSerif-Regular.ttf]/OT:script=latn;language=dflt;mapping=tex-text;!
Missing character: There is no ς (U+03C2) in font [/Users/johnwry/Library/Fonts
/IBMPlexSerif-Regular.ttf]/OT:script=latn;language=dflt;mapping=tex-text;!

Overfull \hbox (2.60376pt too wide) in paragraph at lines 1673--1675
[]\TU/IBMPlexSerif(0)/m/n/10.95 Un léxico no: - Interpreta tu versículo - Decid
e automáticamente qué significa la palabra
 []



[54]

[55]
Overfull \hbox (37.12788pt too wide) in paragraph at lines 1776--1776
 []\TU/IBMPlexSerif(0)/m/n/10.95 Nunca combines todas las definiciones posibles
 en un solo versículo. Eso se llama “transferencia
 []


Overfull \hbox (1.26703pt too wide) in paragraph at lines 1778--1778
 []\TU/IBMPlexSerif(0)/m/n/10.95 Ejemplo incorrecto: “Esta palabra puede signif
icar A, B y C, entonces aquí significa A+B+C
 []



[56]

[57]
Overfull \hbox (14.76318pt too wide) in paragraph at lines 1846--1846
 []\TU/IBMPlexSerif(0)/m/n/10.95 Este capítulo es intencionalmente directo. El 
griego no es un juguete. No es una herramienta
 []



[58]

[59]

[60]

[61]

[62]

[63]

[64]
Overfull \hbox (0.68427pt too wide) in paragraph at lines 2197--2197
[]\TU/IBMPlexSerif(0)/m/n/10.95 No sabes hablar griego. Pero sabes usarlo respo
nsablemente. Y eso es exactamente el objetivo
 []



[65]

[66]

[67]

Package longtable Warning: Column widths have changed
(longtable)                in none 7 on input line 2376.



[68]
Overfull \hbox (1.48566pt too wide) in paragraph at lines 2438--2439
[]\TU/IBMPlexSerif(0)/m/n/10.95 El idioma original no complica innecesariamente
. Aclara cuando se usa correctamente. 
 []



[69]

Package longtable Warning: Table widths have changed. Rerun LaTeX.



[70] (./teacher_manual.aux)
 ***********
LaTeX2e <2024-11-01> patch level 2
L3 programming layer <2025-01-18>
 ***********


LaTeX Warning: Label(s) may have changed. Rerun to get cross-references right.


Package rerunfilecheck Warning: File `teacher_manual.out' has changed.
(rerunfilecheck)                Rerun to get outlines right
(rerunfilecheck)                or use package `bookmark'.

Package rerunfilecheck Info: Checksums for `teacher_manual.out':
(rerunfilecheck)             Before: 213740E76E830D46319A7345207CE524;4802
(rerunfilecheck)             After:  B1649DFF532E9FAD11858DBEB16142F8;11774.
 ) 
Here is how much of TeX's memory you used:
 30991 strings out of 473832
 668257 string characters out of 5729482
 1145705 words of memory out of 5000000
 53548 multiletter control sequences out of 15000+600000
 562924 words of font info for 76 fonts, out of 8000000 for 9000
 1348 hyphenation exceptions out of 8191
 121i,17n,124p,512b,971s stack positions out of 10000i,1000n,20000p,200000b,200000s

Output written on teacher_manual.pdf (70 pages).
